game_id,pfr_game_id,season,game_type,week,player,pfr_player_id,position,team,opponent,offense_snaps,offense_pct,defense_snaps,defense_pct,st_snaps,st_pct
2026_01_ARI_LAC,202609130sdg,2026,REG,1,Cole Strange,StraCo01,G,LAC,ARI,55,1,0,0,2,0.08
2026_01_ARI_LAC,202609130sdg,2026,REG,1,Joe Alt,AltxJo01,T,LAC,ARI,55,1,0,0,2,0.08
2026_01_ARI_LAC,202609130sdg,2026,REG,1,Rashawn Slater,SlatRa00,T,LAC,ARI,55,1,0,0,2,0.08
2026_01_ARI_LAC,202609130sdg,2026,REG,1,Jake Slaughter,SlauJa02,OL,LAC,ARI,55,1,0,0,2,0.08
2026_01_ARI_LAC,202609130sdg,2026,REG,1,Justin Herbert,HerbJu00,QB,LAC,ARI,55,1,0,0,0,0
2026_01_ARI_LAC,202609130sdg,2026,REG,1,Quentin Johnston,JohnQu02,WR,LAC,ARI,43,0.78,0,0,0,0
2026_01_ARI_LAC,202609130sdg,2026,REG,1,Tre Harris,HarrTr03,WR,LAC,ARI,41,0.75,0,0,9,0.38
2026_01_ARI_LAC,202609130sdg,2026,REG,1,Kayode Awosika,AwosKa00,G,LAC,ARI,35,0.64,0,0,2,0.08
2026_01_ARI_LAC,202609130sdg,2026,REG,1,Omarion Hampton,HampOm00,RB,LAC,ARI,32,0.58,0,0,0,0
2026_01_ARI_LAC,202609130sdg,2026,REG,1,Charlie Kolar,KolaCh00,TE,LAC,ARI,30,0.55,0,0,13,0.54
2026_01_ARI_LAC,202609130sdg,2026,REG,1,David Njoku,NjokDa00,TE,LAC,ARI,30,0.55,0,0,0,0
2026_01_ARI_LAC,202609130sdg,2026,REG,1,Ladd McConkey,McCoLa00,WR,LAC,ARI,27,0.49,0,0,0,0
2026_01_ARI_LAC,202609130sdg,2026,REG,1,Alec Ingold,IngoAl01,FB,LAC,ARI,21,0.38,0,0,9,0.38
2026_01_ARI_LAC,202609130sdg,2026,REG,1,Trey Pipkins,PipkTr00,T,LAC,ARI,20,0.36,0,0,2,0.08
2026_01_ARI_LAC,202609130sdg,2026,REG,1,Keaton Mitchell,MitcKe01,RB,LAC,ARI,17,0.31,0,0,5,0.21
2026_01_ARI_LAC,202609130sdg,2026,REG,1,Derius Davis,DaviDe02,WR,LAC,ARI,10,0.18,0,0,9,0.38
2026_01_ARI_LAC,202609130sdg,2026,REG,1,Oronde Gadsden II,GadsOr01,TE,LAC,ARI,10,0.18,0,0,8,0.33
2026_01_ARI_LAC,202609130sdg,2026,REG,1,Brenen Thompson,ThomBr07,WR,LAC,ARI,10,0.18,0,0,0,0
2026_01_ARI_LAC,202609130sdg,2026,REG,1,Kimani Vidal,VidaKi00,RB,LAC,ARI,4,0.07,0,0,1,0.04
2026_01_ARI_LAC,202609130sdg,2026,REG,1,Derwin James,JameDe00,S,LAC,ARI,0,0,75,1,0,0
2026_01_ARI_LAC,202609130sdg,2026,REG,1,Daiyan Henley,HenlDa00,LB,LAC,ARI,0,0,67,0.89,0,0
2026_01_ARI_LAC,202609130sdg,2026,REG,1,Tarheeb Still,StilTa00,CB,LAC,ARI,0,0,66,0.88,10,0.42
2026_01_ARI_LAC,202609130sdg,2026,REG,1,Cam Hart,HartCa00,CB,LAC,ARI,0,0,63,0.84,10,0.42
2026_01_ARI_LAC,202609130sdg,2026,REG,1,Tuli Tuipulotu,TuipTu00,LB,LAC,ARI,0,0,54,0.72,7,0.29
2026_01_ARI_LAC,202609130sdg,2026,REG,1,Elijah Molden,MoldEl00,DB,LAC,ARI,0,0,53,0.71,5,0.21
2026_01_ARI_LAC,202609130sdg,2026,REG,1,Donte Jackson,JackDo02,CB,LAC,ARI,0,0,51,0.68,1,0.04
2026_01_ARI_LAC,202609130sdg,2026,REG,1,Khalil Mack,MackKh00,LB,LAC,ARI,0,0,51,0.68,0,0
2026_01_ARI_LAC,202609130sdg,2026,REG,1,Justin Eboigbe,EboiJu00,DL,LAC,ARI,0,0,45,0.6,10,0.42
2026_01_ARI_LAC,202609130sdg,2026,REG,1,Del'Shawn Phillips,PhilDe00,LB,LAC,ARI,0,0,41,0.55,7,0.29
2026_01_ARI_LAC,202609130sdg,2026,REG,1,Dalvin Tomlinson,TomlDa00,DL,LAC,ARI,0,0,40,0.53,8,0.33
2026_01_ARI_LAC,202609130sdg,2026,REG,1,Jamaree Caldwell,CaldJa00,DL,LAC,ARI,0,0,40,0.53,8,0.33
2026_01_ARI_LAC,202609130sdg,2026,REG,1,Tony Jefferson,JeffTo00,S,LAC,ARI,0,0,39,0.52,4,0.17
2026_01_ARI_LAC,202609130sdg,2026,REG,1,Akheem Mesidor,MesiAk01,LB,LAC,ARI,0,0,35,0.47,13,0.54
2026_01_ARI_LAC,202609130sdg,2026,REG,1,Teair Tart,TartTe00,DL,LAC,ARI,0,0,31,0.41,0,0
2026_01_ARI_LAC,202609130sdg,2026,REG,1,Genesis Smith,SmitGe01,S,LAC,ARI,0,0,27,0.36,19,0.79
2026_01_ARI_LAC,202609130sdg,2026,REG,1,Bud Dupree,DuprAl00,LB,LAC,ARI,0,0,23,0.31,11,0.46
2026_01_ARI_LAC,202609130sdg,2026,REG,1,Troy Dye,DyexTr00,LB,LAC,ARI,0,0,15,0.2,22,0.92
2026_01_ARI_LAC,202609130sdg,2026,REG,1,Nick Barrett,BarrNi00,DL,LAC,ARI,0,0,8,0.11,0,0
2026_01_ARI_LAC,202609130sdg,2026,REG,1,Rodney Shelley,ShelRo00,CB,LAC,ARI,0,0,1,0.01,13,0.54
2026_01_ARI_LAC,202609130sdg,2026,REG,1,Kendall Williamson,WillKe07,S,LAC,ARI,0,0,0,0,16,0.67
2026_01_ARI_LAC,202609130sdg,2026,REG,1,Marlowe Wax,WaxxMa00,LB,LAC,ARI,0,0,0,0,14,0.58
2026_01_ARI_LAC,202609130sdg,2026,REG,1,JK Scott,ScotJK00,P,LAC,ARI,0,0,0,0,5,0.21
2026_01_ARI_LAC,202609130sdg,2026,REG,1,Josh Harris,HarrJo02,LS,LAC,ARI,0,0,0,0,5,0.21
2026_01_ARI_LAC,202609130sdg,2026,REG,1,Cameron Dicker,DickCa00,K,LAC,ARI,0,0,0,0,5,0.21
2026_01_ARI_LAC,202609130sdg,2026,REG,1,KeAndre Lambert-Smith,LambKe01,WR,LAC,ARI,0,0,0,0,2,0.08
2026_01_ARI_LAC,202609130sdg,2026,REG,1,Travis Burke,BurkTr01,T,LAC,ARI,0,0,0,0,2,0.08
2026_01_ARI_LAC,202609130sdg,2026,REG,1,Paris Johnson,JohnPa03,OL,ARI,LAC,75,1,0,0,7,0.29
2026_01_ARI_LAC,202609130sdg,2026,REG,1,Jon Gaines,GainJo00,OL,ARI,LAC,75,1,0,0,7,0.29
2026_01_ARI_LAC,202609130sdg,2026,REG,1,Elijah Wilkinson,WilkEl00,OL,ARI,LAC,75,1,0,0,7,0.29
2026_01_ARI_LAC,202609130sdg,2026,REG,1,Jacoby Brissett,BrisJa00,QB,ARI,LAC,75,1,0,0,0,0
2026_01_ARI_LAC,202609130sdg,2026,REG,1,Hjalte Froholdt,FrohHj00,OL,ARI,LAC,75,1,0,0,0,0
2026_01_ARI_LAC,202609130sdg,2026,REG,1,Isaac Seumalo,SeumIs00,OL,ARI,LAC,72,0.96,0,0,7,0.29
2026_01_ARI_LAC,202609130sdg,2026,REG,1,Michael Wilson,WilsMi02,WR,ARI,LAC,64,0.85,0,0,0,0
2026_01_ARI_LAC,202609130sdg,2026,REG,1,Trey McBride,McBrTr01,TE,ARI,LAC,60,0.8,0,0,0,0
2026_01_ARI_LAC,202609130sdg,2026,REG,1,Marvin Harrison Jr.,HarrMa09,WR,ARI,LAC,59,0.79,0,0,0,0
2026_01_ARI_LAC,202609130sdg,2026,REG,1,Kendrick Bourne,BourKe00,WR,ARI,LAC,50,0.67,0,0,0,0
2026_01_ARI_LAC,202609130sdg,2026,REG,1,Tyler Allgeier,AllgTy00,RB,ARI,LAC,44,0.59,0,0,0,0
2026_01_ARI_LAC,202609130sdg,2026,REG,1,Jeremiyah Love,LoveJe00,RB,ARI,LAC,32,0.43,0,0,0,0
2026_01_ARI_LAC,202609130sdg,2026,REG,1,Hunter Long,LongHu00,TE,ARI,LAC,26,0.35,0,0,13,0.54
2026_01_ARI_LAC,202609130sdg,2026,REG,1,Elijah Higgins,HiggEl00,TE,ARI,LAC,20,0.27,0,0,6,0.25
2026_01_ARI_LAC,202609130sdg,2026,REG,1,Jayden Williams,WillJa16,OL,ARI,LAC,7,0.09,0,0,7,0.29
2026_01_ARI_LAC,202609130sdg,2026,REG,1,Simi Fehoko,FehoSi00,WR,ARI,LAC,6,0.08,0,0,15,0.62
2026_01_ARI_LAC,202609130sdg,2026,REG,1,Jalen Brooks,BrooJa03,WR,ARI,LAC,4,0.05,0,0,3,0.12
2026_01_ARI_LAC,202609130sdg,2026,REG,1,Hayden Conner,ConnHa00,OL,ARI,LAC,3,0.04,0,0,7,0.29
2026_01_ARI_LAC,202609130sdg,2026,REG,1,Zonovan Knight,KnigZo00,RB,ARI,LAC,3,0.04,0,0,3,0.12
2026_01_ARI_LAC,202609130sdg,2026,REG,1,Andrew Wingard,WingAn01,S,ARI,LAC,0,0,55,1,3,0.12
2026_01_ARI_LAC,202609130sdg,2026,REG,1,Mack Wilson,WilsMa03,LB,ARI,LAC,0,0,55,1,0,0
2026_01_ARI_LAC,202609130sdg,2026,REG,1,Budda Baker,BakeBu00,S,ARI,LAC,0,0,55,1,0,0
2026_01_ARI_LAC,202609130sdg,2026,REG,1,Jack Gibbens,GibbJa00,LB,ARI,LAC,0,0,54,0.98,11,0.46
2026_01_ARI_LAC,202609130sdg,2026,REG,1,Will Johnson,JohnWi02,CB,ARI,LAC,0,0,53,0.96,1,0.04
2026_01_ARI_LAC,202609130sdg,2026,REG,1,Denzel Burke,BurkDe01,CB,ARI,LAC,0,0,44,0.8,8,0.33
2026_01_ARI_LAC,202609130sdg,2026,REG,1,Walter Nolen,NoleWa00,DL,ARI,LAC,0,0,36,0.65,0,0
2026_01_ARI_LAC,202609130sdg,2026,REG,1,Dante Stills,StilDa01,DT,ARI,LAC,0,0,32,0.58,2,0.08
2026_01_ARI_LAC,202609130sdg,2026,REG,1,Josh Sweat,SweaJo00,LB,ARI,LAC,0,0,29,0.53,0,0
2026_01_ARI_LAC,202609130sdg,2026,REG,1,Zaven Collins,CollZa00,LB,ARI,LAC,0,0,27,0.49,5,0.21
2026_01_ARI_LAC,202609130sdg,2026,REG,1,Baron Browning,BrowBa01,LB,ARI,LAC,0,0,27,0.49,2,0.08
2026_01_ARI_LAC,202609130sdg,2026,REG,1,Roy Lopez,LopeRo00,DL,ARI,LAC,0,0,26,0.47,0,0
2026_01_ARI_LAC,202609130sdg,2026,REG,1,Max Melton,MeltMa00,CB,ARI,LAC,0,0,24,0.44,7,0.29
2026_01_ARI_LAC,202609130sdg,2026,REG,1,Jordan Burch,BurcJo00,LB,ARI,LAC,0,0,21,0.38,14,0.58
2026_01_ARI_LAC,202609130sdg,2026,REG,1,Darius Robinson,RobiDa01,DL,ARI,LAC,0,0,19,0.35,2,0.08
2026_01_ARI_LAC,202609130sdg,2026,REG,1,L.J. Collier,CollLJ00,DL,ARI,LAC,0,0,19,0.35,2,0.08
2026_01_ARI_LAC,202609130sdg,2026,REG,1,Kei'Trel Clark,ClarKe02,CB,ARI,LAC,0,0,9,0.16,4,0.17
2026_01_ARI_LAC,202609130sdg,2026,REG,1,Eku Leota,LeotEk00,LB,ARI,LAC,0,0,8,0.15,12,0.5
2026_01_ARI_LAC,202609130sdg,2026,REG,1,Kitan Crawford,CrawKi00,S,ARI,LAC,0,0,7,0.13,14,0.58
2026_01_ARI_LAC,202609130sdg,2026,REG,1,Kalen King,KingKa00,CB,ARI,LAC,0,0,5,0.09,9,0.38
2026_01_ARI_LAC,202609130sdg,2026,REG,1,Cody Simon,SimoCo01,LB,ARI,LAC,0,0,0,0,17,0.71
2026_01_ARI_LAC,202609130sdg,2026,REG,1,Karson Sharar,SharKa00,LB,ARI,LAC,0,0,0,0,17,0.71
2026_01_ARI_LAC,202609130sdg,2026,REG,1,Chad Ryland,RylaCh00,K,ARI,LAC,0,0,0,0,13,0.54
2026_01_ARI_LAC,202609130sdg,2026,REG,1,Casey Kreiter,KreiCa00,LS,ARI,LAC,0,0,0,0,10,0.42
2026_01_ARI_LAC,202609130sdg,2026,REG,1,Blake Gillikin,GillBl00,P,ARI,LAC,0,0,0,0,10,0.42
2026_01_ARI_LAC,202609130sdg,2026,REG,1,Josh Fryar,FryaJo00,OL,ARI,LAC,0,0,0,0,7,0.29
2026_01_ARI_LAC,202609130sdg,2026,REG,1,Devin Duvernay,DuveDe00,WR,ARI,LAC,0,0,0,0,6,0.25
2026_01_ARI_LAC,202609130sdg,2026,REG,1,Wydett Williams,WillWy00,S,ARI,LAC,0,0,0,0,5,0.21
2026_01_ATL_PIT,202609130pit,2026,REG,1,Mason McCormick,McCoMa00,G,PIT,ATL,67,1,0,0,6,0.2
2026_01_ATL_PIT,202609130pit,2026,REG,1,Dylan Cook,CookDy00,T,PIT,ATL,67,1,0,0,6,0.2
2026_01_ATL_PIT,202609130pit,2026,REG,1,Spencer Anderson,AndeSp00,OL,PIT,ATL,67,1,0,0,0,0
2026_01_ATL_PIT,202609130pit,2026,REG,1,Aaron Rodgers,RodgAa00,QB,PIT,ATL,67,1,0,0,0,0
2026_01_ATL_PIT,202609130pit,2026,REG,1,Zach Frazier,FrazZa00,C,PIT,ATL,67,1,0,0,0,0
2026_01_ATL_PIT,202609130pit,2026,REG,1,Troy Fautanu,FautTr00,T,PIT,ATL,66,0.99,0,0,0,0
2026_01_ATL_PIT,202609130pit,2026,REG,1,D.K. Metcalf,MetcDK00,WR,PIT,ATL,64,0.96,0,0,0,0
2026_01_ATL_PIT,202609130pit,2026,REG,1,Michael Pittman Jr.,PittMi01,WR,PIT,ATL,59,0.88,0,0,0,0
2026_01_ATL_PIT,202609130pit,2026,REG,1,Pat Freiermuth,FreiPa00,TE,PIT,ATL,49,0.73,0,0,4,0.13
2026_01_ATL_PIT,202609130pit,2026,REG,1,Darnell Washington,WashDa03,TE,PIT,ATL,43,0.64,0,0,6,0.2
2026_01_ATL_PIT,202609130pit,2026,REG,1,Rico Dowdle,DowdRi01,RB,PIT,ATL,39,0.58,0,0,0,0
2026_01_ATL_PIT,202609130pit,2026,REG,1,Roman Wilson,WilsRo02,WR,PIT,ATL,37,0.55,0,0,0,0
2026_01_ATL_PIT,202609130pit,2026,REG,1,Jaylen Warren,WarrJa01,RB,PIT,ATL,25,0.37,0,0,0,0
2026_01_ATL_PIT,202609130pit,2026,REG,1,Riley Nowakowski,NowaRi00,FB,PIT,ATL,8,0.12,0,0,17,0.57
2026_01_ATL_PIT,202609130pit,2026,REG,1,Jalen Ramsey,RamsJa00,CB,PIT,ATL,3,0.04,60,1,0,0
2026_01_ATL_PIT,202609130pit,2026,REG,1,Eli Heidenreich,HeidEl00,RB,PIT,ATL,3,0.04,0,0,13,0.43
2026_01_ATL_PIT,202609130pit,2026,REG,1,Germie Bernard,BernGe00,WR,PIT,ATL,3,0.04,0,0,4,0.13
2026_01_ATL_PIT,202609130pit,2026,REG,1,Robert Tonyan,TonyRo00,TE,PIT,ATL,2,0.03,0,0,4,0.13
2026_01_ATL_PIT,202609130pit,2026,REG,1,Max Iheanachor,IheaMa00,T,PIT,ATL,1,0.01,0,0,0,0
2026_01_ATL_PIT,202609130pit,2026,REG,1,Asante Samuel Jr.,SamuAs00,CB,PIT,ATL,0,0,60,1,0,0
2026_01_ATL_PIT,202609130pit,2026,REG,1,Patrick Queen,QueePa00,LB,PIT,ATL,0,0,60,1,0,0
2026_01_ATL_PIT,202609130pit,2026,REG,1,Jaquan Brisker,BrisJa01,S,PIT,ATL,0,0,60,1,0,0
2026_01_ATL_PIT,202609130pit,2026,REG,1,Jamel Dean,DeanJa00,CB,PIT,ATL,0,0,59,0.98,0,0
2026_01_ATL_PIT,202609130pit,2026,REG,1,Payton Wilson,WilsPa00,LB,PIT,ATL,0,0,57,0.95,5,0.17
2026_01_ATL_PIT,202609130pit,2026,REG,1,Alex Highsmith,HighAl02,LB,PIT,ATL,0,0,41,0.68,0,0
2026_01_ATL_PIT,202609130pit,2026,REG,1,Nick Herbig,HerbNi00,LB,PIT,ATL,0,0,39,0.65,11,0.37
2026_01_ATL_PIT,202609130pit,2026,REG,1,T.J. Watt,WattT.00,LB,PIT,ATL,0,0,38,0.63,0,0
2026_01_ATL_PIT,202609130pit,2026,REG,1,Keeanu Benton,BentKe00,DT,PIT,ATL,0,0,35,0.58,1,0.03
2026_01_ATL_PIT,202609130pit,2026,REG,1,Cameron Heyward,HeywCa01,DT,PIT,ATL,0,0,32,0.53,11,0.37
2026_01_ATL_PIT,202609130pit,2026,REG,1,Rayshawn Jenkins,JenkRa00,S,PIT,ATL,0,0,31,0.52,10,0.33
2026_01_ATL_PIT,202609130pit,2026,REG,1,Derrick Harmon,HarmDe01,DT,PIT,ATL,0,0,24,0.4,12,0.4
2026_01_ATL_PIT,202609130pit,2026,REG,1,Jack Sawyer,SawyJa00,LB,PIT,ATL,0,0,23,0.38,24,0.8
2026_01_ATL_PIT,202609130pit,2026,REG,1,Yahya Black,BlacYa00,DL,PIT,ATL,0,0,18,0.3,13,0.43
2026_01_ATL_PIT,202609130pit,2026,REG,1,Cole Holcomb,HolcCo00,LB,PIT,ATL,0,0,3,0.05,17,0.57
2026_01_ATL_PIT,202609130pit,2026,REG,1,Daylen Everette,EverDa00,CB,PIT,ATL,0,0,1,0.02,16,0.53
2026_01_ATL_PIT,202609130pit,2026,REG,1,Carson Bruener,BrueCa00,LB,PIT,ATL,0,0,0,0,24,0.8
2026_01_ATL_PIT,202609130pit,2026,REG,1,Robert Spears-Jennings,SpeaRo01,S,PIT,ATL,0,0,0,0,23,0.77
2026_01_ATL_PIT,202609130pit,2026,REG,1,Brandin Echols,EchoBr00,CB,PIT,ATL,0,0,0,0,20,0.67
2026_01_ATL_PIT,202609130pit,2026,REG,1,Ben Skowronek,SkowBe00,WR,PIT,ATL,0,0,0,0,18,0.6
2026_01_ATL_PIT,202609130pit,2026,REG,1,Chris Boswell,BoswCh00,K,PIT,ATL,0,0,0,0,11,0.37
2026_01_ATL_PIT,202609130pit,2026,REG,1,Christian Kuntz,KuntCh02,LS,PIT,ATL,0,0,0,0,10,0.33
2026_01_ATL_PIT,202609130pit,2026,REG,1,Kaden Wetjen,WetjKa00,WR,PIT,ATL,0,0,0,0,10,0.33
2026_01_ATL_PIT,202609130pit,2026,REG,1,Cameron Johnston,JohnCa02,P,PIT,ATL,0,0,0,0,10,0.33
2026_01_ATL_PIT,202609130pit,2026,REG,1,Brock Hoffman,HoffBr00,G,PIT,ATL,0,0,0,0,6,0.2
2026_01_ATL_PIT,202609130pit,2026,REG,1,Ryan McCollum,McCoRy00,C,PIT,ATL,0,0,0,0,6,0.2
2026_01_ATL_PIT,202609130pit,2026,REG,1,Doneiko Slaughter,SlauDo00,DB,PIT,ATL,0,0,0,0,5,0.17
2026_01_ATL_PIT,202609130pit,2026,REG,1,Jake Matthews,MattJa00,T,ATL,PIT,60,1,0,0,5,0.17
2026_01_ATL_PIT,202609130pit,2026,REG,1,Matthew Bergeron,BergMa00,OL,ATL,PIT,60,1,0,0,5,0.17
2026_01_ATL_PIT,202609130pit,2026,REG,1,Jawaan Taylor,TaylJa02,T,ATL,PIT,60,1,0,0,1,0.03
2026_01_ATL_PIT,202609130pit,2026,REG,1,Ryan Neuzil,NeuzRy00,OL,ATL,PIT,60,1,0,0,1,0.03
2026_01_ATL_PIT,202609130pit,2026,REG,1,Cooper Rush,RushCo00,QB,ATL,PIT,60,1,0,0,0,0
2026_01_ATL_PIT,202609130pit,2026,REG,1,Drake London,LondDr00,WR,ATL,PIT,59,0.98,0,0,0,0
2026_01_ATL_PIT,202609130pit,2026,REG,1,Chris Lindstrom,LindCh00,G,ATL,PIT,51,0.85,0,0,4,0.13
2026_01_ATL_PIT,202609130pit,2026,REG,1,Bijan Robinson,RobiBi01,RB,ATL,PIT,46,0.77,0,0,0,0
2026_01_ATL_PIT,202609130pit,2026,REG,1,Kyle Pitts,PittKy00,TE,ATL,PIT,38,0.63,0,0,0,0
2026_01_ATL_PIT,202609130pit,2026,REG,1,Jahan Dotson,DotsJa00,WR,ATL,PIT,38,0.63,0,0,0,0
2026_01_ATL_PIT,202609130pit,2026,REG,1,Charlie Woerner,WoerCh00,TE,ATL,PIT,37,0.62,0,0,16,0.53
2026_01_ATL_PIT,202609130pit,2026,REG,1,Zachariah Branch,BranZa00,WR,ATL,PIT,18,0.3,0,0,6,0.2
2026_01_ATL_PIT,202609130pit,2026,REG,1,Olamide Zaccheaus,ZaccOl01,WR,ATL,PIT,18,0.3,0,0,5,0.17
2026_01_ATL_PIT,202609130pit,2026,REG,1,Brian Robinson Jr.,RobiBr01,RB,ATL,PIT,15,0.25,0,0,3,0.1
2026_01_ATL_PIT,202609130pit,2026,REG,1,Austin Hooper,HoopAu00,TE,ATL,PIT,14,0.23,0,0,5,0.17
2026_01_ATL_PIT,202609130pit,2026,REG,1,Chris Blair,BlaiCh00,WR,ATL,PIT,10,0.17,0,0,12,0.4
2026_01_ATL_PIT,202609130pit,2026,REG,1,Kyle Hinton,HintKy00,OL,ATL,PIT,9,0.15,0,0,5,0.17
2026_01_ATL_PIT,202609130pit,2026,REG,1,Nick Muse,MuseNi00,TE,ATL,PIT,5,0.08,0,0,23,0.77
2026_01_ATL_PIT,202609130pit,2026,REG,1,Michael Jerrell,JerrMi00,OL,ATL,PIT,2,0.03,0,0,4,0.13
2026_01_ATL_PIT,202609130pit,2026,REG,1,Divine Deablo,DeabDi00,LB,ATL,PIT,0,0,67,1,12,0.4
2026_01_ATL_PIT,202609130pit,2026,REG,1,Xavier Watts,WattXa00,S,ATL,PIT,0,0,67,1,4,0.13
2026_01_ATL_PIT,202609130pit,2026,REG,1,Mike Hughes,HughMi00,CB,ATL,PIT,0,0,67,1,0,0
2026_01_ATL_PIT,202609130pit,2026,REG,1,Jessie Bates III,BateJe00,S,ATL,PIT,0,0,67,1,0,0
2026_01_ATL_PIT,202609130pit,2026,REG,1,AJ Terrell,TerrAJ00,CB,ATL,PIT,0,0,62,0.93,0,0
2026_01_ATL_PIT,202609130pit,2026,REG,1,Kendal Daniels,DaniKe00,LB,ATL,PIT,0,0,45,0.67,14,0.47
2026_01_ATL_PIT,202609130pit,2026,REG,1,Brandon Dorlus,DorlBr00,DL,ATL,PIT,0,0,41,0.61,6,0.2
2026_01_ATL_PIT,202609130pit,2026,REG,1,Gervon Dexter,DextGe00,DT,ATL,PIT,0,0,39,0.58,7,0.23
2026_01_ATL_PIT,202609130pit,2026,REG,1,Samson Ebukam,EbukSa00,DE,ATL,PIT,0,0,39,0.58,0,0
2026_01_ATL_PIT,202609130pit,2026,REG,1,Maason Smith,SmitMa07,DL,ATL,PIT,0,0,38,0.57,7,0.23
2026_01_ATL_PIT,202609130pit,2026,REG,1,LaCale London,LondLa00,DL,ATL,PIT,0,0,34,0.51,7,0.23
2026_01_ATL_PIT,202609130pit,2026,REG,1,Cameron Thomas,ThomCa03,DE,ATL,PIT,0,0,34,0.51,0,0
2026_01_ATL_PIT,202609130pit,2026,REG,1,Sydney Brown,BrowSy00,DB,ATL,PIT,0,0,29,0.43,20,0.67
2026_01_ATL_PIT,202609130pit,2026,REG,1,Harold Perkins,PerkHa01,LB,ATL,PIT,0,0,23,0.34,15,0.5
2026_01_ATL_PIT,202609130pit,2026,REG,1,Avieon Terrell,TerrAv00,CB,ATL,PIT,0,0,23,0.34,0,0
2026_01_ATL_PIT,202609130pit,2026,REG,1,Jared Ivey,IveyJa00,LB,ATL,PIT,0,0,18,0.27,0,0
2026_01_ATL_PIT,202609130pit,2026,REG,1,Za'Darius Smith,SmitZa00,DE,ATL,PIT,0,0,16,0.24,0,0
2026_01_ATL_PIT,202609130pit,2026,REG,1,Bralen Trice,TricBr00,DE,ATL,PIT,0,0,14,0.21,4,0.13
2026_01_ATL_PIT,202609130pit,2026,REG,1,Da'Shawn Hand,HandDa00,DT,ATL,PIT,0,0,7,0.1,0,0
2026_01_ATL_PIT,202609130pit,2026,REG,1,C.J. Henderson,HendCJ00,CB,ATL,PIT,0,0,5,0.07,10,0.33
2026_01_ATL_PIT,202609130pit,2026,REG,1,Yasir Abdullah,AbduYa00,LB,ATL,PIT,0,0,2,0.03,18,0.6
2026_01_ATL_PIT,202609130pit,2026,REG,1,Mike Ford,FordMi01,CB,ATL,PIT,0,0,0,0,25,0.83
2026_01_ATL_PIT,202609130pit,2026,REG,1,Josh Woods,WoodJo02,LB,ATL,PIT,0,0,0,0,25,0.83
2026_01_ATL_PIT,202609130pit,2026,REG,1,DeMarcco Hellams,HellDe00,S,ATL,PIT,0,0,0,0,25,0.83
2026_01_ATL_PIT,202609130pit,2026,REG,1,Jake Bailey,BailJa00,P,ATL,PIT,0,0,0,0,12,0.4
2026_01_ATL_PIT,202609130pit,2026,REG,1,Liam McCullough,McCuLi00,LS,ATL,PIT,0,0,0,0,11,0.37
2026_01_ATL_PIT,202609130pit,2026,REG,1,Nick Folk,FolkNi20,K,ATL,PIT,0,0,0,0,8,0.27
2026_01_ATL_PIT,202609130pit,2026,REG,1,Corey Levin,LeviCo00,C,ATL,PIT,0,0,0,0,5,0.17
2026_01_BAL_IND,202609130clt,2026,REG,1,Matt Goncalves,GoncMa00,G,IND,BAL,54,1,0,0,4,0.13
2026_01_BAL_IND,202609130clt,2026,REG,1,Jalen Travis,TravJa00,T,IND,BAL,54,1,0,0,4,0.13
2026_01_BAL_IND,202609130clt,2026,REG,1,Daniel Jones,JoneDa05,QB,IND,BAL,54,1,0,0,0,0
2026_01_BAL_IND,202609130clt,2026,REG,1,Tanor Bortolini,BortTa00,C,IND,BAL,54,1,0,0,0,0
2026_01_BAL_IND,202609130clt,2026,REG,1,Quenton Nelson,NelsQu00,G,IND,BAL,54,1,0,0,0,0
2026_01_BAL_IND,202609130clt,2026,REG,1,Bernhard Raimann,RaimBe00,T,IND,BAL,54,1,0,0,0,0
2026_01_BAL_IND,202609130clt,2026,REG,1,Tyler Warren,WarrTy00,TE,IND,BAL,50,0.93,0,0,0,0
2026_01_BAL_IND,202609130clt,2026,REG,1,Josh Downs,DownJo00,WR,IND,BAL,48,0.89,0,0,3,0.1
2026_01_BAL_IND,202609130clt,2026,REG,1,Jonathan Taylor,TaylJo02,RB,IND,BAL,48,0.89,0,0,0,0
2026_01_BAL_IND,202609130clt,2026,REG,1,Keenan Allen,AlleKe00,WR,IND,BAL,36,0.67,0,0,0,0
2026_01_BAL_IND,202609130clt,2026,REG,1,Alec Pierce,PierAl00,WR,IND,BAL,32,0.59,0,0,0,0
2026_01_BAL_IND,202609130clt,2026,REG,1,Laquon Treadwell,TreaLa00,WR,IND,BAL,19,0.35,0,0,20,0.65
2026_01_BAL_IND,202609130clt,2026,REG,1,Mo Alie-Cox,AlieMo00,TE,IND,BAL,14,0.26,0,0,11,0.35
2026_01_BAL_IND,202609130clt,2026,REG,1,Ashton Dulin,DuliAs00,WR,IND,BAL,10,0.19,0,0,19,0.61
2026_01_BAL_IND,202609130clt,2026,REG,1,Andrew Ogletree,OgleAn00,TE,IND,BAL,6,0.11,0,0,18,0.58
2026_01_BAL_IND,202609130clt,2026,REG,1,Seth McGowan,McGoSe01,RB,IND,BAL,6,0.11,0,0,7,0.23
2026_01_BAL_IND,202609130clt,2026,REG,1,Luke Tenuta,TenuLu00,T,IND,BAL,1,0.02,0,0,4,0.13
2026_01_BAL_IND,202609130clt,2026,REG,1,Camryn Bynum,BynuCa00,S,IND,BAL,0,0,68,1,7,0.23
2026_01_BAL_IND,202609130clt,2026,REG,1,Sauce Gardner,GardSa00,CB,IND,BAL,0,0,68,1,4,0.13
2026_01_BAL_IND,202609130clt,2026,REG,1,A.J. Haulcy,HaulAJ00,S,IND,BAL,0,0,67,0.99,0,0
2026_01_BAL_IND,202609130clt,2026,REG,1,Charvarius Ward,WardCh01,CB,IND,BAL,0,0,65,0.96,0,0
2026_01_BAL_IND,202609130clt,2026,REG,1,Akeem Davis-Gaither,DaviAk01,LB,IND,BAL,0,0,64,0.94,6,0.19
2026_01_BAL_IND,202609130clt,2026,REG,1,Laiatu Latu,LatuLa00,DE,IND,BAL,0,0,57,0.84,0,0
2026_01_BAL_IND,202609130clt,2026,REG,1,DeForest Buckner,BuckDe00,DT,IND,BAL,0,0,51,0.75,0,0
2026_01_BAL_IND,202609130clt,2026,REG,1,Arden Key,KeyxAr00,DE,IND,BAL,0,0,48,0.71,7,0.23
2026_01_BAL_IND,202609130clt,2026,REG,1,Grover Stewart,StewGr00,DT,IND,BAL,0,0,43,0.63,11,0.35
2026_01_BAL_IND,202609130clt,2026,REG,1,Jaylon Carlies,CarlJa01,LB,IND,BAL,0,0,42,0.62,6,0.19
2026_01_BAL_IND,202609130clt,2026,REG,1,Justin Walley,WallJu00,CB,IND,BAL,0,0,39,0.57,7,0.23
2026_01_BAL_IND,202609130clt,2026,REG,1,Jerry Tillery,TillJe00,DT,IND,BAL,0,0,36,0.53,7,0.23
2026_01_BAL_IND,202609130clt,2026,REG,1,Bryce Boettcher,BoetBr00,LB,IND,BAL,0,0,23,0.34,15,0.48
2026_01_BAL_IND,202609130clt,2026,REG,1,JT Tuimoloau,TuimJT00,DE,IND,BAL,0,0,23,0.34,13,0.42
2026_01_BAL_IND,202609130clt,2026,REG,1,Adetomiwa Adebawore,AdebAd00,DT,IND,BAL,0,0,18,0.26,24,0.77
2026_01_BAL_IND,202609130clt,2026,REG,1,Micheal Clemons,ClemMi03,DE,IND,BAL,0,0,14,0.21,0,0
2026_01_BAL_IND,202609130clt,2026,REG,1,Tim Smith,SmitTi02,DT,IND,BAL,0,0,13,0.19,0,0
2026_01_BAL_IND,202609130clt,2026,REG,1,Kenneth Harris,HarrKe03,CB,IND,BAL,0,0,4,0.06,3,0.1
2026_01_BAL_IND,202609130clt,2026,REG,1,Caden Curry,CurrCa00,DE,IND,BAL,0,0,3,0.04,20,0.65
2026_01_BAL_IND,202609130clt,2026,REG,1,Jonathan Owens,OwenJo01,S,IND,BAL,0,0,2,0.03,27,0.87
2026_01_BAL_IND,202609130clt,2026,REG,1,Tahj Chambers,ChamTa00,LB,IND,BAL,0,0,0,0,27,0.87
2026_01_BAL_IND,202609130clt,2026,REG,1,Hunter Wohler,WohlHu00,S,IND,BAL,0,0,0,0,15,0.48
2026_01_BAL_IND,202609130clt,2026,REG,1,Kapena Gushiken,GushKa00,CB,IND,BAL,0,0,0,0,11,0.35
2026_01_BAL_IND,202609130clt,2026,REG,1,Spencer Shrader,ShraSp00,K,IND,BAL,0,0,0,0,9,0.29
2026_01_BAL_IND,202609130clt,2026,REG,1,Rigoberto Sanchez,SancRi00,P,IND,BAL,0,0,0,0,9,0.29
2026_01_BAL_IND,202609130clt,2026,REG,1,Luke Rhodes,RhodLu00,LS,IND,BAL,0,0,0,0,9,0.29
2026_01_BAL_IND,202609130clt,2026,REG,1,Deion Burks,BurkDe02,WR,IND,BAL,0,0,0,0,6,0.19
2026_01_BAL_IND,202609130clt,2026,REG,1,Sedrick Van Pran-Granger,VanPSe00,C,IND,BAL,0,0,0,0,4,0.13
2026_01_BAL_IND,202609130clt,2026,REG,1,Jalen Farmer,FarmJa00,G,IND,BAL,0,0,0,0,4,0.13
2026_01_BAL_IND,202609130clt,2026,REG,1,John Simpson,SimpJo00,G,BAL,IND,68,1,0,0,7,0.23
2026_01_BAL_IND,202609130clt,2026,REG,1,Roger Rosengarten,RoseRo01,T,BAL,IND,68,1,0,0,7,0.23
2026_01_BAL_IND,202609130clt,2026,REG,1,Olaivavega Ioane,IoanOl00,G,BAL,IND,68,1,0,0,7,0.23
2026_01_BAL_IND,202609130clt,2026,REG,1,Ronnie Stanley,StanRo00,T,BAL,IND,68,1,0,0,0,0
2026_01_BAL_IND,202609130clt,2026,REG,1,Lamar Jackson,JackLa00,QB,BAL,IND,68,1,0,0,0,0
2026_01_BAL_IND,202609130clt,2026,REG,1,Jovaughn Gwyn,GwynJo00,OL,BAL,IND,68,1,0,0,0,0
2026_01_BAL_IND,202609130clt,2026,REG,1,Rashod Bateman,BateRa00,WR,BAL,IND,53,0.78,0,0,0,0
2026_01_BAL_IND,202609130clt,2026,REG,1,Mark Andrews,AndrMa00,TE,BAL,IND,49,0.72,0,0,0,0
2026_01_BAL_IND,202609130clt,2026,REG,1,Durham Smythe,SmytDu00,TE,BAL,IND,42,0.62,0,0,8,0.26
2026_01_BAL_IND,202609130clt,2026,REG,1,Derrick Henry,HenrDe00,RB,BAL,IND,37,0.54,0,0,0,0
2026_01_BAL_IND,202609130clt,2026,REG,1,Justice Hill,HillJu00,RB,BAL,IND,31,0.46,0,0,1,0.03
2026_01_BAL_IND,202609130clt,2026,REG,1,Ja'Kobi Lane,LaneJa01,WR,BAL,IND,27,0.4,0,0,0,0
2026_01_BAL_IND,202609130clt,2026,REG,1,Chris Moore,MoorCh00,WR,BAL,IND,25,0.37,0,0,16,0.52
2026_01_BAL_IND,202609130clt,2026,REG,1,Matthew Hibner,HibnMa00,TE,BAL,IND,23,0.34,0,0,9,0.29
2026_01_BAL_IND,202609130clt,2026,REG,1,LaJohntay Wester,WestLa01,WR,BAL,IND,20,0.29,0,0,9,0.29
2026_01_BAL_IND,202609130clt,2026,REG,1,Zay Flowers,FlowZa00,WR,BAL,IND,20,0.29,0,0,0,0
2026_01_BAL_IND,202609130clt,2026,REG,1,Carson Vinson,VinsCa00,T,BAL,IND,7,0.1,0,0,7,0.23
2026_01_BAL_IND,202609130clt,2026,REG,1,Josh Cuevas,CuevJo00,TE,BAL,IND,6,0.09,0,0,8,0.26
2026_01_BAL_IND,202609130clt,2026,REG,1,Malaki Starks,StarMa00,S,BAL,IND,0,0,54,1,12,0.39
2026_01_BAL_IND,202609130clt,2026,REG,1,Nate Wiggins,WiggNa00,CB,BAL,IND,0,0,54,1,0,0
2026_01_BAL_IND,202609130clt,2026,REG,1,Kyle Hamilton,HamiKy00,S,BAL,IND,0,0,54,1,0,0
2026_01_BAL_IND,202609130clt,2026,REG,1,Roquan Smith,SmitRo07,LB,BAL,IND,0,0,54,1,0,0
2026_01_BAL_IND,202609130clt,2026,REG,1,Jaylinn Hawkins,HawkJa00,S,BAL,IND,0,0,52,0.96,6,0.19
2026_01_BAL_IND,202609130clt,2026,REG,1,Marlon Humphrey,HumpMa00,CB,BAL,IND,0,0,48,0.89,0,0
2026_01_BAL_IND,202609130clt,2026,REG,1,Tavius Robinson,RobiTa00,LB,BAL,IND,0,0,44,0.81,17,0.55
2026_01_BAL_IND,202609130clt,2026,REG,1,Trey Hendrickson,HendTr00,LB,BAL,IND,0,0,40,0.74,0,0
2026_01_BAL_IND,202609130clt,2026,REG,1,Trenton Simpson,SimpTr00,LB,BAL,IND,0,0,32,0.59,11,0.35
2026_01_BAL_IND,202609130clt,2026,REG,1,Travis Jones,JoneTr00,DL,BAL,IND,0,0,31,0.57,12,0.39
2026_01_BAL_IND,202609130clt,2026,REG,1,Calais Campbell,CampCa99,DL,BAL,IND,0,0,29,0.54,11,0.35
2026_01_BAL_IND,202609130clt,2026,REG,1,Keyon Martin,MartKe03,CB,BAL,IND,0,0,23,0.43,16,0.52
2026_01_BAL_IND,202609130clt,2026,REG,1,Broderick Washington Jr.,WashBr01,DL,BAL,IND,0,0,21,0.39,5,0.16
2026_01_BAL_IND,202609130clt,2026,REG,1,Mike Green,GreeMi02,LB,BAL,IND,0,0,17,0.31,7,0.23
2026_01_BAL_IND,202609130clt,2026,REG,1,John Jenkins,JenkJo00,NT,BAL,IND,0,0,13,0.24,0,0
2026_01_BAL_IND,202609130clt,2026,REG,1,Zion Young,YounZi00,LB,BAL,IND,0,0,12,0.22,9,0.29
2026_01_BAL_IND,202609130clt,2026,REG,1,Aeneas Peebles,PeebAe00,DL,BAL,IND,0,0,10,0.19,0,0
2026_01_BAL_IND,202609130clt,2026,REG,1,Chidobe Awuzie,AwuzCh00,CB,BAL,IND,0,0,6,0.11,8,0.26
2026_01_BAL_IND,202609130clt,2026,REG,1,Keondre Jackson,JackKe03,S,BAL,IND,0,0,0,0,24,0.77
2026_01_BAL_IND,202609130clt,2026,REG,1,Jay Higgins,HiggJa01,LB,BAL,IND,0,0,0,0,24,0.77
2026_01_BAL_IND,202609130clt,2026,REG,1,Ethan Burke,BurkEt00,LB,BAL,IND,0,0,0,0,21,0.68
2026_01_BAL_IND,202609130clt,2026,REG,1,Carl Jones,JoneCa05,LB,BAL,IND,0,0,0,0,19,0.61
2026_01_BAL_IND,202609130clt,2026,REG,1,Tyler Loop,LoopTy00,K,BAL,IND,0,0,0,0,14,0.45
2026_01_BAL_IND,202609130clt,2026,REG,1,Rasheen Ali,AlixRa00,RB,BAL,IND,0,0,0,0,14,0.45
2026_01_BAL_IND,202609130clt,2026,REG,1,Nick Moore,MoorNi00,LS,BAL,IND,0,0,0,0,10,0.32
2026_01_BAL_IND,202609130clt,2026,REG,1,Ryan Eckley,EcklRy00,P,BAL,IND,0,0,0,0,10,0.32
2026_01_BAL_IND,202609130clt,2026,REG,1,Andrew Vorhees,VorhAn00,G,BAL,IND,0,0,0,0,7,0.23
2026_01_BAL_IND,202609130clt,2026,REG,1,T.J. Tampa,TampTJ00,CB,BAL,IND,0,0,0,0,5,0.16
2026_01_BUF_HOU,202609130htx,2026,REG,1,Keylan Rutledge,RutlKe01,C,HOU,BUF,79,1,0,0,5,0.16
2026_01_BUF_HOU,202609130htx,2026,REG,1,Aireontae Ersery,ErseAi00,T,HOU,BUF,79,1,0,0,5,0.16
2026_01_BUF_HOU,202609130htx,2026,REG,1,Ed Ingram,IngrEd00,G,HOU,BUF,79,1,0,0,5,0.16
2026_01_BUF_HOU,202609130htx,2026,REG,1,Trent Brown,BrowTr02,T,HOU,BUF,79,1,0,0,5,0.16
2026_01_BUF_HOU,202609130htx,2026,REG,1,C.J. Stroud,StroCJ00,QB,HOU,BUF,79,1,0,0,0,0
2026_01_BUF_HOU,202609130htx,2026,REG,1,Evan Brown,BrowEv00,C,HOU,BUF,79,1,0,0,0,0
2026_01_BUF_HOU,202609130htx,2026,REG,1,Nico Collins,CollNi00,WR,HOU,BUF,57,0.72,0,0,0,0
2026_01_BUF_HOU,202609130htx,2026,REG,1,Dalton Schultz,SchuDa00,TE,HOU,BUF,52,0.66,0,0,0,0
2026_01_BUF_HOU,202609130htx,2026,REG,1,Xavier Hutchinson,HutcXa00,WR,HOU,BUF,44,0.56,0,0,0,0
2026_01_BUF_HOU,202609130htx,2026,REG,1,Woody Marks,MarkWo00,RB,HOU,BUF,40,0.51,0,0,4,0.13
2026_01_BUF_HOU,202609130htx,2026,REG,1,David Montgomery,MontDa01,RB,HOU,BUF,39,0.49,0,0,0,0
2026_01_BUF_HOU,202609130htx,2026,REG,1,Kayshon Boutte,BoutKa00,WR,HOU,BUF,36,0.46,0,0,0,0
2026_01_BUF_HOU,202609130htx,2026,REG,1,Foster Moreau,MoreFo00,TE,HOU,BUF,35,0.44,0,0,6,0.19
2026_01_BUF_HOU,202609130htx,2026,REG,1,Jared Wayne,WaynJa01,WR,HOU,BUF,25,0.32,0,0,10,0.32
2026_01_BUF_HOU,202609130htx,2026,REG,1,Cade Stover,StovCa00,TE,HOU,BUF,24,0.3,0,0,18,0.58
2026_01_BUF_HOU,202609130htx,2026,REG,1,Jaylin Noel,NoelJa00,WR,HOU,BUF,24,0.3,0,0,6,0.19
2026_01_BUF_HOU,202609130htx,2026,REG,1,Blake Fisher,FishBl00,T,HOU,BUF,10,0.13,0,0,5,0.16
2026_01_BUF_HOU,202609130htx,2026,REG,1,Marlin Klein,KleiMa00,TE,HOU,BUF,9,0.11,0,0,9,0.29
2026_01_BUF_HOU,202609130htx,2026,REG,1,Kamari Lassiter,LassKa00,CB,HOU,BUF,0,0,58,1,0,0
2026_01_BUF_HOU,202609130htx,2026,REG,1,Jalen Pitre,PitrJa00,S,HOU,BUF,0,0,58,1,0,0
2026_01_BUF_HOU,202609130htx,2026,REG,1,Derek Stingley Jr.,StinDe00,CB,HOU,BUF,0,0,58,1,0,0
2026_01_BUF_HOU,202609130htx,2026,REG,1,Azeez Al-Shaair,AlShAz00,LB,HOU,BUF,0,0,58,1,0,0
2026_01_BUF_HOU,202609130htx,2026,REG,1,Calen Bullock,BullCa00,S,HOU,BUF,0,0,56,0.97,0,0
2026_01_BUF_HOU,202609130htx,2026,REG,1,Reed Blankenship,BlanRe00,S,HOU,BUF,0,0,52,0.9,4,0.13
2026_01_BUF_HOU,202609130htx,2026,REG,1,Henry To'oTo'o,TooTHe00,LB,HOU,BUF,0,0,51,0.88,0,0
2026_01_BUF_HOU,202609130htx,2026,REG,1,Will Anderson,AndeWi01,DE,HOU,BUF,0,0,51,0.88,0,0
2026_01_BUF_HOU,202609130htx,2026,REG,1,Danielle Hunter,HuntDa01,DE,HOU,BUF,0,0,45,0.78,0,0
2026_01_BUF_HOU,202609130htx,2026,REG,1,Sheldon Rankins,RankSh00,DT,HOU,BUF,0,0,41,0.71,0,0
2026_01_BUF_HOU,202609130htx,2026,REG,1,Tommy Togiai,TogiTo00,DT,HOU,BUF,0,0,40,0.69,6,0.19
2026_01_BUF_HOU,202609130htx,2026,REG,1,Logan Hall,HallLo00,DE,HOU,BUF,0,0,22,0.38,6,0.19
2026_01_BUF_HOU,202609130htx,2026,REG,1,Jadeveon Clowney,ClowJa00,DE,HOU,BUF,0,0,20,0.34,0,0
2026_01_BUF_HOU,202609130htx,2026,REG,1,Mario Edwards,EdwaMa01,DT,HOU,BUF,0,0,18,0.31,6,0.19
2026_01_BUF_HOU,202609130htx,2026,REG,1,Jake Hansen,HansJa01,LB,HOU,BUF,0,0,7,0.12,26,0.84
2026_01_BUF_HOU,202609130htx,2026,REG,1,Dominique Robinson,RobiDo00,DE,HOU,BUF,0,0,2,0.03,14,0.45
2026_01_BUF_HOU,202609130htx,2026,REG,1,Kamari Ramsey,RamsKa01,S,HOU,BUF,0,0,1,0.02,16,0.52
2026_01_BUF_HOU,202609130htx,2026,REG,1,Tremon Smith,SmitTr04,CB,HOU,BUF,0,0,0,0,26,0.84
2026_01_BUF_HOU,202609130htx,2026,REG,1,Jaylin Smith,SmitJa11,CB,HOU,BUF,0,0,0,0,26,0.84
2026_01_BUF_HOU,202609130htx,2026,REG,1,Wade Woodaz,WoodWa00,LB,HOU,BUF,0,0,0,0,22,0.71
2026_01_BUF_HOU,202609130htx,2026,REG,1,George Odum,OdumGe00,S,HOU,BUF,0,0,0,0,22,0.71
2026_01_BUF_HOU,202609130htx,2026,REG,1,British Brooks,BrooBr01,RB,HOU,BUF,0,0,0,0,18,0.58
2026_01_BUF_HOU,202609130htx,2026,REG,1,Jake Hummel,HummJa00,LB,HOU,BUF,0,0,0,0,17,0.55
2026_01_BUF_HOU,202609130htx,2026,REG,1,Sabastian Harsh,HarsSa00,DE,HOU,BUF,0,0,0,0,14,0.45
2026_01_BUF_HOU,202609130htx,2026,REG,1,Ka'imi Fairbairn,FairKa01,K,HOU,BUF,0,0,0,0,11,0.35
2026_01_BUF_HOU,202609130htx,2026,REG,1,Austin Brinkman,BrinAu00,LS,HOU,BUF,0,0,0,0,9,0.29
2026_01_BUF_HOU,202609130htx,2026,REG,1,Kai Kroeger,KroeKa00,P,HOU,BUF,0,0,0,0,9,0.29
2026_01_BUF_HOU,202609130htx,2026,REG,1,Wyatt Teller,TellWy00,G,HOU,BUF,0,0,0,0,5,0.16
2026_01_BUF_HOU,202609130htx,2026,REG,1,Jake Andrews,AndrJa00,C,HOU,BUF,0,0,0,0,5,0.16
2026_01_BUF_HOU,202609130htx,2026,REG,1,Alec Anderson,AndeAl01,C,BUF,HOU,58,1,0,0,6,0.19
2026_01_BUF_HOU,202609130htx,2026,REG,1,O'Cyrus Torrence,TorrOC00,G,BUF,HOU,58,1,0,0,6,0.19
2026_01_BUF_HOU,202609130htx,2026,REG,1,Spencer Brown,BrowSp00,T,BUF,HOU,58,1,0,0,6,0.19
2026_01_BUF_HOU,202609130htx,2026,REG,1,Dion Dawkins,DawkDi00,T,BUF,HOU,58,1,0,0,6,0.19
2026_01_BUF_HOU,202609130htx,2026,REG,1,Josh Allen,AlleJo02,QB,BUF,HOU,58,1,0,0,0,0
2026_01_BUF_HOU,202609130htx,2026,REG,1,Connor McGovern,McGoCo01,C,BUF,HOU,58,1,0,0,0,0
2026_01_BUF_HOU,202609130htx,2026,REG,1,D.J. Moore,MoorD.00,WR,BUF,HOU,44,0.76,0,0,0,0
2026_01_BUF_HOU,202609130htx,2026,REG,1,James Cook,CookJa01,RB,BUF,HOU,42,0.72,0,0,0,0
2026_01_BUF_HOU,202609130htx,2026,REG,1,Dalton Kincaid,KincDa00,TE,BUF,HOU,42,0.72,0,0,0,0
2026_01_BUF_HOU,202609130htx,2026,REG,1,Dawson Knox,KnoxDa00,TE,BUF,HOU,39,0.67,0,0,0,0
2026_01_BUF_HOU,202609130htx,2026,REG,1,Khalil Shakir,ShakKh00,WR,BUF,HOU,31,0.53,0,0,0,0
2026_01_BUF_HOU,202609130htx,2026,REG,1,Keon Coleman,ColeKe02,WR,BUF,HOU,29,0.5,0,0,0,0
2026_01_BUF_HOU,202609130htx,2026,REG,1,Jackson Hawes,HaweJa00,TE,BUF,HOU,25,0.43,0,0,8,0.26
2026_01_BUF_HOU,202609130htx,2026,REG,1,Josh Palmer,PalmJo00,WR,BUF,HOU,18,0.31,0,0,0,0
2026_01_BUF_HOU,202609130htx,2026,REG,1,Frank Gore Jr.,GoreFr01,RB,BUF,HOU,11,0.19,0,0,4,0.13
2026_01_BUF_HOU,202609130htx,2026,REG,1,Ray Davis,DaviRa04,RB,BUF,HOU,5,0.09,0,0,6,0.19
2026_01_BUF_HOU,202609130htx,2026,REG,1,Keleki Latu,LatuKe00,TE,BUF,HOU,4,0.07,0,0,20,0.65
2026_01_BUF_HOU,202609130htx,2026,REG,1,Tylan Grable,GrabTy00,T,BUF,HOU,1,0.02,0,0,0,0
2026_01_BUF_HOU,202609130htx,2026,REG,1,Terrel Bernard,BernTe00,LB,BUF,HOU,0,0,79,1,5,0.16
2026_01_BUF_HOU,202609130htx,2026,REG,1,C.J. Gardner-Johnson,GardCh00,S,BUF,HOU,0,0,79,1,0,0
2026_01_BUF_HOU,202609130htx,2026,REG,1,Christian Benford,BenfCh00,CB,BUF,HOU,0,0,79,1,0,0
2026_01_BUF_HOU,202609130htx,2026,REG,1,Cole Bishop,BishCo00,S,BUF,HOU,0,0,72,0.91,2,0.06
2026_01_BUF_HOU,202609130htx,2026,REG,1,Maxwell Hairston,HairMa00,CB,BUF,HOU,0,0,66,0.84,8,0.26
2026_01_BUF_HOU,202609130htx,2026,REG,1,Ed Oliver,OlivEd00,DL,BUF,HOU,0,0,65,0.82,0,0
2026_01_BUF_HOU,202609130htx,2026,REG,1,Gregory Rousseau,RousGr00,LB,BUF,HOU,0,0,63,0.8,5,0.16
2026_01_BUF_HOU,202609130htx,2026,REG,1,Bradley Chubb,ChubBr00,LB,BUF,HOU,0,0,63,0.8,0,0
2026_01_BUF_HOU,202609130htx,2026,REG,1,Dorian Williams,WillDo04,LB,BUF,HOU,0,0,53,0.67,8,0.26
2026_01_BUF_HOU,202609130htx,2026,REG,1,Deone Walker,WalkDe04,DL,BUF,HOU,0,0,51,0.65,8,0.26
2026_01_BUF_HOU,202609130htx,2026,REG,1,DeAundre Alford,AlfoDe00,CB,BUF,HOU,0,0,48,0.61,6,0.19
2026_01_BUF_HOU,202609130htx,2026,REG,1,Landon Jackson,JackLa03,DL,BUF,HOU,0,0,29,0.37,11,0.35
2026_01_BUF_HOU,202609130htx,2026,REG,1,Damar Hamlin,HamlDa00,S,BUF,HOU,0,0,25,0.32,16,0.52
2026_01_BUF_HOU,202609130htx,2026,REG,1,Michael Hoecht,HoecMi00,LB,BUF,HOU,0,0,24,0.3,19,0.61
2026_01_BUF_HOU,202609130htx,2026,REG,1,DeWayne Carter,CartDe03,DL,BUF,HOU,0,0,18,0.23,4,0.13
2026_01_BUF_HOU,202609130htx,2026,REG,1,T.J. Parker,ParkTJ00,LB,BUF,HOU,0,0,14,0.18,18,0.58
2026_01_BUF_HOU,202609130htx,2026,REG,1,Greg Gaines,GainGr00,DL,BUF,HOU,0,0,14,0.18,4,0.13
2026_01_BUF_HOU,202609130htx,2026,REG,1,Davison Igbinosun,IgbiDa01,CB,BUF,HOU,0,0,11,0.14,12,0.39
2026_01_BUF_HOU,202609130htx,2026,REG,1,Kaleb Elarms-Orr,ElarKa00,LB,BUF,HOU,0,0,8,0.1,17,0.55
2026_01_BUF_HOU,202609130htx,2026,REG,1,Javon Solomon,SoloJa00,LB,BUF,HOU,0,0,8,0.1,16,0.52
2026_01_BUF_HOU,202609130htx,2026,REG,1,Sam Franklin,FranSa00,DB,BUF,HOU,0,0,0,0,25,0.81
2026_01_BUF_HOU,202609130htx,2026,REG,1,Jordan Hancock,HancJo00,DB,BUF,HOU,0,0,0,0,23,0.74
2026_01_BUF_HOU,202609130htx,2026,REG,1,Joe Andreessen,AndrJo02,LB,BUF,HOU,0,0,0,0,20,0.65
2026_01_BUF_HOU,202609130htx,2026,REG,1,Tyler Bass,BassTy00,K,BUF,HOU,0,0,0,0,14,0.45
2026_01_BUF_HOU,202609130htx,2026,REG,1,Greg Dortch,DortGr01,WR,BUF,HOU,0,0,0,0,10,0.32
2026_01_BUF_HOU,202609130htx,2026,REG,1,Tommy Doman,DomaTo00,P,BUF,HOU,0,0,0,0,8,0.26
2026_01_BUF_HOU,202609130htx,2026,REG,1,Reid Ferguson,FergRe00,LS,BUF,HOU,0,0,0,0,8,0.26
2026_01_BUF_HOU,202609130htx,2026,REG,1,Austin Corbett,CorbAu00,G,BUF,HOU,0,0,0,0,6,0.19
2026_01_BUF_HOU,202609130htx,2026,REG,1,Lloyd Cushenberry III,CushLl00,C,BUF,HOU,0,0,0,0,6,0.19
2026_01_CHI_CAR,202609130car,2026,REG,1,Rasheed Walker,WalkRa00,T,CAR,CHI,68,1,0,0,6,0.16
2026_01_CHI_CAR,202609130car,2026,REG,1,Damien Lewis,LewiDa05,G,CAR,CHI,66,0.97,0,0,6,0.16
2026_01_CHI_CAR,202609130car,2026,REG,1,Robert Hunt,HuntRo01,G,CAR,CHI,61,0.9,0,0,6,0.16
2026_01_CHI_CAR,202609130car,2026,REG,1,Monroe Freeling,FreeMo00,T,CAR,CHI,61,0.9,0,0,6,0.16
2026_01_CHI_CAR,202609130car,2026,REG,1,Bryce Young,YounBr01,QB,CAR,CHI,61,0.9,0,0,0,0
2026_01_CHI_CAR,202609130car,2026,REG,1,Luke Fortner,FortLu01,C,CAR,CHI,61,0.9,0,0,0,0
2026_01_CHI_CAR,202609130car,2026,REG,1,Jalen Coker,CokeJa01,WR,CAR,CHI,57,0.84,0,0,0,0
2026_01_CHI_CAR,202609130car,2026,REG,1,Tetairoa McMillan,McMiTe00,WR,CAR,CHI,56,0.82,0,0,0,0
2026_01_CHI_CAR,202609130car,2026,REG,1,Chuba Hubbard,HubbCh01,RB,CAR,CHI,48,0.71,0,0,0,0
2026_01_CHI_CAR,202609130car,2026,REG,1,Tommy Tremble,TremTo00,TE,CAR,CHI,38,0.56,0,0,11,0.3
2026_01_CHI_CAR,202609130car,2026,REG,1,Xavier Legette,LegeXa00,WR,CAR,CHI,36,0.53,0,0,10,0.27
2026_01_CHI_CAR,202609130car,2026,REG,1,Mitchell Evans,EvanMi01,TE,CAR,CHI,27,0.4,0,0,17,0.46
2026_01_CHI_CAR,202609130car,2026,REG,1,Darren Waller,WallDa01,TE,CAR,CHI,24,0.35,0,0,0,0
2026_01_CHI_CAR,202609130car,2026,REG,1,Jimmy Horn,HornJi00,WR,CAR,CHI,14,0.21,0,0,12,0.32
2026_01_CHI_CAR,202609130car,2026,REG,1,Jonathon Brooks,BrooJo02,RB,CAR,CHI,13,0.19,0,0,0,0
2026_01_CHI_CAR,202609130car,2026,REG,1,Brycen Tremayne,TremBr00,WR,CAR,CHI,12,0.18,0,0,22,0.59
2026_01_CHI_CAR,202609130car,2026,REG,1,Stone Forsythe,ForsSt00,T,CAR,CHI,10,0.15,0,0,6,0.16
2026_01_CHI_CAR,202609130car,2026,REG,1,Corey Bullock,BullCo00,T,CAR,CHI,9,0.13,0,0,6,0.16
2026_01_CHI_CAR,202609130car,2026,REG,1,Sam Hecht,HechSa00,C,CAR,CHI,7,0.1,0,0,6,0.16
2026_01_CHI_CAR,202609130car,2026,REG,1,Kenny Pickett,PickKe00,QB,CAR,CHI,7,0.1,0,0,0,0
2026_01_CHI_CAR,202609130car,2026,REG,1,AJ Dillon,DillAJ00,RB,CAR,CHI,7,0.1,0,0,0,0
2026_01_CHI_CAR,202609130car,2026,REG,1,Feleipe Franks,FranFe00,TE,CAR,CHI,5,0.07,0,0,22,0.59
2026_01_CHI_CAR,202609130car,2026,REG,1,Ryan Fitzgerald,FitzRy01,K,CAR,CHI,1,0.01,0,0,12,0.32
2026_01_CHI_CAR,202609130car,2026,REG,1,Michael Jackson,JackMi01,CB,CAR,CHI,0,0,75,1,9,0.24
2026_01_CHI_CAR,202609130car,2026,REG,1,Jaycee Horn,HornJa00,CB,CAR,CHI,0,0,75,1,0,0
2026_01_CHI_CAR,202609130car,2026,REG,1,Tre'von Moehrig,MoehTr00,S,CAR,CHI,0,0,75,1,0,0
2026_01_CHI_CAR,202609130car,2026,REG,1,Devin Lloyd,LloyDe00,LB,CAR,CHI,0,0,74,0.99,0,0
2026_01_CHI_CAR,202609130car,2026,REG,1,Nick Scott,ScotNi01,S,CAR,CHI,0,0,72,0.96,0,0
2026_01_CHI_CAR,202609130car,2026,REG,1,Bobby Okereke,OkerBo00,LB,CAR,CHI,0,0,66,0.88,0,0
2026_01_CHI_CAR,202609130car,2026,REG,1,Jaelan Phillips,PhilJa02,LB,CAR,CHI,0,0,58,0.77,0,0
2026_01_CHI_CAR,202609130car,2026,REG,1,Derrick Brown,BrowDe05,DT,CAR,CHI,0,0,46,0.61,9,0.24
2026_01_CHI_CAR,202609130car,2026,REG,1,Trevis Gipson,GipsTr00,LB,CAR,CHI,0,0,45,0.6,9,0.24
2026_01_CHI_CAR,202609130car,2026,REG,1,Bobby Brown,BrowBo04,DT,CAR,CHI,0,0,39,0.52,1,0.03
2026_01_CHI_CAR,202609130car,2026,REG,1,Princely Umanmielen,UmanPr00,LB,CAR,CHI,0,0,35,0.47,0,0
2026_01_CHI_CAR,202609130car,2026,REG,1,Aaron Hall,HallAa00,DT,CAR,CHI,0,0,34,0.45,9,0.24
2026_01_CHI_CAR,202609130car,2026,REG,1,Lee Hunter,HuntLe00,DT,CAR,CHI,0,0,34,0.45,8,0.22
2026_01_CHI_CAR,202609130car,2026,REG,1,Will Lee,LeexWi00,CB,CAR,CHI,0,0,27,0.36,2,0.05
2026_01_CHI_CAR,202609130car,2026,REG,1,TeRah Edwards,EdwaTe01,DT,CAR,CHI,0,0,22,0.29,9,0.24
2026_01_CHI_CAR,202609130car,2026,REG,1,Chau Smith-Wade,SmitCh05,CB,CAR,CHI,0,0,19,0.25,16,0.43
2026_01_CHI_CAR,202609130car,2026,REG,1,Jeremiah Moon,MoonJe00,LB,CAR,CHI,0,0,15,0.2,9,0.24
2026_01_CHI_CAR,202609130car,2026,REG,1,Lathan Ransom,RansLa00,S,CAR,CHI,0,0,9,0.12,31,0.84
2026_01_CHI_CAR,202609130car,2026,REG,1,Thomas Incoom,IncoTh00,LB,CAR,CHI,0,0,4,0.05,31,0.84
2026_01_CHI_CAR,202609130car,2026,REG,1,Claudin Cherelus,CherCl00,LB,CAR,CHI,0,0,1,0.01,31,0.84
2026_01_CHI_CAR,202609130car,2026,REG,1,Isaiah Simmons,SimmIs00,S,CAR,CHI,0,0,0,0,31,0.84
2026_01_CHI_CAR,202609130car,2026,REG,1,Jackson Kuwatch,KuwaJa00,LB,CAR,CHI,0,0,0,0,22,0.59
2026_01_CHI_CAR,202609130car,2026,REG,1,Akayleb Evans,EvanAk00,CB,CAR,CHI,0,0,0,0,13,0.35
2026_01_CHI_CAR,202609130car,2026,REG,1,Sam Martin,MartSa01,P,CAR,CHI,0,0,0,0,10,0.27
2026_01_CHI_CAR,202609130car,2026,REG,1,J.J. Jansen,JansJ.00,LS,CAR,CHI,0,0,0,0,9,0.24
2026_01_CHI_CAR,202609130car,2026,REG,1,Darnell Wright,WrigDa00,OL,CHI,CAR,75,1,0,0,9,0.24
2026_01_CHI_CAR,202609130car,2026,REG,1,Jonah Jackson,JackJo03,OL,CHI,CAR,75,1,0,0,9,0.24
2026_01_CHI_CAR,202609130car,2026,REG,1,Garrett Bradbury,BradGa00,OL,CHI,CAR,75,1,0,0,0,0
2026_01_CHI_CAR,202609130car,2026,REG,1,Caleb Williams,WillCa03,QB,CHI,CAR,75,1,0,0,0,0
2026_01_CHI_CAR,202609130car,2026,REG,1,Joe Thuney,ThunJo00,OL,CHI,CAR,75,1,0,0,0,0
2026_01_CHI_CAR,202609130car,2026,REG,1,Colston Loveland,LoveCo00,TE,CHI,CAR,65,0.87,0,0,1,0.03
2026_01_CHI_CAR,202609130car,2026,REG,1,Braxton Jones,JoneBr08,OL,CHI,CAR,56,0.75,0,0,9,0.24
2026_01_CHI_CAR,202609130car,2026,REG,1,Luther Burden,BurdLu00,WR,CHI,CAR,55,0.73,0,0,1,0.03
2026_01_CHI_CAR,202609130car,2026,REG,1,Kalif Raymond,RaymKa00,WR,CHI,CAR,45,0.6,0,0,4,0.11
2026_01_CHI_CAR,202609130car,2026,REG,1,Cole Kmet,KmetCo00,TE,CHI,CAR,43,0.57,0,0,10,0.27
2026_01_CHI_CAR,202609130car,2026,REG,1,D'Andre Swift,SwifDA00,RB,CHI,CAR,43,0.57,0,0,0,0
2026_01_CHI_CAR,202609130car,2026,REG,1,Rome Odunze,OdunRo00,WR,CHI,CAR,36,0.48,0,0,1,0.03
2026_01_CHI_CAR,202609130car,2026,REG,1,Jahdae Walker,WalkJa03,WR,CHI,CAR,34,0.45,0,0,16,0.43
2026_01_CHI_CAR,202609130car,2026,REG,1,Kyle Monangai,MonaKy00,RB,CHI,CAR,32,0.43,0,0,0,0
2026_01_CHI_CAR,202609130car,2026,REG,1,Theo Benedet,BeneTh00,OL,CHI,CAR,19,0.25,0,0,9,0.24
2026_01_CHI_CAR,202609130car,2026,REG,1,Sam Roush,RousSa00,TE,CHI,CAR,12,0.16,0,0,28,0.76
2026_01_CHI_CAR,202609130car,2026,REG,1,Kaden Davis,DaviKa02,WR,CHI,CAR,10,0.13,0,0,4,0.11
2026_01_CHI_CAR,202609130car,2026,REG,1,Dillon Thieneman,ThieDi00,DB,CHI,CAR,0,0,68,1,17,0.46
2026_01_CHI_CAR,202609130car,2026,REG,1,T.J. Edwards,EdwaTJ02,LB,CHI,CAR,0,0,68,1,2,0.05
2026_01_CHI_CAR,202609130car,2026,REG,1,Cameron Lewis,LewiCa00,DB,CHI,CAR,0,0,65,0.96,3,0.08
2026_01_CHI_CAR,202609130car,2026,REG,1,Devin Bush Jr.,BushDe01,LB,CHI,CAR,0,0,65,0.96,1,0.03
2026_01_CHI_CAR,202609130car,2026,REG,1,Jaylon Johnson,JohnJa13,DB,CHI,CAR,0,0,65,0.96,0,0
2026_01_CHI_CAR,202609130car,2026,REG,1,Tyrique Stevenson,StevTy01,DB,CHI,CAR,0,0,54,0.79,1,0.03
2026_01_CHI_CAR,202609130car,2026,REG,1,Malik Muhammad,MuhaMa00,DB,CHI,CAR,0,0,52,0.76,9,0.24
2026_01_CHI_CAR,202609130car,2026,REG,1,Grady Jarrett,JarrGr00,DL,CHI,CAR,0,0,44,0.65,1,0.03
2026_01_CHI_CAR,202609130car,2026,REG,1,Dayo Odeyingbo,OdeyDa00,DL,CHI,CAR,0,0,43,0.63,6,0.16
2026_01_CHI_CAR,202609130car,2026,REG,1,Montez Sweat,SweaMo00,DL,CHI,CAR,0,0,43,0.63,1,0.03
2026_01_CHI_CAR,202609130car,2026,REG,1,Austin Booker,BookAu00,DL,CHI,CAR,0,0,40,0.59,0,0
2026_01_CHI_CAR,202609130car,2026,REG,1,Kentavius Street,StreKe00,DL,CHI,CAR,0,0,29,0.43,7,0.19
2026_01_CHI_CAR,202609130car,2026,REG,1,Neville Gallimore,GallNe00,DL,CHI,CAR,0,0,29,0.43,6,0.16
2026_01_CHI_CAR,202609130car,2026,REG,1,Jordan van den Berg,vandJo00,DL,CHI,CAR,0,0,22,0.32,6,0.16
2026_01_CHI_CAR,202609130car,2026,REG,1,James Lynch,LyncJa00,DL,CHI,CAR,0,0,22,0.32,1,0.03
2026_01_CHI_CAR,202609130car,2026,REG,1,D'Marco Jackson,JackDM00,LB,CHI,CAR,0,0,20,0.29,8,0.22
2026_01_CHI_CAR,202609130car,2026,REG,1,Elijah Hicks,HickEl00,DB,CHI,CAR,0,0,9,0.13,26,0.7
2026_01_CHI_CAR,202609130car,2026,REG,1,Daniel Hardy,HardDa01,DL,CHI,CAR,0,0,7,0.1,26,0.7
2026_01_CHI_CAR,202609130car,2026,REG,1,Skyler Thomas,ThomSk01,DB,CHI,CAR,0,0,3,0.04,20,0.54
2026_01_CHI_CAR,202609130car,2026,REG,1,Josh Blackwell,BlacJo00,DB,CHI,CAR,0,0,0,0,28,0.76
2026_01_CHI_CAR,202609130car,2026,REG,1,Jack Sanborn,SanbJa00,LB,CHI,CAR,0,0,0,0,27,0.73
2026_01_CHI_CAR,202609130car,2026,REG,1,Roschon Johnson,JohnRo07,RB,CHI,CAR,0,0,0,0,21,0.57
2026_01_CHI_CAR,202609130car,2026,REG,1,Cairo Santos,SantCa01,K,CHI,CAR,0,0,0,0,19,0.51
2026_01_CHI_CAR,202609130car,2026,REG,1,Keyshaun Elliott,ElliKe03,LB,CHI,CAR,0,0,0,0,18,0.49
2026_01_CHI_CAR,202609130car,2026,REG,1,Tory Taylor,TaylTo01,P,CHI,CAR,0,0,0,0,11,0.3
2026_01_CHI_CAR,202609130car,2026,REG,1,Beau Gardner,GardBe01,LS,CHI,CAR,0,0,0,0,11,0.3
2026_01_CHI_CAR,202609130car,2026,REG,1,Luke Newman,NewmLu00,OL,CHI,CAR,0,0,0,0,9,0.24
2026_01_CHI_CAR,202609130car,2026,REG,1,Logan Jones,JoneLo01,OL,CHI,CAR,0,0,0,0,9,0.24
2026_01_CHI_CAR,202609130car,2026,REG,1,Clark Phillips,PhilCl00,DB,CHI,CAR,0,0,0,0,6,0.16
2026_01_CHI_CAR,202609130car,2026,REG,1,Zavion Thomas,ThomZa05,WR,CHI,CAR,0,0,0,0,6,0.16
2026_01_CLE_JAX,202609130jax,2026,REG,1,Anton Harrison,HarrAn00,OL,JAX,CLE,57,1,0,0,6,0.26
2026_01_CLE_JAX,202609130jax,2026,REG,1,Emmanuel Pregnon,PregEm00,OL,JAX,CLE,57,1,0,0,6,0.26
2026_01_CLE_JAX,202609130jax,2026,REG,1,Ezra Cleveland,ClevEz00,OL,JAX,CLE,50,0.88,0,0,6,0.26
2026_01_CLE_JAX,202609130jax,2026,REG,1,Robert Hainsey,HainRo00,OL,JAX,CLE,50,0.88,0,0,0,0
2026_01_CLE_JAX,202609130jax,2026,REG,1,Trevor Lawrence,LawrTr00,QB,JAX,CLE,50,0.88,0,0,0,0
2026_01_CLE_JAX,202609130jax,2026,REG,1,Brenton Strange,StraBr00,TE,JAX,CLE,39,0.68,0,0,0,0
2026_01_CLE_JAX,202609130jax,2026,REG,1,Nate Boerkircher,BoerNa00,TE,JAX,CLE,38,0.67,0,0,3,0.13
2026_01_CLE_JAX,202609130jax,2026,REG,1,Jakobi Meyers,MeyeJa01,WR,JAX,CLE,37,0.65,0,0,0,0
2026_01_CLE_JAX,202609130jax,2026,REG,1,Cole Van Lanen,VanxCo00,OL,JAX,CLE,36,0.63,0,0,0,0
2026_01_CLE_JAX,202609130jax,2026,REG,1,Parker Washington,WashPa01,WR,JAX,CLE,35,0.61,0,0,3,0.13
2026_01_CLE_JAX,202609130jax,2026,REG,1,Bhayshul Tuten,TuteBh00,RB,JAX,CLE,28,0.49,0,0,0,0
2026_01_CLE_JAX,202609130jax,2026,REG,1,Quintin Morris,MorrQu00,TE,JAX,CLE,24,0.42,0,0,20,0.87
2026_01_CLE_JAX,202609130jax,2026,REG,1,Chris Rodriguez,RodrCh00,RB,JAX,CLE,23,0.4,0,0,0,0
2026_01_CLE_JAX,202609130jax,2026,REG,1,Walker Little,LittWa00,OL,JAX,CLE,21,0.37,0,0,6,0.26
2026_01_CLE_JAX,202609130jax,2026,REG,1,Brian Thomas,ThomBr06,WR,JAX,CLE,20,0.35,0,0,0,0
2026_01_CLE_JAX,202609130jax,2026,REG,1,Josh Cameron,CameJo01,WR,JAX,CLE,19,0.33,0,0,15,0.65
2026_01_CLE_JAX,202609130jax,2026,REG,1,CJ Williams,WillCJ00,WR,JAX,CLE,10,0.18,0,0,6,0.26
2026_01_CLE_JAX,202609130jax,2026,REG,1,Wyatt Milum,MiluWy00,OL,JAX,CLE,9,0.16,0,0,6,0.26
2026_01_CLE_JAX,202609130jax,2026,REG,1,Jonah Monheim,MonhJo00,OL,JAX,CLE,7,0.12,0,0,6,0.26
2026_01_CLE_JAX,202609130jax,2026,REG,1,Nick Mullens,MullNi00,QB,JAX,CLE,7,0.12,0,0,0,0
2026_01_CLE_JAX,202609130jax,2026,REG,1,Ameer Abdullah,AbduAm00,RB,JAX,CLE,5,0.09,0,0,8,0.35
2026_01_CLE_JAX,202609130jax,2026,REG,1,Travis Hunter,HuntTr00,WR,JAX,CLE,4,0.07,29,0.57,0,0
2026_01_CLE_JAX,202609130jax,2026,REG,1,LeQuint Allen,AlleLe01,RB,JAX,CLE,1,0.02,0,0,0,0
2026_01_CLE_JAX,202609130jax,2026,REG,1,Antonio Johnson,JohnAn07,S,JAX,CLE,0,0,45,0.88,0,0
2026_01_CLE_JAX,202609130jax,2026,REG,1,Montaric Brown,BrowMo00,CB,JAX,CLE,0,0,38,0.75,9,0.39
2026_01_CLE_JAX,202609130jax,2026,REG,1,Josh Hines-Allen,AlleJo03,DE,JAX,CLE,0,0,38,0.75,1,0.04
2026_01_CLE_JAX,202609130jax,2026,REG,1,Jarrian Jones,JoneJa14,CB,JAX,CLE,0,0,37,0.73,4,0.17
2026_01_CLE_JAX,202609130jax,2026,REG,1,Travon Walker,WalkTr03,DE,JAX,CLE,0,0,34,0.67,1,0.04
2026_01_CLE_JAX,202609130jax,2026,REG,1,Foyesade Oluokun,OluoFo00,LB,JAX,CLE,0,0,34,0.67,1,0.04
2026_01_CLE_JAX,202609130jax,2026,REG,1,Caleb Ransaw,RansCa00,S,JAX,CLE,0,0,33,0.65,15,0.65
2026_01_CLE_JAX,202609130jax,2026,REG,1,Ventrell Miller,MillVe00,LB,JAX,CLE,0,0,33,0.65,10,0.43
2026_01_CLE_JAX,202609130jax,2026,REG,1,Eric Murray,MurrEr00,S,JAX,CLE,0,0,33,0.65,7,0.3
2026_01_CLE_JAX,202609130jax,2026,REG,1,Arik Armstead,ArmsAr01,DT,JAX,CLE,0,0,29,0.57,0,0
2026_01_CLE_JAX,202609130jax,2026,REG,1,Jourdan Lewis,LewiJo01,CB,JAX,CLE,0,0,28,0.55,0,0
2026_01_CLE_JAX,202609130jax,2026,REG,1,Dennis Gardeck,GardDe01,LB,JAX,CLE,0,0,26,0.51,17,0.74
2026_01_CLE_JAX,202609130jax,2026,REG,1,Danny Striggow,StriDa01,DE,JAX,CLE,0,0,24,0.47,5,0.22
2026_01_CLE_JAX,202609130jax,2026,REG,1,DaVon Hamilton,HamiDa02,DT,JAX,CLE,0,0,19,0.37,1,0.04
2026_01_CLE_JAX,202609130jax,2026,REG,1,Matt Dickerson,DickMa00,DT,JAX,CLE,0,0,18,0.35,7,0.3
2026_01_CLE_JAX,202609130jax,2026,REG,1,Ruke Orhorhoro,OrhoRu00,DT,JAX,CLE,0,0,18,0.35,1,0.04
2026_01_CLE_JAX,202609130jax,2026,REG,1,Branson Combs,CombBr00,LB,JAX,CLE,0,0,15,0.29,13,0.57
2026_01_CLE_JAX,202609130jax,2026,REG,1,Albert Regis,RegiAl00,DT,JAX,CLE,0,0,12,0.24,0,0
2026_01_CLE_JAX,202609130jax,2026,REG,1,Rayuan Lane,LaneRa00,S,JAX,CLE,0,0,6,0.12,17,0.74
2026_01_CLE_JAX,202609130jax,2026,REG,1,Jahlani Tavai,TavaJa00,LB,JAX,CLE,0,0,6,0.12,16,0.7
2026_01_CLE_JAX,202609130jax,2026,REG,1,Christian Braswell,BrasCh00,CB,JAX,CLE,0,0,6,0.12,5,0.22
2026_01_CLE_JAX,202609130jax,2026,REG,1,Cam Little,LittCa00,K,JAX,CLE,0,0,0,0,13,0.57
2026_01_CLE_JAX,202609130jax,2026,REG,1,Logan Cooke,CookLo00,P,JAX,CLE,0,0,0,0,8,0.35
2026_01_CLE_JAX,202609130jax,2026,REG,1,Ross Matiscik,MatiRo00,LS,JAX,CLE,0,0,0,0,8,0.35
2026_01_CLE_JAX,202609130jax,2026,REG,1,B.J. Green,GreeBJ00,DE,JAX,CLE,0,0,0,0,3,0.13
2026_01_CLE_JAX,202609130jax,2026,REG,1,Austin Barber,BarbAu00,T,CLE,JAX,51,1,0,0,2,0.09
2026_01_CLE_JAX,202609130jax,2026,REG,1,Tytus Howard,HowaTy00,T,CLE,JAX,51,1,0,0,2,0.09
2026_01_CLE_JAX,202609130jax,2026,REG,1,Spencer Fano,FanoSp00,T,CLE,JAX,51,1,0,0,2,0.09
2026_01_CLE_JAX,202609130jax,2026,REG,1,Deshaun Watson,WatsDe00,QB,CLE,JAX,51,1,0,0,0,0
2026_01_CLE_JAX,202609130jax,2026,REG,1,Elgton Jenkins,JenkEl00,C,CLE,JAX,51,1,0,0,0,0
2026_01_CLE_JAX,202609130jax,2026,REG,1,Zion Johnson,JohnZi00,G,CLE,JAX,50,0.98,0,0,2,0.09
2026_01_CLE_JAX,202609130jax,2026,REG,1,Denzel Boston,BostDe00,WR,CLE,JAX,47,0.92,0,0,1,0.04
2026_01_CLE_JAX,202609130jax,2026,REG,1,Harold Fannin,FannHa00,TE,CLE,JAX,42,0.82,0,0,0,0
2026_01_CLE_JAX,202609130jax,2026,REG,1,KC Concepcion,ConcKC00,WR,CLE,JAX,35,0.69,0,0,1,0.04
2026_01_CLE_JAX,202609130jax,2026,REG,1,Quinshon Judkins,JudkQu00,RB,CLE,JAX,33,0.65,0,0,0,0
2026_01_CLE_JAX,202609130jax,2026,REG,1,Jerry Jeudy,JeudJe00,WR,CLE,JAX,32,0.63,0,0,0,0
2026_01_CLE_JAX,202609130jax,2026,REG,1,Blake Whiteheart,WhitBl01,TE,CLE,JAX,20,0.39,0,0,12,0.52
2026_01_CLE_JAX,202609130jax,2026,REG,1,Raheim Sanders,SandRa00,RB,CLE,JAX,18,0.35,0,0,5,0.22
2026_01_CLE_JAX,202609130jax,2026,REG,1,Tylan Wallace,WallTy00,WR,CLE,JAX,15,0.29,0,0,11,0.48
2026_01_CLE_JAX,202609130jax,2026,REG,1,Isaiah Bond,BondIs00,WR,CLE,JAX,7,0.14,0,0,0,0
2026_01_CLE_JAX,202609130jax,2026,REG,1,Michael Burton,BurtMi00,FB,CLE,JAX,6,0.12,0,0,10,0.43
2026_01_CLE_JAX,202609130jax,2026,REG,1,Zak Zinter,ZintZa00,G,CLE,JAX,1,0.02,0,0,2,0.09
2026_01_CLE_JAX,202609130jax,2026,REG,1,Grant Delpit,DelpGr00,S,CLE,JAX,0,0,57,1,6,0.26
2026_01_CLE_JAX,202609130jax,2026,REG,1,Carson Schwesinger,SchwCa00,LB,CLE,JAX,0,0,57,1,6,0.26
2026_01_CLE_JAX,202609130jax,2026,REG,1,Ronnie Hickman,HickRo00,S,CLE,JAX,0,0,57,1,6,0.26
2026_01_CLE_JAX,202609130jax,2026,REG,1,Denzel Ward,WardDe02,CB,CLE,JAX,0,0,57,1,6,0.26
2026_01_CLE_JAX,202609130jax,2026,REG,1,Tyson Campbell,CampTy01,CB,CLE,JAX,0,0,57,1,6,0.26
2026_01_CLE_JAX,202609130jax,2026,REG,1,Quincy Williams,WillQu01,LB,CLE,JAX,0,0,55,0.96,0,0
2026_01_CLE_JAX,202609130jax,2026,REG,1,Jared Verse,VersJa00,DE,CLE,JAX,0,0,37,0.65,6,0.26
2026_01_CLE_JAX,202609130jax,2026,REG,1,Isaiah McGuire,McGuIs00,DE,CLE,JAX,0,0,37,0.65,0,0
2026_01_CLE_JAX,202609130jax,2026,REG,1,Mason Graham,GrahMa00,DT,CLE,JAX,0,0,34,0.6,4,0.17
2026_01_CLE_JAX,202609130jax,2026,REG,1,Adin Huntington,HuntAd00,DE,CLE,JAX,0,0,29,0.51,7,0.3
2026_01_CLE_JAX,202609130jax,2026,REG,1,Michael Hall,HallMi00,DT,CLE,JAX,0,0,29,0.51,2,0.09
2026_01_CLE_JAX,202609130jax,2026,REG,1,Myles Harden,HardMy00,CB,CLE,JAX,0,0,25,0.44,5,0.22
2026_01_CLE_JAX,202609130jax,2026,REG,1,Sam Williams,WillSa00,DE,CLE,JAX,0,0,23,0.4,6,0.26
2026_01_CLE_JAX,202609130jax,2026,REG,1,Maliek Collins,CollMa00,DT,CLE,JAX,0,0,22,0.39,0,0
2026_01_CLE_JAX,202609130jax,2026,REG,1,Easton Mascarenas-Arnold,MascEa00,LB,CLE,JAX,0,0,19,0.33,15,0.65
2026_01_CLE_JAX,202609130jax,2026,REG,1,Derek Barnett,BarnDe01,DE,CLE,JAX,0,0,17,0.3,6,0.26
2026_01_CLE_JAX,202609130jax,2026,REG,1,Emmanuel McNeil-Warren,McNeEm00,S,CLE,JAX,0,0,14,0.25,12,0.52
2026_01_CLE_JAX,202609130jax,2026,REG,1,Winston Reid,ReidWi01,LB,CLE,JAX,0,0,1,0.02,21,0.91
2026_01_CLE_JAX,202609130jax,2026,REG,1,Donovan McMillon,McMiDo00,S,CLE,JAX,0,0,0,0,15,0.65
2026_01_CLE_JAX,202609130jax,2026,REG,1,Nathaniel Watson,WatsNa00,LB,CLE,JAX,0,0,0,0,15,0.65
2026_01_CLE_JAX,202609130jax,2026,REG,1,Malachi Corley,CorlMa00,WR,CLE,JAX,0,0,0,0,15,0.65
2026_01_CLE_JAX,202609130jax,2026,REG,1,Carsen Ryan,RyanCa00,TE,CLE,JAX,0,0,0,0,13,0.57
2026_01_CLE_JAX,202609130jax,2026,REG,1,D'Angelo Ross,RossDA03,CB,CLE,JAX,0,0,0,0,8,0.35
2026_01_CLE_JAX,202609130jax,2026,REG,1,Rex Sunahara,SunaRe00,LS,CLE,JAX,0,0,0,0,5,0.22
2026_01_CLE_JAX,202609130jax,2026,REG,1,Andre Szmyt,SzmyAn00,K,CLE,JAX,0,0,0,0,5,0.22
2026_01_CLE_JAX,202609130jax,2026,REG,1,Corey Bojorquez,BojoCo00,P,CLE,JAX,0,0,0,0,5,0.22
2026_01_CLE_JAX,202609130jax,2026,REG,1,Dylan Sampson,SampDy00,RB,CLE,JAX,0,0,0,0,2,0.09
2026_01_CLE_JAX,202609130jax,2026,REG,1,Dawand Jones,JoneDa07,T,CLE,JAX,0,0,0,0,2,0.09
2026_01_CLE_JAX,202609130jax,2026,REG,1,Luke Wypler,WyplLu00,C,CLE,JAX,0,0,0,0,2,0.09
2026_01_CLE_JAX,202609130jax,2026,REG,1,Mekhi Blackmon,BlacMe00,CB,CLE,JAX,0,0,0,0,2,0.09
2026_01_DAL_NYG,202609130nyg,2026,REG,1,Francis Mauigoa,MauiFr01,OL,NYG,DAL,69,1,0,0,4,0.21
2026_01_DAL_NYG,202609130nyg,2026,REG,1,Jon Runyan Jr.,RunyJo00,G,NYG,DAL,69,1,0,0,4,0.21
2026_01_DAL_NYG,202609130nyg,2026,REG,1,Jermaine Eluemunor,ElueJe00,OL,NYG,DAL,69,1,0,0,4,0.21
2026_01_DAL_NYG,202609130nyg,2026,REG,1,Andrew Thomas,ThomAn02,T,NYG,DAL,69,1,0,0,0,0
2026_01_DAL_NYG,202609130nyg,2026,REG,1,John Michael Schmitz,MichJo00,C,NYG,DAL,69,1,0,0,0,0
2026_01_DAL_NYG,202609130nyg,2026,REG,1,Jaxson Dart,DartJa00,QB,NYG,DAL,69,1,0,0,0,0
2026_01_DAL_NYG,202609130nyg,2026,REG,1,Malachi Fields,FielMa00,WR,NYG,DAL,50,0.72,0,0,0,0
2026_01_DAL_NYG,202609130nyg,2026,REG,1,Cam Skattebo,SkatCa00,RB,NYG,DAL,42,0.61,0,0,0,0
2026_01_DAL_NYG,202609130nyg,2026,REG,1,Darnell Mooney,MoonDa00,WR,NYG,DAL,39,0.57,0,0,0,0
2026_01_DAL_NYG,202609130nyg,2026,REG,1,Patrick Ricard,RicaPa00,FB,NYG,DAL,37,0.54,0,0,0,0
2026_01_DAL_NYG,202609130nyg,2026,REG,1,Malik Nabers,NabeMa00,WR,NYG,DAL,36,0.52,0,0,0,0
2026_01_DAL_NYG,202609130nyg,2026,REG,1,Isaiah Likely,LikeIs00,TE,NYG,DAL,34,0.49,0,0,0,0
2026_01_DAL_NYG,202609130nyg,2026,REG,1,Theo Johnson,JohnTh00,TE,NYG,DAL,32,0.46,0,0,7,0.37
2026_01_DAL_NYG,202609130nyg,2026,REG,1,Devin Singletary,SingDe00,RB,NYG,DAL,25,0.36,0,0,0,0
2026_01_DAL_NYG,202609130nyg,2026,REG,1,Chris Manhertz,ManhCh00,TE,NYG,DAL,24,0.35,0,0,8,0.42
2026_01_DAL_NYG,202609130nyg,2026,REG,1,Braxton Berrios,BerrBr00,WR,NYG,DAL,12,0.17,0,0,6,0.32
2026_01_DAL_NYG,202609130nyg,2026,REG,1,Odell Beckham Jr.,BeckOd00,WR,NYG,DAL,11,0.16,0,0,0,0
2026_01_DAL_NYG,202609130nyg,2026,REG,1,Tyrone Tracy Jr.,TracTy00,RB,NYG,DAL,2,0.03,0,0,9,0.47
2026_01_DAL_NYG,202609130nyg,2026,REG,1,Aaron Stinnie,StinAa00,OL,NYG,DAL,1,0.01,0,0,4,0.21
2026_01_DAL_NYG,202609130nyg,2026,REG,1,Tyler Nubin,NubiTy00,S,NYG,DAL,0,0,58,1,4,0.21
2026_01_DAL_NYG,202609130nyg,2026,REG,1,Arvell Reese,ReesAr00,LB,NYG,DAL,0,0,58,1,3,0.16
2026_01_DAL_NYG,202609130nyg,2026,REG,1,Jevon Holland,HollJe02,S,NYG,DAL,0,0,58,1,1,0.05
2026_01_DAL_NYG,202609130nyg,2026,REG,1,Tremaine Edmunds,EdmuTr01,LB,NYG,DAL,0,0,58,1,0,0
2026_01_DAL_NYG,202609130nyg,2026,REG,1,Abdul Carter,CartAb00,LB,NYG,DAL,0,0,53,0.91,0,0
2026_01_DAL_NYG,202609130nyg,2026,REG,1,Greg Newsome II,NewsGr00,CB,NYG,DAL,0,0,52,0.9,3,0.16
2026_01_DAL_NYG,202609130nyg,2026,REG,1,Brian Burns,BurnBr00,LB,NYG,DAL,0,0,49,0.84,3,0.16
2026_01_DAL_NYG,202609130nyg,2026,REG,1,Deonte Banks,BankDe00,CB,NYG,DAL,0,0,48,0.83,3,0.16
2026_01_DAL_NYG,202609130nyg,2026,REG,1,Andru Phillips,PhilAn02,CB,NYG,DAL,0,0,48,0.83,0,0
2026_01_DAL_NYG,202609130nyg,2026,REG,1,Chauncey Golston,GolsCh00,DL,NYG,DAL,0,0,28,0.48,13,0.68
2026_01_DAL_NYG,202609130nyg,2026,REG,1,Kayvon Thibodeaux,ThibKa00,LB,NYG,DAL,0,0,27,0.47,3,0.16
2026_01_DAL_NYG,202609130nyg,2026,REG,1,D.J. Reader,ReadD.00,DL,NYG,DAL,0,0,27,0.47,1,0.05
2026_01_DAL_NYG,202609130nyg,2026,REG,1,Shelby Harris,HarrSh00,DL,NYG,DAL,0,0,26,0.45,4,0.21
2026_01_DAL_NYG,202609130nyg,2026,REG,1,Darius Alexander,AlexDa01,DL,NYG,DAL,0,0,18,0.31,0,0
2026_01_DAL_NYG,202609130nyg,2026,REG,1,Paulson Adebo,AdebPa00,CB,NYG,DAL,0,0,10,0.17,8,0.42
2026_01_DAL_NYG,202609130nyg,2026,REG,1,Colton Hood,HoodCo00,CB,NYG,DAL,0,0,6,0.1,12,0.63
2026_01_DAL_NYG,202609130nyg,2026,REG,1,Ar'Darius Washington,WashAr00,S,NYG,DAL,0,0,1,0.02,7,0.37
2026_01_DAL_NYG,202609130nyg,2026,REG,1,Malik Harrison,HarrMa06,LB,NYG,DAL,0,0,0,0,15,0.79
2026_01_DAL_NYG,202609130nyg,2026,REG,1,Elijah Campbell,CampEl00,DB,NYG,DAL,0,0,0,0,15,0.79
2026_01_DAL_NYG,202609130nyg,2026,REG,1,Jack Kelly,KellJa00,LB,NYG,DAL,0,0,0,0,14,0.74
2026_01_DAL_NYG,202609130nyg,2026,REG,1,Zaire Barnes,BarnZa00,LB,NYG,DAL,0,0,0,0,12,0.63
2026_01_DAL_NYG,202609130nyg,2026,REG,1,Micah McFadden,McFaMi01,LB,NYG,DAL,0,0,0,0,11,0.58
2026_01_DAL_NYG,202609130nyg,2026,REG,1,Dominic Zvada,ZvadDo00,K,NYG,DAL,0,0,0,0,9,0.47
2026_01_DAL_NYG,202609130nyg,2026,REG,1,Jordan Stout,StouJo00,P,NYG,DAL,0,0,0,0,5,0.26
2026_01_DAL_NYG,202609130nyg,2026,REG,1,Ben Mann,MannBe00,LS,NYG,DAL,0,0,0,0,5,0.26
2026_01_DAL_NYG,202609130nyg,2026,REG,1,Marcus Mbow,MbowMa00,OL,NYG,DAL,0,0,0,0,4,0.21
2026_01_DAL_NYG,202609130nyg,2026,REG,1,Bryan Hudson,HudsBr00,C,NYG,DAL,0,0,0,0,4,0.21
2026_01_DAL_NYG,202609130nyg,2026,REG,1,T.J. Bass,BassTJ00,G,DAL,NYG,58,1,0,0,3,0.16
2026_01_DAL_NYG,202609130nyg,2026,REG,1,Tyler Guyton,GuytTy00,T,DAL,NYG,58,1,0,0,3,0.16
2026_01_DAL_NYG,202609130nyg,2026,REG,1,Tyler Booker,BookTy00,G,DAL,NYG,58,1,0,0,3,0.16
2026_01_DAL_NYG,202609130nyg,2026,REG,1,Terence Steele,SteeTe01,T,DAL,NYG,58,1,0,0,3,0.16
2026_01_DAL_NYG,202609130nyg,2026,REG,1,Cooper Beebe,BeebCo00,C,DAL,NYG,58,1,0,0,0,0
2026_01_DAL_NYG,202609130nyg,2026,REG,1,Dak Prescott,PresDa01,QB,DAL,NYG,58,1,0,0,0,0
2026_01_DAL_NYG,202609130nyg,2026,REG,1,George Pickens,PickGe00,WR,DAL,NYG,49,0.84,0,0,0,0
2026_01_DAL_NYG,202609130nyg,2026,REG,1,CeeDee Lamb,LambCe00,WR,DAL,NYG,47,0.81,0,0,0,0
2026_01_DAL_NYG,202609130nyg,2026,REG,1,Jake Ferguson,FergJa00,TE,DAL,NYG,44,0.76,0,0,0,0
2026_01_DAL_NYG,202609130nyg,2026,REG,1,Javonte Williams,WillJa10,RB,DAL,NYG,41,0.71,0,0,0,0
2026_01_DAL_NYG,202609130nyg,2026,REG,1,Ryan Flournoy,FlouRy00,WR,DAL,NYG,41,0.71,0,0,0,0
2026_01_DAL_NYG,202609130nyg,2026,REG,1,Hunter Luepke,LuepHu00,FB,DAL,NYG,15,0.26,0,0,9,0.47
2026_01_DAL_NYG,202609130nyg,2026,REG,1,Brevyn Spann-Ford,SpanBr00,TE,DAL,NYG,13,0.22,0,0,11,0.58
2026_01_DAL_NYG,202609130nyg,2026,REG,1,Luke Schoonmaker,SchoLu00,TE,DAL,NYG,13,0.22,0,0,10,0.53
2026_01_DAL_NYG,202609130nyg,2026,REG,1,Jonathan Mingo,MingJo00,WR,DAL,NYG,11,0.19,0,0,6,0.32
2026_01_DAL_NYG,202609130nyg,2026,REG,1,KaVontae Turpin,TurpKa00,WR,DAL,NYG,8,0.14,0,0,6,0.32
2026_01_DAL_NYG,202609130nyg,2026,REG,1,Emari Demercado,DemeEm00,RB,DAL,NYG,5,0.09,0,0,0,0
2026_01_DAL_NYG,202609130nyg,2026,REG,1,Drew Shelton,ShelDr00,T,DAL,NYG,3,0.05,0,0,3,0.16
2026_01_DAL_NYG,202609130nyg,2026,REG,1,Jalen Thompson,ThomJa04,S,DAL,NYG,0,0,69,1,0,0
2026_01_DAL_NYG,202609130nyg,2026,REG,1,DaRon Bland,BlanDa00,CB,DAL,NYG,0,0,69,1,0,0
2026_01_DAL_NYG,202609130nyg,2026,REG,1,Caleb Downs,DownCa00,DB,DAL,NYG,0,0,61,0.88,4,0.21
2026_01_DAL_NYG,202609130nyg,2026,REG,1,Quinnen Williams,WillQu00,DT,DAL,NYG,0,0,53,0.77,4,0.21
2026_01_DAL_NYG,202609130nyg,2026,REG,1,DeMarvion Overshown,OverDe00,LB,DAL,NYG,0,0,51,0.74,3,0.16
2026_01_DAL_NYG,202609130nyg,2026,REG,1,Cobie Durant,DuraDe01,CB,DAL,NYG,0,0,50,0.72,0,0
2026_01_DAL_NYG,202609130nyg,2026,REG,1,Kenny Clark,ClarKe01,DT,DAL,NYG,0,0,50,0.72,0,0
2026_01_DAL_NYG,202609130nyg,2026,REG,1,Donovan Ezeiruaku,EzeiDo00,LB,DAL,NYG,0,0,42,0.61,4,0.21
2026_01_DAL_NYG,202609130nyg,2026,REG,1,Rashan Gary,GaryRa00,LB,DAL,NYG,0,0,41,0.59,0,0
2026_01_DAL_NYG,202609130nyg,2026,REG,1,Otito Ogbonnia,OgboOt00,DT,DAL,NYG,0,0,40,0.58,4,0.21
2026_01_DAL_NYG,202609130nyg,2026,REG,1,Dee Winters,WintDe00,LB,DAL,NYG,0,0,40,0.58,1,0.05
2026_01_DAL_NYG,202609130nyg,2026,REG,1,Jaishawn Barham,BarhJa01,LB,DAL,NYG,0,0,34,0.49,4,0.21
2026_01_DAL_NYG,202609130nyg,2026,REG,1,Malachi Lawrence,LawrMa01,LB,DAL,NYG,0,0,30,0.43,6,0.32
2026_01_DAL_NYG,202609130nyg,2026,REG,1,Jonathan Bullard,BullJo00,DT,DAL,NYG,0,0,29,0.42,0,0
2026_01_DAL_NYG,202609130nyg,2026,REG,1,P.J. Locke,LockPJ00,S,DAL,NYG,0,0,28,0.41,11,0.58
2026_01_DAL_NYG,202609130nyg,2026,REG,1,Shavon Revel,ReveSh00,CB,DAL,NYG,0,0,20,0.29,8,0.42
2026_01_DAL_NYG,202609130nyg,2026,REG,1,LT Overton,OverLT00,DT,DAL,NYG,0,0,18,0.26,5,0.26
2026_01_DAL_NYG,202609130nyg,2026,REG,1,Malik Hooker,HookMa00,S,DAL,NYG,0,0,12,0.17,0,0
2026_01_DAL_NYG,202609130nyg,2026,REG,1,Von Miller,MillVo00,LB,DAL,NYG,0,0,11,0.16,0,0
2026_01_DAL_NYG,202609130nyg,2026,REG,1,James Houston,HousJa01,LB,DAL,NYG,0,0,10,0.14,10,0.53
2026_01_DAL_NYG,202609130nyg,2026,REG,1,Shemar James,JameSh00,LB,DAL,NYG,0,0,1,0.01,16,0.84
2026_01_DAL_NYG,202609130nyg,2026,REG,1,Ameer Speed,SpeeAm00,CB,DAL,NYG,0,0,0,0,16,0.84
2026_01_DAL_NYG,202609130nyg,2026,REG,1,Alijah Clark,ClarAl01,S,DAL,NYG,0,0,0,0,16,0.84
2026_01_DAL_NYG,202609130nyg,2026,REG,1,Markquese Bell,BellMa01,S,DAL,NYG,0,0,0,0,16,0.84
2026_01_DAL_NYG,202609130nyg,2026,REG,1,Brandon Aubrey,AubrBr00,K,DAL,NYG,0,0,0,0,7,0.37
2026_01_DAL_NYG,202609130nyg,2026,REG,1,Bryan Anger,AngeBr00,P,DAL,NYG,0,0,0,0,5,0.26
2026_01_DAL_NYG,202609130nyg,2026,REG,1,Trent Sieg,SiegTr00,LS,DAL,NYG,0,0,0,0,5,0.26
2026_01_DAL_NYG,202609130nyg,2026,REG,1,Broderick Jones,JoneBr09,T,DAL,NYG,0,0,0,0,3,0.16
2026_01_DAL_NYG,202609130nyg,2026,REG,1,Nick Leverett,LeveNi00,OL,DAL,NYG,0,0,0,0,3,0.16
2026_01_DEN_KC,202609140kan,2026,REG,1,Kingsley Suamataia,SuamKi00,OL,KC,DEN,69,1,0,0,5,0.18
2026_01_DEN_KC,202609140kan,2026,REG,1,Trey Smith,SmitTr05,G,KC,DEN,69,1,0,0,5,0.18
2026_01_DEN_KC,202609140kan,2026,REG,1,Kahlil Benson,BensKa00,T,KC,DEN,69,1,0,0,5,0.18
2026_01_DEN_KC,202609140kan,2026,REG,1,Creed Humphrey,HumpCr00,C,KC,DEN,69,1,0,0,5,0.18
2026_01_DEN_KC,202609140kan,2026,REG,1,Patrick Mahomes,MahoPa00,QB,KC,DEN,69,1,0,0,0,0
2026_01_DEN_KC,202609140kan,2026,REG,1,Jaylon Moore,MoorJa04,OL,KC,DEN,68,0.99,0,0,5,0.18
2026_01_DEN_KC,202609140kan,2026,REG,1,Rashee Rice,RiceRa01,WR,KC,DEN,57,0.83,0,0,0,0
2026_01_DEN_KC,202609140kan,2026,REG,1,Xavier Worthy,WortXa00,WR,KC,DEN,53,0.77,0,0,0,0
2026_01_DEN_KC,202609140kan,2026,REG,1,Travis Kelce,KelcTr00,TE,KC,DEN,49,0.71,0,0,0,0
2026_01_DEN_KC,202609140kan,2026,REG,1,Kenneth Walker III,WalkKe00,RB,KC,DEN,47,0.68,0,0,0,0
2026_01_DEN_KC,202609140kan,2026,REG,1,Tyquan Thornton,ThorTy00,WR,KC,DEN,47,0.68,0,0,0,0
2026_01_DEN_KC,202609140kan,2026,REG,1,Noah Gray,GrayNo00,TE,KC,DEN,38,0.55,0,0,16,0.57
2026_01_DEN_KC,202609140kan,2026,REG,1,Emmett Johnson,JohnEm01,RB,KC,DEN,25,0.36,0,0,6,0.21
2026_01_DEN_KC,202609140kan,2026,REG,1,Jake Briningstool,BrinJa00,TE,KC,DEN,13,0.19,0,0,20,0.71
2026_01_DEN_KC,202609140kan,2026,REG,1,Khyiris Tonga,TongKh00,NT,KC,DEN,4,0.06,22,0.43,3,0.11
2026_01_DEN_KC,202609140kan,2026,REG,1,Hunter Nourzad,NourHu00,OL,KC,DEN,4,0.06,0,0,5,0.18
2026_01_DEN_KC,202609140kan,2026,REG,1,Ben VanSumeren,VanSBe00,FB,KC,DEN,3,0.04,0,0,22,0.79
2026_01_DEN_KC,202609140kan,2026,REG,1,Joshua Ezeudu,EzeuJo00,OL,KC,DEN,3,0.04,0,0,0,0
2026_01_DEN_KC,202609140kan,2026,REG,1,Mike Caliendo,CaliMi00,OL,KC,DEN,1,0.01,0,0,5,0.18
2026_01_DEN_KC,202609140kan,2026,REG,1,Cyrus Allen,AlleCy00,WR,KC,DEN,1,0.01,0,0,4,0.14
2026_01_DEN_KC,202609140kan,2026,REG,1,Justin Fields,FielJu00,QB,KC,DEN,1,0.01,0,0,0,0
2026_01_DEN_KC,202609140kan,2026,REG,1,Jaden Hicks,HickJa01,DB,KC,DEN,0,0,51,1,7,0.25
2026_01_DEN_KC,202609140kan,2026,REG,1,Nohl Williams,WillNo01,DB,KC,DEN,0,0,51,1,6,0.21
2026_01_DEN_KC,202609140kan,2026,REG,1,Nick Bolton,BoltNi00,LB,KC,DEN,0,0,51,1,3,0.11
2026_01_DEN_KC,202609140kan,2026,REG,1,Alohi Gilman,GilmAl00,S,KC,DEN,0,0,51,1,1,0.04
2026_01_DEN_KC,202609140kan,2026,REG,1,Drue Tranquill,TranDr00,LB,KC,DEN,0,0,50,0.98,3,0.11
2026_01_DEN_KC,202609140kan,2026,REG,1,Kristian Fulton,FultKr00,CB,KC,DEN,0,0,47,0.92,15,0.54
2026_01_DEN_KC,202609140kan,2026,REG,1,L'Jarius Sneed,SneeLJ00,CB,KC,DEN,0,0,46,0.9,1,0.04
2026_01_DEN_KC,202609140kan,2026,REG,1,George Karlaftis III,KarlGe00,DE,KC,DEN,0,0,44,0.86,3,0.11
2026_01_DEN_KC,202609140kan,2026,REG,1,Peter Woods,WoodPe00,DL,KC,DEN,0,0,29,0.57,3,0.11
2026_01_DEN_KC,202609140kan,2026,REG,1,Felix Anudike-Uzomah,AnudFe00,DE,KC,DEN,0,0,28,0.55,0,0
2026_01_DEN_KC,202609140kan,2026,REG,1,R Mason Thomas,MasoR01,DE,KC,DEN,0,0,27,0.53,7,0.25
2026_01_DEN_KC,202609140kan,2026,REG,1,Chris Jones,JoneCh09,DT,KC,DEN,0,0,26,0.51,0,0
2026_01_DEN_KC,202609140kan,2026,REG,1,Ashton Gillotte,GillAs00,DE,KC,DEN,0,0,14,0.27,3,0.11
2026_01_DEN_KC,202609140kan,2026,REG,1,Christian Roland-Wallace,RolaCh00,CB,KC,DEN,0,0,8,0.16,20,0.71
2026_01_DEN_KC,202609140kan,2026,REG,1,Jack Cochrane,CochJa00,LB,KC,DEN,0,0,5,0.1,23,0.82
2026_01_DEN_KC,202609140kan,2026,REG,1,Marcus Harris,HarrMa08,DT,KC,DEN,0,0,5,0.1,0,0
2026_01_DEN_KC,202609140kan,2026,REG,1,Jeffrey Bassa,BassJe00,LB,KC,DEN,0,0,3,0.06,20,0.71
2026_01_DEN_KC,202609140kan,2026,REG,1,Mansoor Delane,DelaMa00,CB,KC,DEN,0,0,3,0.06,0,0
2026_01_DEN_KC,202609140kan,2026,REG,1,Xavier Nwankpa,NwanXa00,S,KC,DEN,0,0,0,0,15,0.54
2026_01_DEN_KC,202609140kan,2026,REG,1,Jalen Royals,RoyaJa00,WR,KC,DEN,0,0,0,0,15,0.54
2026_01_DEN_KC,202609140kan,2026,REG,1,Harrison Butker,ButkHa00,K,KC,DEN,0,0,0,0,11,0.39
2026_01_DEN_KC,202609140kan,2026,REG,1,Jadon Canady,CanaJa00,DB,KC,DEN,0,0,0,0,11,0.39
2026_01_DEN_KC,202609140kan,2026,REG,1,Matt Araiza,AraiMa00,P,KC,DEN,0,0,0,0,10,0.36
2026_01_DEN_KC,202609140kan,2026,REG,1,James Winchester,WincJa00,LS,KC,DEN,0,0,0,0,10,0.36
2026_01_DEN_KC,202609140kan,2026,REG,1,Nikko Remigio,RemiNi00,WR,KC,DEN,0,0,0,0,10,0.36
2026_01_DEN_KC,202609140kan,2026,REG,1,Brashard Smith,SmitBr09,RB,KC,DEN,0,0,0,0,3,0.11
2026_01_DEN_KC,202609140kan,2026,REG,1,Cooper McDonald,McDoCo01,LB,KC,DEN,0,0,0,0,2,0.07
2026_01_DEN_KC,202609140kan,2026,REG,1,Ben Powers,PoweBe00,G,DEN,KC,51,1,0,0,2,0.07
2026_01_DEN_KC,202609140kan,2026,REG,1,Quinn Meinerz,MeinQu02,G,DEN,KC,51,1,0,0,2,0.07
2026_01_DEN_KC,202609140kan,2026,REG,1,Mike McGlinchey,McGlMi00,T,DEN,KC,51,1,0,0,2,0.07
2026_01_DEN_KC,202609140kan,2026,REG,1,Luke Wattenberg,WattLu00,C,DEN,KC,51,1,0,0,1,0.04
2026_01_DEN_KC,202609140kan,2026,REG,1,Garett Bolles,BollGa00,T,DEN,KC,51,1,0,0,1,0.04
2026_01_DEN_KC,202609140kan,2026,REG,1,Bo Nix,NixxBo00,QB,DEN,KC,51,1,0,0,0,0
2026_01_DEN_KC,202609140kan,2026,REG,1,Courtland Sutton,SuttCo00,WR,DEN,KC,39,0.76,0,0,0,0
2026_01_DEN_KC,202609140kan,2026,REG,1,Jaylen Waddle,WaddJa00,WR,DEN,KC,38,0.75,0,0,0,0
2026_01_DEN_KC,202609140kan,2026,REG,1,Evan Engram,EngrEv00,TE,DEN,KC,32,0.63,0,0,0,0
2026_01_DEN_KC,202609140kan,2026,REG,1,Pat Bryant,BryaPa00,WR,DEN,KC,30,0.59,0,0,7,0.25
2026_01_DEN_KC,202609140kan,2026,REG,1,RJ Harvey,HarvRJ00,RB,DEN,KC,26,0.51,0,0,6,0.21
2026_01_DEN_KC,202609140kan,2026,REG,1,J.K. Dobbins,DobbJK00,RB,DEN,KC,22,0.43,0,0,0,0
2026_01_DEN_KC,202609140kan,2026,REG,1,Adam Trautman,TrauAd00,TE,DEN,KC,19,0.37,0,0,2,0.07
2026_01_DEN_KC,202609140kan,2026,REG,1,Troy Franklin,FranTr00,WR,DEN,KC,17,0.33,0,0,0,0
2026_01_DEN_KC,202609140kan,2026,REG,1,Nate Adkins,AdkiNa00,TE,DEN,KC,13,0.25,0,0,8,0.29
2026_01_DEN_KC,202609140kan,2026,REG,1,Marvin Mims,MimsMa00,WR,DEN,KC,9,0.18,0,0,4,0.14
2026_01_DEN_KC,202609140kan,2026,REG,1,Adam Prentice,PrenAd00,FB,DEN,KC,6,0.12,0,0,19,0.68
2026_01_DEN_KC,202609140kan,2026,REG,1,Jonah Coleman,ColeJo00,RB,DEN,KC,3,0.06,0,0,6,0.21
2026_01_DEN_KC,202609140kan,2026,REG,1,Patrick Surtain II,SurtPa01,CB,DEN,KC,1,0.02,69,1,5,0.18
2026_01_DEN_KC,202609140kan,2026,REG,1,Talanoa Hufanga,HufaTa00,S,DEN,KC,0,0,69,1,5,0.18
2026_01_DEN_KC,202609140kan,2026,REG,1,Riley Moss,MossRi00,CB,DEN,KC,0,0,69,1,1,0.04
2026_01_DEN_KC,202609140kan,2026,REG,1,Alex Singleton,SingAl00,LB,DEN,KC,0,0,68,0.99,0,0
2026_01_DEN_KC,202609140kan,2026,REG,1,Brandon Jones,JoneBr06,S,DEN,KC,0,0,65,0.94,0,0
2026_01_DEN_KC,202609140kan,2026,REG,1,Justin Strnad,StrnJu00,LB,DEN,KC,0,0,55,0.8,0,0
2026_01_DEN_KC,202609140kan,2026,REG,1,Ja'Quan McMillian,McMiJa00,CB,DEN,KC,0,0,49,0.71,0,0
2026_01_DEN_KC,202609140kan,2026,REG,1,Zach Allen,AlleZa01,DL,DEN,KC,0,0,42,0.61,5,0.18
2026_01_DEN_KC,202609140kan,2026,REG,1,Eyioma Uwazurike,UwazEy00,DL,DEN,KC,0,0,41,0.59,5,0.18
2026_01_DEN_KC,202609140kan,2026,REG,1,Jonah Elliss,ElliJo03,LB,DEN,KC,0,0,40,0.58,9,0.32
2026_01_DEN_KC,202609140kan,2026,REG,1,D.J. Jones,JoneD.01,DT,DEN,KC,0,0,39,0.57,0,0
2026_01_DEN_KC,202609140kan,2026,REG,1,Nik Bonitto,BoniNi00,LB,DEN,KC,0,0,36,0.52,0,0
2026_01_DEN_KC,202609140kan,2026,REG,1,Dondrea Tillman,TillDo00,LB,DEN,KC,0,0,32,0.46,26,0.93
2026_01_DEN_KC,202609140kan,2026,REG,1,Quandarrius Robinson,RobiQu00,LB,DEN,KC,0,0,32,0.46,25,0.89
2026_01_DEN_KC,202609140kan,2026,REG,1,Malcolm Roach,RoacMa01,DT,DEN,KC,0,0,32,0.46,7,0.25
2026_01_DEN_KC,202609140kan,2026,REG,1,Sai'vion Jones,JoneSa01,DE,DEN,KC,0,0,15,0.22,7,0.25
2026_01_DEN_KC,202609140kan,2026,REG,1,Jahdae Barron,BarrJa01,CB,DEN,KC,0,0,4,0.06,8,0.29
2026_01_DEN_KC,202609140kan,2026,REG,1,Jordan Turner,TurnJo00,LB,DEN,KC,0,0,2,0.03,26,0.93
2026_01_DEN_KC,202609140kan,2026,REG,1,Devon Key,KeyxDe00,DB,DEN,KC,0,0,0,0,26,0.93
2026_01_DEN_KC,202609140kan,2026,REG,1,Tycen Anderson,AndeTy00,S,DEN,KC,0,0,0,0,21,0.75
2026_01_DEN_KC,202609140kan,2026,REG,1,JL Skinner,SkinJL00,S,DEN,KC,0,0,0,0,18,0.64
2026_01_DEN_KC,202609140kan,2026,REG,1,Kris Abrams-Draine,AbraKr00,CB,DEN,KC,0,0,0,0,13,0.46
2026_01_DEN_KC,202609140kan,2026,REG,1,Karene Reid,ReidKa00,LB,DEN,KC,0,0,0,0,12,0.43
2026_01_DEN_KC,202609140kan,2026,REG,1,Mitchell Fraboni,FrabMi00,LS,DEN,KC,0,0,0,0,9,0.32
2026_01_DEN_KC,202609140kan,2026,REG,1,Jeremy Crawshaw,CrawJe00,P,DEN,KC,0,0,0,0,9,0.32
2026_01_DEN_KC,202609140kan,2026,REG,1,Wil Lutz,LutzWi00,K,DEN,KC,0,0,0,0,5,0.18
2026_01_DEN_KC,202609140kan,2026,REG,1,Alex Forsyth,ForsAl00,C,DEN,KC,0,0,0,0,2,0.07
2026_01_DEN_KC,202609140kan,2026,REG,1,Alex Palczewski,PalcAl00,T,DEN,KC,0,0,0,0,2,0.07
2026_01_DEN_KC,202609140kan,2026,REG,1,Matt Peart,PearMa00,T,DEN,KC,0,0,0,0,2,0.07
2026_01_GB_MIN,202609130min,2026,REG,1,Blake Brandel,BranBl00,C,MIN,GB,65,1,0,0,4,0.13
2026_01_GB_MIN,202609130min,2026,REG,1,Donovan Jackson,JackDo03,G,MIN,GB,65,1,0,0,4,0.13
2026_01_GB_MIN,202609130min,2026,REG,1,Will Fries,FrieWi00,G,MIN,GB,65,1,0,0,4,0.13
2026_01_GB_MIN,202609130min,2026,REG,1,Christian Darrisaw,DarrCh00,T,MIN,GB,65,1,0,0,0,0
2026_01_GB_MIN,202609130min,2026,REG,1,Brian O'Neill,ONeiBr00,T,MIN,GB,65,1,0,0,0,0
2026_01_GB_MIN,202609130min,2026,REG,1,Justin Jefferson,JeffJu00,WR,MIN,GB,60,0.92,0,0,0,0
2026_01_GB_MIN,202609130min,2026,REG,1,Jordan Addison,AddiJo00,WR,MIN,GB,54,0.83,0,0,0,0
2026_01_GB_MIN,202609130min,2026,REG,1,Carson Wentz,WentCa00,QB,MIN,GB,54,0.83,0,0,0,0
2026_01_GB_MIN,202609130min,2026,REG,1,T.J. Hockenson,HockTJ00,TE,MIN,GB,43,0.66,0,0,0,0
2026_01_GB_MIN,202609130min,2026,REG,1,Josh Oliver,OlivJo00,TE,MIN,GB,42,0.65,0,0,10,0.32
2026_01_GB_MIN,202609130min,2026,REG,1,Jauan Jennings,JennJa00,WR,MIN,GB,31,0.48,0,0,0,0
2026_01_GB_MIN,202609130min,2026,REG,1,Aaron Jones,JoneAa00,RB,MIN,GB,30,0.46,0,0,0,0
2026_01_GB_MIN,202609130min,2026,REG,1,Jordan Mason,MasoJo00,RB,MIN,GB,29,0.45,0,0,0,0
2026_01_GB_MIN,202609130min,2026,REG,1,Max Bredeson,BredMa00,FB,MIN,GB,24,0.37,0,0,10,0.32
2026_01_GB_MIN,202609130min,2026,REG,1,Kyler Murray,MurrKy00,QB,MIN,GB,11,0.17,0,0,0,0
2026_01_GB_MIN,202609130min,2026,REG,1,DeeJay Dallas,DallDe00,RB,MIN,GB,6,0.09,0,0,19,0.61
2026_01_GB_MIN,202609130min,2026,REG,1,Tai Felton,FeltTa00,WR,MIN,GB,3,0.05,0,0,14,0.45
2026_01_GB_MIN,202609130min,2026,REG,1,Myles Price,PricMy00,WR,MIN,GB,3,0.05,0,0,9,0.29
2026_01_GB_MIN,202609130min,2026,REG,1,Isaiah Rodgers,RodgIs00,CB,MIN,GB,0,0,68,1,5,0.16
2026_01_GB_MIN,202609130min,2026,REG,1,Josh Metellus,MeteJo00,S,MIN,GB,0,0,68,1,1,0.03
2026_01_GB_MIN,202609130min,2026,REG,1,Eric Wilson,WilsEr00,LB,MIN,GB,0,0,67,0.99,7,0.23
2026_01_GB_MIN,202609130min,2026,REG,1,Byron Murphy,MurpBy00,CB,MIN,GB,0,0,67,0.99,0,0
2026_01_GB_MIN,202609130min,2026,REG,1,Blake Cashman,CashBl00,LB,MIN,GB,0,0,65,0.96,1,0.03
2026_01_GB_MIN,202609130min,2026,REG,1,Dallas Turner,TurnDa01,LB,MIN,GB,0,0,56,0.82,6,0.19
2026_01_GB_MIN,202609130min,2026,REG,1,Andrew Van Ginkel,VanGAn00,LB,MIN,GB,0,0,55,0.81,0,0
2026_01_GB_MIN,202609130min,2026,REG,1,Jalen Redmond,RedmJa01,DL,MIN,GB,0,0,51,0.75,7,0.23
2026_01_GB_MIN,202609130min,2026,REG,1,Theo Jackson,JackTh00,S,MIN,GB,0,0,43,0.63,5,0.16
2026_01_GB_MIN,202609130min,2026,REG,1,Tyrion Ingram-Dawkins,IngrTy00,DL,MIN,GB,0,0,42,0.62,16,0.52
2026_01_GB_MIN,202609130min,2026,REG,1,Levi Drake Rodriguez,RodrLe00,DL,MIN,GB,0,0,34,0.5,0,0
2026_01_GB_MIN,202609130min,2026,REG,1,Harrison Smith,SmitHa00,S,MIN,GB,0,0,26,0.38,0,0
2026_01_GB_MIN,202609130min,2026,REG,1,Kyle Van Noy,VanNKy00,LB,MIN,GB,0,0,25,0.37,0,0
2026_01_GB_MIN,202609130min,2026,REG,1,James Pierre,PierJa01,CB,MIN,GB,0,0,23,0.34,9,0.29
2026_01_GB_MIN,202609130min,2026,REG,1,Domonique Orange,OranDo00,DL,MIN,GB,0,0,22,0.32,7,0.23
2026_01_GB_MIN,202609130min,2026,REG,1,Caleb Banks,BankCa01,DL,MIN,GB,0,0,16,0.24,7,0.23
2026_01_GB_MIN,202609130min,2026,REG,1,Ivan Pace,PaceIv00,LB,MIN,GB,0,0,10,0.15,26,0.84
2026_01_GB_MIN,202609130min,2026,REG,1,Jacob Thomas,ThomJa08,S,MIN,GB,0,0,10,0.15,19,0.61
2026_01_GB_MIN,202609130min,2026,REG,1,Bo Richter,RichBo01,LB,MIN,GB,0,0,0,0,25,0.81
2026_01_GB_MIN,202609130min,2026,REG,1,Jay Ward,WardJa00,S,MIN,GB,0,0,0,0,22,0.71
2026_01_GB_MIN,202609130min,2026,REG,1,Chaz Chambliss,ChamCh01,LB,MIN,GB,0,0,0,0,19,0.61
2026_01_GB_MIN,202609130min,2026,REG,1,Jake Golday,GoldJa01,LB,MIN,GB,0,0,0,0,19,0.61
2026_01_GB_MIN,202609130min,2026,REG,1,Will Reichard,ReicWi00,K,MIN,GB,0,0,0,0,11,0.35
2026_01_GB_MIN,202609130min,2026,REG,1,Gavin Bartholomew,BartGa00,TE,MIN,GB,0,0,0,0,10,0.32
2026_01_GB_MIN,202609130min,2026,REG,1,Brett Thorson,ThorBr01,P,MIN,GB,0,0,0,0,8,0.26
2026_01_GB_MIN,202609130min,2026,REG,1,Andrew DePaola,DePaAn00,LS,MIN,GB,0,0,0,0,8,0.26
2026_01_GB_MIN,202609130min,2026,REG,1,Charles Demmings,DemmCh00,CB,MIN,GB,0,0,0,0,5,0.16
2026_01_GB_MIN,202609130min,2026,REG,1,Ryan Van Demark,VanDRy00,T,MIN,GB,0,0,0,0,4,0.13
2026_01_GB_MIN,202609130min,2026,REG,1,Joe Huber,HubeJo00,G,MIN,GB,0,0,0,0,4,0.13
2026_01_GB_MIN,202609130min,2026,REG,1,Trevor Keegan,KeegTr00,G,MIN,GB,0,0,0,0,4,0.13
2026_01_GB_MIN,202609130min,2026,REG,1,Jordan Morgan,MorgJo03,T,GB,MIN,68,1,0,0,6,0.19
2026_01_GB_MIN,202609130min,2026,REG,1,Jacob Monk,MonkJa00,C,GB,MIN,68,1,0,0,6,0.19
2026_01_GB_MIN,202609130min,2026,REG,1,Donovan Jennings,JennDo00,G,GB,MIN,68,1,0,0,6,0.19
2026_01_GB_MIN,202609130min,2026,REG,1,Zach Bako-Bewele,TomxZa00,OL,GB,MIN,68,1,0,0,0,0
2026_01_GB_MIN,202609130min,2026,REG,1,Sean Rhyan,RhyaSe00,C,GB,MIN,68,1,0,0,0,0
2026_01_GB_MIN,202609130min,2026,REG,1,Jordan Love,LoveJo03,QB,GB,MIN,68,1,0,0,0,0
2026_01_GB_MIN,202609130min,2026,REG,1,Matthew Golden,GoldMa02,WR,GB,MIN,56,0.82,0,0,0,0
2026_01_GB_MIN,202609130min,2026,REG,1,Christian Watson,WatsCh00,WR,GB,MIN,52,0.76,0,0,0,0
2026_01_GB_MIN,202609130min,2026,REG,1,Tucker Kraft,KrafTu00,TE,GB,MIN,45,0.66,0,0,0,0
2026_01_GB_MIN,202609130min,2026,REG,1,Jayden Reed,ReedJa03,WR,GB,MIN,39,0.57,0,0,0,0
2026_01_GB_MIN,202609130min,2026,REG,1,Chris Brooks,BrooCh00,RB,GB,MIN,38,0.56,0,0,3,0.1
2026_01_GB_MIN,202609130min,2026,REG,1,Jonnu Smith,SmitJo01,TE,GB,MIN,32,0.47,0,0,6,0.19
2026_01_GB_MIN,202609130min,2026,REG,1,MarShawn Lloyd,LloyMa00,RB,GB,MIN,30,0.44,0,0,0,0
2026_01_GB_MIN,202609130min,2026,REG,1,Mark Redman,RedmMa00,TE,GB,MIN,21,0.31,0,0,7,0.23
2026_01_GB_MIN,202609130min,2026,REG,1,Josh Whyle,WhylJo01,TE,GB,MIN,11,0.16,0,0,11,0.35
2026_01_GB_MIN,202609130min,2026,REG,1,Bo Melton,MeltBo00,WR,GB,MIN,8,0.12,0,0,20,0.65
2026_01_GB_MIN,202609130min,2026,REG,1,Skyy Moore,MoorSk01,WR,GB,MIN,4,0.06,0,0,11,0.35
2026_01_GB_MIN,202609130min,2026,REG,1,Anthony Belton,BeltAn00,T,GB,MIN,4,0.06,0,0,6,0.19
2026_01_GB_MIN,202609130min,2026,REG,1,Evan Williams,WillEv00,S,GB,MIN,0,0,65,1,10,0.32
2026_01_GB_MIN,202609130min,2026,REG,1,Xavier McKinney,McKiXa00,S,GB,MIN,0,0,65,1,5,0.16
2026_01_GB_MIN,202609130min,2026,REG,1,Keisean Nixon,NixoKe00,CB,GB,MIN,0,0,65,1,1,0.03
2026_01_GB_MIN,202609130min,2026,REG,1,Zaire Franklin,FranZa00,LB,GB,MIN,0,0,65,1,0,0
2026_01_GB_MIN,202609130min,2026,REG,1,Edgerrin Cooper,CoopEd00,LB,GB,MIN,0,0,65,1,0,0
2026_01_GB_MIN,202609130min,2026,REG,1,Brandon Cisse,CissBr00,CB,GB,MIN,0,0,49,0.75,3,0.1
2026_01_GB_MIN,202609130min,2026,REG,1,Lukas Van Ness,VanNLu00,DE,GB,MIN,0,0,43,0.66,9,0.29
2026_01_GB_MIN,202609130min,2026,REG,1,Barryn Sorrell,SorrBa00,DE,GB,MIN,0,0,40,0.62,21,0.68
2026_01_GB_MIN,202609130min,2026,REG,1,Karl Brooks,BrooKa00,DT,GB,MIN,0,0,37,0.57,18,0.58
2026_01_GB_MIN,202609130min,2026,REG,1,Javon Bullard,BullJa00,S,GB,MIN,0,0,35,0.54,1,0.03
2026_01_GB_MIN,202609130min,2026,REG,1,Devonte Wyatt,WyatDe00,DT,GB,MIN,0,0,34,0.52,0,0
2026_01_GB_MIN,202609130min,2026,REG,1,Javon Hargrave,HargJa00,DT,GB,MIN,0,0,30,0.46,0,0
2026_01_GB_MIN,202609130min,2026,REG,1,Jonathan Ford,FordJo00,DT,GB,MIN,0,0,28,0.43,8,0.26
2026_01_GB_MIN,202609130min,2026,REG,1,Chris McClellan,McClCh01,DT,GB,MIN,0,0,28,0.43,0,0
2026_01_GB_MIN,202609130min,2026,REG,1,Brenton Cox,CoxxBr02,DE,GB,MIN,0,0,27,0.42,2,0.06
2026_01_GB_MIN,202609130min,2026,REG,1,Dani Dennis-Sutton,DennDa01,DE,GB,MIN,0,0,21,0.32,13,0.42
2026_01_GB_MIN,202609130min,2026,REG,1,Carrington Valentine,ValeCa00,CB,GB,MIN,0,0,16,0.25,3,0.1
2026_01_GB_MIN,202609130min,2026,REG,1,Isaiah McDuffie,McDuIs00,LB,GB,MIN,0,0,1,0.02,24,0.77
2026_01_GB_MIN,202609130min,2026,REG,1,Benjamin St-Juste,StJuBe00,CB,GB,MIN,0,0,1,0.02,22,0.71
2026_01_GB_MIN,202609130min,2026,REG,1,Nick Niemann,NiemNi00,LB,GB,MIN,0,0,0,0,24,0.77
2026_01_GB_MIN,202609130min,2026,REG,1,Kristian Welch,WelcKr00,LB,GB,MIN,0,0,0,0,24,0.77
2026_01_GB_MIN,202609130min,2026,REG,1,Trey Smack,SmacTr00,K,GB,MIN,0,0,0,0,12,0.39
2026_01_GB_MIN,202609130min,2026,REG,1,Kitan Oladapo,OladKi00,S,GB,MIN,0,0,0,0,12,0.39
2026_01_GB_MIN,202609130min,2026,REG,1,Kamal Hadden,HaddKa00,CB,GB,MIN,0,0,0,0,10,0.32
2026_01_GB_MIN,202609130min,2026,REG,1,Matthew Orzech,OrzeMa00,LS,GB,MIN,0,0,0,0,9,0.29
2026_01_GB_MIN,202609130min,2026,REG,1,Daniel Whelan,WhelDa00,P,GB,MIN,0,0,0,0,9,0.29
2026_01_GB_MIN,202609130min,2026,REG,1,John Williams,WillJo11,G,GB,MIN,0,0,0,0,6,0.19
2026_01_GB_MIN,202609130min,2026,REG,1,Kaleb Johnson,JohnKa03,RB,GB,MIN,0,0,0,0,2,0.06
2026_01_MIA_LV,202609130rai,2026,REG,1,Delmar Glaze,GlazDe00,T,LV,MIA,68,1,0,0,6,0.23
2026_01_MIA_LV,202609130rai,2026,REG,1,Spencer Burford,BurfSp00,G,LV,MIA,68,1,0,0,6,0.23
2026_01_MIA_LV,202609130rai,2026,REG,1,Kolton Miller,MillKo00,T,LV,MIA,68,1,0,0,6,0.23
2026_01_MIA_LV,202609130rai,2026,REG,1,Jackson Powers-Johnson,PoweJa00,G,LV,MIA,68,1,0,0,6,0.23
2026_01_MIA_LV,202609130rai,2026,REG,1,Tyler Linderbaum,LindTy00,C,LV,MIA,68,1,0,0,0,0
2026_01_MIA_LV,202609130rai,2026,REG,1,Kirk Cousins,CousKi00,QB,LV,MIA,68,1,0,0,0,0
2026_01_MIA_LV,202609130rai,2026,REG,1,Michael Mayer,MayeMi00,TE,LV,MIA,55,0.81,0,0,0,0
2026_01_MIA_LV,202609130rai,2026,REG,1,Ashton Jeanty,JeanAs00,RB,LV,MIA,50,0.74,0,0,0,0
2026_01_MIA_LV,202609130rai,2026,REG,1,Tre Tucker,TuckTr00,WR,LV,MIA,48,0.71,0,0,0,0
2026_01_MIA_LV,202609130rai,2026,REG,1,Jalen Nailor,NailJa00,WR,LV,MIA,41,0.6,0,0,0,0
2026_01_MIA_LV,202609130rai,2026,REG,1,Connor Heyward,HeywCo00,FB,LV,MIA,32,0.47,0,0,8,0.31
2026_01_MIA_LV,202609130rai,2026,REG,1,Ian Thomas,ThomIa00,TE,LV,MIA,31,0.46,0,0,0,0
2026_01_MIA_LV,202609130rai,2026,REG,1,Jack Bech,BechJa00,WR,LV,MIA,27,0.4,0,0,3,0.12
2026_01_MIA_LV,202609130rai,2026,REG,1,Mike Washington Jr.,WashMi00,RB,LV,MIA,13,0.19,0,0,0,0
2026_01_MIA_LV,202609130rai,2026,REG,1,Cody White,WhitCo05,WR,LV,MIA,11,0.16,0,0,14,0.54
2026_01_MIA_LV,202609130rai,2026,REG,1,Dylan Laube,LaubDy00,RB,LV,MIA,10,0.15,0,0,20,0.77
2026_01_MIA_LV,202609130rai,2026,REG,1,Dareke Young,YounDa02,WR,LV,MIA,10,0.15,0,0,14,0.54
2026_01_MIA_LV,202609130rai,2026,REG,1,Malik Benson,BensMa00,WR,LV,MIA,7,0.1,0,0,2,0.08
2026_01_MIA_LV,202609130rai,2026,REG,1,Chris Myarick,MyarCh00,TE,LV,MIA,5,0.07,0,0,3,0.12
2026_01_MIA_LV,202609130rai,2026,REG,1,Treydan Stukes,StukTr00,S,LV,MIA,0,0,56,1,12,0.46
2026_01_MIA_LV,202609130rai,2026,REG,1,Jeremy Chinn,ChinJe00,S,LV,MIA,0,0,56,1,6,0.23
2026_01_MIA_LV,202609130rai,2026,REG,1,Quay Walker,WalkQu00,LB,LV,MIA,0,0,56,1,0,0
2026_01_MIA_LV,202609130rai,2026,REG,1,Eric Stokes,StokEr00,CB,LV,MIA,0,0,56,1,0,0
2026_01_MIA_LV,202609130rai,2026,REG,1,Nakobe Dean,DeanNa00,LB,LV,MIA,0,0,56,1,0,0
2026_01_MIA_LV,202609130rai,2026,REG,1,Taron Johnson,JohnTa01,CB,LV,MIA,0,0,48,0.86,0,0
2026_01_MIA_LV,202609130rai,2026,REG,1,Darien Porter,PortDa00,CB,LV,MIA,0,0,46,0.82,8,0.31
2026_01_MIA_LV,202609130rai,2026,REG,1,Maxx Crosby,CrosMa00,DE,LV,MIA,0,0,46,0.82,6,0.23
2026_01_MIA_LV,202609130rai,2026,REG,1,Tonka Hemingway,HemiTo00,DT,LV,MIA,0,0,32,0.57,12,0.46
2026_01_MIA_LV,202609130rai,2026,REG,1,Kwity Paye,PayeKw00,DE,LV,MIA,0,0,32,0.57,0,0
2026_01_MIA_LV,202609130rai,2026,REG,1,Malcolm Koonce,KoonMa00,DE,LV,MIA,0,0,29,0.52,0,0
2026_01_MIA_LV,202609130rai,2026,REG,1,Adam Butler,ButlAd00,DT,LV,MIA,0,0,21,0.38,0,0
2026_01_MIA_LV,202609130rai,2026,REG,1,Thomas Booker,BookTh00,DT,LV,MIA,0,0,19,0.34,6,0.23
2026_01_MIA_LV,202609130rai,2026,REG,1,Folorunso Fatukasi,FatuFo00,DT,LV,MIA,0,0,19,0.34,6,0.23
2026_01_MIA_LV,202609130rai,2026,REG,1,Jonah Laulu,LaulJo00,DT,LV,MIA,0,0,19,0.34,0,0
2026_01_MIA_LV,202609130rai,2026,REG,1,Hezekiah Masses,MassHe00,CB,LV,MIA,0,0,10,0.18,0,0
2026_01_MIA_LV,202609130rai,2026,REG,1,Tommy Eichenberg,EichTo00,LB,LV,MIA,0,0,8,0.14,20,0.77
2026_01_MIA_LV,202609130rai,2026,REG,1,Patrick Johnson,JohnPa02,DE,LV,MIA,0,0,7,0.12,20,0.77
2026_01_MIA_LV,202609130rai,2026,REG,1,Isaiah Pola-Mao,PolaIs00,S,LV,MIA,0,0,0,0,20,0.77
2026_01_MIA_LV,202609130rai,2026,REG,1,Segun Olubi,OlubSe00,LB,LV,MIA,0,0,0,0,20,0.77
2026_01_MIA_LV,202609130rai,2026,REG,1,Tristin McCollum,McCoTr00,S,LV,MIA,0,0,0,0,14,0.54
2026_01_MIA_LV,202609130rai,2026,REG,1,Matt Gay,GayxMa00,K,LV,MIA,0,0,0,0,12,0.46
2026_01_MIA_LV,202609130rai,2026,REG,1,AJ Cole III,ColeAJ01,P,LV,MIA,0,0,0,0,9,0.35
2026_01_MIA_LV,202609130rai,2026,REG,1,Alex Ward,WardAl00,LS,LV,MIA,0,0,0,0,9,0.35
2026_01_MIA_LV,202609130rai,2026,REG,1,Caleb Rogers,RogeCa01,G,LV,MIA,0,0,0,0,6,0.23
2026_01_MIA_LV,202609130rai,2026,REG,1,Charles Grant,GranCh00,T,LV,MIA,0,0,0,0,6,0.23
2026_01_MIA_LV,202609130rai,2026,REG,1,Trey Zuhn,ZuhnTr01,G,LV,MIA,0,0,0,0,6,0.23
2026_01_MIA_LV,202609130rai,2026,REG,1,Jonah Savaiinaea,SavaJo00,G,MIA,LV,56,1,0,0,4,0.15
2026_01_MIA_LV,202609130rai,2026,REG,1,Kadyn Proctor,ProcKa00,G,MIA,LV,56,1,0,0,4,0.15
2026_01_MIA_LV,202609130rai,2026,REG,1,Patrick Paul,PaulPa01,T,MIA,LV,56,1,0,0,4,0.15
2026_01_MIA_LV,202609130rai,2026,REG,1,Austin Jackson,JackAu00,T,MIA,LV,56,1,0,0,4,0.15
2026_01_MIA_LV,202609130rai,2026,REG,1,Malik Willis,WillMa12,QB,MIA,LV,56,1,0,0,0,0
2026_01_MIA_LV,202609130rai,2026,REG,1,Aaron Brewer,BrewAa01,C,MIA,LV,56,1,0,0,0,0
2026_01_MIA_LV,202609130rai,2026,REG,1,Malik Washington,WashMa00,WR,MIA,LV,55,0.98,0,0,9,0.35
2026_01_MIA_LV,202609130rai,2026,REG,1,Caleb Douglas,DougCa00,WR,MIA,LV,51,0.91,0,0,0,0
2026_01_MIA_LV,202609130rai,2026,REG,1,De'Von Achane,AchaDe00,RB,MIA,LV,48,0.86,0,0,0,0
2026_01_MIA_LV,202609130rai,2026,REG,1,Greg Dulcich,DulcGr00,TE,MIA,LV,43,0.77,0,0,4,0.15
2026_01_MIA_LV,202609130rai,2026,REG,1,Chris Bell,BellCh00,WR,MIA,LV,29,0.52,0,0,4,0.15
2026_01_MIA_LV,202609130rai,2026,REG,1,Kevin Coleman,ColeKe03,WR,MIA,LV,16,0.29,0,0,0,0
2026_01_MIA_LV,202609130rai,2026,REG,1,DJ Herman,HermDJ00,FB,MIA,LV,15,0.27,0,0,3,0.12
2026_01_MIA_LV,202609130rai,2026,REG,1,Will Kacmarek,KacmWi00,TE,MIA,LV,14,0.25,0,0,6,0.23
2026_01_MIA_LV,202609130rai,2026,REG,1,Jaylen Wright,WrigJa04,RB,MIA,LV,4,0.07,0,0,5,0.19
2026_01_MIA_LV,202609130rai,2026,REG,1,Ollie Gordon,GordOl00,RB,MIA,LV,4,0.07,0,0,5,0.19
2026_01_MIA_LV,202609130rai,2026,REG,1,Caedan Wallace,WallCa00,G,MIA,LV,1,0.02,0,0,4,0.15
2026_01_MIA_LV,202609130rai,2026,REG,1,Jacob Rodriguez,RodrJa00,LB,MIA,LV,0,0,68,1,7,0.27
2026_01_MIA_LV,202609130rai,2026,REG,1,Chris Johnson,JohnCh09,CB,MIA,LV,0,0,68,1,7,0.27
2026_01_MIA_LV,202609130rai,2026,REG,1,Jordyn Brooks,BrooJo01,LB,MIA,LV,0,0,67,0.99,7,0.27
2026_01_MIA_LV,202609130rai,2026,REG,1,Jason Marshall,MarsJa00,CB,MIA,LV,0,0,64,0.94,9,0.35
2026_01_MIA_LV,202609130rai,2026,REG,1,Zayne Anderson,AndeZa02,S,MIA,LV,0,0,53,0.78,0,0
2026_01_MIA_LV,202609130rai,2026,REG,1,Michael Taaffe,TaafMi00,S,MIA,LV,0,0,51,0.75,8,0.31
2026_01_MIA_LV,202609130rai,2026,REG,1,Zach Sieler,SielZa00,DL,MIA,LV,0,0,48,0.71,11,0.42
2026_01_MIA_LV,202609130rai,2026,REG,1,Zeek Biggers,BiggZe01,DL,MIA,LV,0,0,42,0.62,10,0.38
2026_01_MIA_LV,202609130rai,2026,REG,1,Chop Robinson,RobiCh00,DE,MIA,LV,0,0,42,0.62,1,0.04
2026_01_MIA_LV,202609130rai,2026,REG,1,Jordan Phillips,PhilJo02,DL,MIA,LV,0,0,41,0.6,6,0.23
2026_01_MIA_LV,202609130rai,2026,REG,1,Willie Gay Jr.,GayJWi00,LB,MIA,LV,0,0,41,0.6,2,0.08
2026_01_MIA_LV,202609130rai,2026,REG,1,Dante Trader,TradDa00,S,MIA,LV,0,0,32,0.47,14,0.54
2026_01_MIA_LV,202609130rai,2026,REG,1,Malik Herring,HerrMa02,DE,MIA,LV,0,0,32,0.47,1,0.04
2026_01_MIA_LV,202609130rai,2026,REG,1,Joshua Uche,UcheJo00,DE,MIA,LV,0,0,29,0.43,1,0.04
2026_01_MIA_LV,202609130rai,2026,REG,1,Julius Brents,BrenJu00,CB,MIA,LV,0,0,26,0.38,1,0.04
2026_01_MIA_LV,202609130rai,2026,REG,1,Keith Cooper Jr.,CoopKe00,DL,MIA,LV,0,0,15,0.22,6,0.23
2026_01_MIA_LV,202609130rai,2026,REG,1,Robert Beal,BealRo00,DE,MIA,LV,0,0,14,0.21,15,0.58
2026_01_MIA_LV,202609130rai,2026,REG,1,Clelin Ferrell,FerrCl00,DE,MIA,LV,0,0,11,0.16,0,0
2026_01_MIA_LV,202609130rai,2026,REG,1,Kyle Louis,LouiKy00,S,MIA,LV,0,0,3,0.04,14,0.54
2026_01_MIA_LV,202609130rai,2026,REG,1,Jackson Woodard,WoodJa02,LB,MIA,LV,0,0,1,0.01,15,0.58
2026_01_MIA_LV,202609130rai,2026,REG,1,Julius Wood,WoodJu00,S,MIA,LV,0,0,0,0,17,0.65
2026_01_MIA_LV,202609130rai,2026,REG,1,Ryan Miller,MillRy01,WR,MIA,LV,0,0,0,0,15,0.58
2026_01_MIA_LV,202609130rai,2026,REG,1,Seydou Traore,TraoSe00,TE,MIA,LV,0,0,0,0,15,0.58
2026_01_MIA_LV,202609130rai,2026,REG,1,Ronnie Harrison,HarrRo02,LB,MIA,LV,0,0,0,0,12,0.46
2026_01_MIA_LV,202609130rai,2026,REG,1,Marcellas Dial,DialMa00,CB,MIA,LV,0,0,0,0,9,0.35
2026_01_MIA_LV,202609130rai,2026,REG,1,Tucker Addington,AddiTu00,LS,MIA,LV,0,0,0,0,8,0.31
2026_01_MIA_LV,202609130rai,2026,REG,1,Bradley Pinion,PiniBr00,P,MIA,LV,0,0,0,0,8,0.31
2026_01_MIA_LV,202609130rai,2026,REG,1,Riley Patterson,PattRi01,K,MIA,LV,0,0,0,0,7,0.27
2026_01_MIA_LV,202609130rai,2026,REG,1,Jarrett Kingston,KingJa02,T,MIA,LV,0,0,0,0,4,0.15
2026_01_NE_SEA,202609090sea,2026,REG,1,Grey Zabel,ZabeGr00,G,SEA,NE,50,1,0,0,3,0.14
2026_01_NE_SEA,202609090sea,2026,REG,1,Anthony Bradford,BradAn00,G,SEA,NE,50,1,0,0,3,0.14
2026_01_NE_SEA,202609090sea,2026,REG,1,Charles Cross,CrosCh00,T,SEA,NE,50,1,0,0,3,0.14
2026_01_NE_SEA,202609090sea,2026,REG,1,Jalen Sundell,SundJa00,C,SEA,NE,50,1,0,0,3,0.14
2026_01_NE_SEA,202609090sea,2026,REG,1,Abraham Lucas,LucaAb00,T,SEA,NE,50,1,0,0,3,0.14
2026_01_NE_SEA,202609090sea,2026,REG,1,Jaxon Smith-Njigba,SmitJa06,WR,SEA,NE,45,0.9,0,0,0,0
2026_01_NE_SEA,202609090sea,2026,REG,1,Drew Lock,LockDr00,QB,SEA,NE,45,0.9,0,0,0,0
2026_01_NE_SEA,202609090sea,2026,REG,1,AJ Barner,BarnAJ00,TE,SEA,NE,44,0.88,0,0,0,0
2026_01_NE_SEA,202609090sea,2026,REG,1,Cooper Kupp,KuppCo00,WR,SEA,NE,39,0.78,0,0,0,0
2026_01_NE_SEA,202609090sea,2026,REG,1,Rashid Shaheed,ShahRa00,WR,SEA,NE,33,0.66,0,0,8,0.36
2026_01_NE_SEA,202609090sea,2026,REG,1,Jadarian Price,PricJa02,RB,SEA,NE,24,0.48,0,0,0,0
2026_01_NE_SEA,202609090sea,2026,REG,1,George Holani,HolaGe00,RB,SEA,NE,23,0.46,0,0,9,0.41
2026_01_NE_SEA,202609090sea,2026,REG,1,Brady Russell,RussBr00,FB,SEA,NE,17,0.34,0,0,20,0.91
2026_01_NE_SEA,202609090sea,2026,REG,1,Elijah Arroyo,ArroEl00,TE,SEA,NE,11,0.22,0,0,5,0.23
2026_01_NE_SEA,202609090sea,2026,REG,1,Eric Saubert,SaubEr00,TE,SEA,NE,10,0.2,0,0,18,0.82
2026_01_NE_SEA,202609090sea,2026,REG,1,Sam Darnold,DarnSa00,QB,SEA,NE,5,0.1,0,0,0,0
2026_01_NE_SEA,202609090sea,2026,REG,1,Emanuel Wilson,WilsEm00,RB,SEA,NE,3,0.06,0,0,0,0
2026_01_NE_SEA,202609090sea,2026,REG,1,Josh Jones,JoneJo07,G,SEA,NE,1,0.02,0,0,0,0
2026_01_NE_SEA,202609090sea,2026,REG,1,Drake Thomas,ThomDr00,LB,SEA,NE,0,0,71,1,5,0.23
2026_01_NE_SEA,202609090sea,2026,REG,1,Julian Love,LoveJu00,S,SEA,NE,0,0,71,1,2,0.09
2026_01_NE_SEA,202609090sea,2026,REG,1,Ernest Jones,JoneEr01,LB,SEA,NE,0,0,71,1,2,0.09
2026_01_NE_SEA,202609090sea,2026,REG,1,Devon Witherspoon,WithDe00,CB,SEA,NE,0,0,70,0.99,2,0.09
2026_01_NE_SEA,202609090sea,2026,REG,1,Josh Jobe,JobeJo00,CB,SEA,NE,0,0,70,0.99,0,0
2026_01_NE_SEA,202609090sea,2026,REG,1,Rodney Thomas II,ThomRo07,S,SEA,NE,0,0,70,0.99,0,0
2026_01_NE_SEA,202609090sea,2026,REG,1,Nehemiah Pritchett,PritNe00,CB,SEA,NE,0,0,53,0.75,4,0.18
2026_01_NE_SEA,202609090sea,2026,REG,1,Byron Murphy,MurpBy01,DE,SEA,NE,0,0,50,0.7,2,0.09
2026_01_NE_SEA,202609090sea,2026,REG,1,Leonard Williams,WillLe02,DT,SEA,NE,0,0,49,0.69,2,0.09
2026_01_NE_SEA,202609090sea,2026,REG,1,Derick Hall,HallDe04,LB,SEA,NE,0,0,44,0.62,2,0.09
2026_01_NE_SEA,202609090sea,2026,REG,1,DeMarcus Lawrence,LawrDe00,LB,SEA,NE,0,0,42,0.59,2,0.09
2026_01_NE_SEA,202609090sea,2026,REG,1,Jarran Reed,ReedJa02,DE,SEA,NE,0,0,34,0.48,2,0.09
2026_01_NE_SEA,202609090sea,2026,REG,1,Uchenna Nwosu,NwosUc00,LB,SEA,NE,0,0,33,0.46,0,0
2026_01_NE_SEA,202609090sea,2026,REG,1,Rylie Mills,MillRy02,DT,SEA,NE,0,0,16,0.23,3,0.14
2026_01_NE_SEA,202609090sea,2026,REG,1,Dante Fowler,FowlDa00,LB,SEA,NE,0,0,16,0.23,2,0.09
2026_01_NE_SEA,202609090sea,2026,REG,1,Tyrice Knight,KnigTy00,LB,SEA,NE,0,0,14,0.2,17,0.77
2026_01_NE_SEA,202609090sea,2026,REG,1,Brandon Pili,PiliBr00,NT,SEA,NE,0,0,6,0.08,3,0.14
2026_01_NE_SEA,202609090sea,2026,REG,1,Patrick O'Connell,OConPa01,LB,SEA,NE,0,0,1,0.01,17,0.77
2026_01_NE_SEA,202609090sea,2026,REG,1,Connor O'Toole,OTooCo00,LB,SEA,NE,0,0,0,0,19,0.86
2026_01_NE_SEA,202609090sea,2026,REG,1,Chazz Surratt,SurrCh00,LB,SEA,NE,0,0,0,0,17,0.77
2026_01_NE_SEA,202609090sea,2026,REG,1,Velus Jones Jr.,JoneVe00,RB,SEA,NE,0,0,0,0,17,0.77
2026_01_NE_SEA,202609090sea,2026,REG,1,Avery Smith,SmitAv00,CB,SEA,NE,0,0,0,0,9,0.41
2026_01_NE_SEA,202609090sea,2026,REG,1,Chris Stoll,StolCh00,LS,SEA,NE,0,0,0,0,8,0.36
2026_01_NE_SEA,202609090sea,2026,REG,1,Michael Dickson,DickMi00,P,SEA,NE,0,0,0,0,8,0.36
2026_01_NE_SEA,202609090sea,2026,REG,1,Jason Myers,MyerJa00,K,SEA,NE,0,0,0,0,7,0.32
2026_01_NE_SEA,202609090sea,2026,REG,1,Montorie Foster,FostMo00,WR,SEA,NE,0,0,0,0,7,0.32
2026_01_NE_SEA,202609090sea,2026,REG,1,Julian Neal,NealJu00,CB,SEA,NE,0,0,0,0,5,0.23
2026_01_NE_SEA,202609090sea,2026,REG,1,Christian Haynes,HaynCh00,G,SEA,NE,0,0,0,0,3,0.14
2026_01_NE_SEA,202609090sea,2026,REG,1,Alijah Vera-Tucker,VeraAl00,G,NE,SEA,71,1,0,0,2,0.09
2026_01_NE_SEA,202609090sea,2026,REG,1,Will Campbell,CampWi01,T,NE,SEA,71,1,0,0,2,0.09
2026_01_NE_SEA,202609090sea,2026,REG,1,Michael Onwenu,OnweMi00,OL,NE,SEA,71,1,0,0,2,0.09
2026_01_NE_SEA,202609090sea,2026,REG,1,Jared Wilson,WilsJa02,OL,NE,SEA,71,1,0,0,0,0
2026_01_NE_SEA,202609090sea,2026,REG,1,Drake Maye,MayeDr00,QB,NE,SEA,71,1,0,0,0,0
2026_01_NE_SEA,202609090sea,2026,REG,1,Morgan Moses,MoseMo00,T,NE,SEA,71,1,0,0,0,0
2026_01_NE_SEA,202609090sea,2026,REG,1,Rhamondre Stevenson,StevRh00,RB,NE,SEA,60,0.85,0,0,0,0
2026_01_NE_SEA,202609090sea,2026,REG,1,Hunter Henry,HenrHu00,TE,NE,SEA,54,0.76,0,0,0,0
2026_01_NE_SEA,202609090sea,2026,REG,1,Mack Hollins,HollMa00,WR,NE,SEA,50,0.7,0,0,8,0.36
2026_01_NE_SEA,202609090sea,2026,REG,1,DeMario Douglas,DougDe00,WR,NE,SEA,44,0.62,0,0,0,0
2026_01_NE_SEA,202609090sea,2026,REG,1,Romeo Doubs,DoubRo00,WR,NE,SEA,40,0.56,0,0,0,0
2026_01_NE_SEA,202609090sea,2026,REG,1,Eli Raridon,RariEl00,TE,NE,SEA,38,0.54,0,0,4,0.18
2026_01_NE_SEA,202609090sea,2026,REG,1,A.J. Brown,BrowAJ00,WR,NE,SEA,31,0.44,0,0,0,0
2026_01_NE_SEA,202609090sea,2026,REG,1,Reggie Gilliam,GillRe00,FB,NE,SEA,13,0.18,0,0,12,0.55
2026_01_NE_SEA,202609090sea,2026,REG,1,Kyle Williams,WillKy03,WR,NE,SEA,12,0.17,0,0,4,0.18
2026_01_NE_SEA,202609090sea,2026,REG,1,Corey Kiner,KineCo00,RB,NE,SEA,8,0.11,0,0,0,0
2026_01_NE_SEA,202609090sea,2026,REG,1,Lan Larison,LariLa00,RB,NE,SEA,3,0.04,0,0,6,0.27
2026_01_NE_SEA,202609090sea,2026,REG,1,Greg Van Roten,VanRGr00,OL,NE,SEA,2,0.03,0,0,2,0.09
2026_01_NE_SEA,202609090sea,2026,REG,1,Craig Woodson,WoodCr00,S,NE,SEA,0,0,50,1,3,0.14
2026_01_NE_SEA,202609090sea,2026,REG,1,Robert Spillane,SpilRo00,LB,NE,SEA,0,0,50,1,3,0.14
2026_01_NE_SEA,202609090sea,2026,REG,1,Kevin Byard,ByarKe01,S,NE,SEA,0,0,50,1,0,0
2026_01_NE_SEA,202609090sea,2026,REG,1,Christian Gonzalez,GonzCh00,CB,NE,SEA,0,0,50,1,0,0
2026_01_NE_SEA,202609090sea,2026,REG,1,Christian Elliss,ElliCh00,LB,NE,SEA,0,0,49,0.98,3,0.14
2026_01_NE_SEA,202609090sea,2026,REG,1,Carlton Davis,DaviCa02,CB,NE,SEA,0,0,49,0.98,0,0
2026_01_NE_SEA,202609090sea,2026,REG,1,Dre'Mont Jones,JoneDr00,LB,NE,SEA,0,0,42,0.84,6,0.27
2026_01_NE_SEA,202609090sea,2026,REG,1,Elijah Ponder,PondEl02,LB,NE,SEA,0,0,39,0.78,11,0.5
2026_01_NE_SEA,202609090sea,2026,REG,1,Milton Williams,WillMi08,DT,NE,SEA,0,0,33,0.66,6,0.27
2026_01_NE_SEA,202609090sea,2026,REG,1,Christian Barmore,BarmCh00,DT,NE,SEA,0,0,30,0.6,6,0.27
2026_01_NE_SEA,202609090sea,2026,REG,1,Cory Durden,DurdCo00,DT,NE,SEA,0,0,28,0.56,2,0.09
2026_01_NE_SEA,202609090sea,2026,REG,1,Marcus Jones,JoneMa06,CB,NE,SEA,0,0,24,0.48,5,0.23
2026_01_NE_SEA,202609090sea,2026,REG,1,Dell Pettus,PettDe00,S,NE,SEA,0,0,20,0.4,20,0.91
2026_01_NE_SEA,202609090sea,2026,REG,1,Gabe Jacas,JacaGa00,LB,NE,SEA,0,0,19,0.38,20,0.91
2026_01_NE_SEA,202609090sea,2026,REG,1,Joshua Farmer,FarmJo00,DT,NE,SEA,0,0,9,0.18,0,0
2026_01_NE_SEA,202609090sea,2026,REG,1,Leonard Taylor,TaylLe01,DL,NE,SEA,0,0,7,0.14,2,0.09
2026_01_NE_SEA,202609090sea,2026,REG,1,Charles Woods,WoodCh01,CB,NE,SEA,0,0,1,0.02,16,0.73
2026_01_NE_SEA,202609090sea,2026,REG,1,Namdi Obiazor,ObiaNa00,LB,NE,SEA,0,0,0,0,20,0.91
2026_01_NE_SEA,202609090sea,2026,REG,1,Cameron Latu,LatuCa01,TE,NE,SEA,0,0,0,0,14,0.64
2026_01_NE_SEA,202609090sea,2026,REG,1,Darius Muasau,MuasDa00,LB,NE,SEA,0,0,0,0,14,0.64
2026_01_NE_SEA,202609090sea,2026,REG,1,Channing Canada,CanaCh00,CB,NE,SEA,0,0,0,0,11,0.5
2026_01_NE_SEA,202609090sea,2026,REG,1,Jaylen Reed,ReedJa04,S,NE,SEA,0,0,0,0,8,0.36
2026_01_NE_SEA,202609090sea,2026,REG,1,Mitch Wishnowsky,WishMi00,P,NE,SEA,0,0,0,0,7,0.32
2026_01_NE_SEA,202609090sea,2026,REG,1,Julian Ashby,AshbJu00,LS,NE,SEA,0,0,0,0,7,0.32
2026_01_NE_SEA,202609090sea,2026,REG,1,Andres Borregales,BorrAn00,K,NE,SEA,0,0,0,0,5,0.23
2026_01_NE_SEA,202609090sea,2026,REG,1,Tanner Arkin,ArkiTa00,TE,NE,SEA,0,0,0,0,4,0.18
2026_01_NE_SEA,202609090sea,2026,REG,1,Quintayvious Hutchins,HutcQu00,LB,NE,SEA,0,0,0,0,3,0.14
2026_01_NE_SEA,202609090sea,2026,REG,1,Dametrious Crownover,CrowDa00,T,NE,SEA,0,0,0,0,2,0.09
2026_01_NE_SEA,202609090sea,2026,REG,1,Caleb Lomu,LomuCa00,T,NE,SEA,0,0,0,0,2,0.09
2026_01_NO_DET,202609130det,2026,REG,1,Penei Sewell,SewePe00,T,DET,NO,77,1,0,0,5,0.15
2026_01_NO_DET,202609130det,2026,REG,1,Blake Miller,MillBl01,T,DET,NO,77,1,0,0,5,0.15
2026_01_NO_DET,202609130det,2026,REG,1,Tate Ratledge,RatlTa00,OL,DET,NO,77,1,0,0,5,0.15
2026_01_NO_DET,202609130det,2026,REG,1,Juice Scruggs,ScruJu00,OL,DET,NO,77,1,0,0,5,0.15
2026_01_NO_DET,202609130det,2026,REG,1,Jared Goff,GoffJa00,QB,DET,NO,77,1,0,0,0,0
2026_01_NO_DET,202609130det,2026,REG,1,Amon-Ra St. Brown,StxxAm00,WR,DET,NO,69,0.9,0,0,0,0
2026_01_NO_DET,202609130det,2026,REG,1,Ben Bartch,BartBe00,OL,DET,NO,66,0.86,0,0,5,0.15
2026_01_NO_DET,202609130det,2026,REG,1,Jameson Williams,WillJa11,WR,DET,NO,65,0.84,0,0,0,0
2026_01_NO_DET,202609130det,2026,REG,1,Sam LaPorta,LaPoSa01,TE,DET,NO,62,0.81,0,0,0,0
2026_01_NO_DET,202609130det,2026,REG,1,Jahmyr Gibbs,GibbJa01,RB,DET,NO,57,0.74,0,0,0,0
2026_01_NO_DET,202609130det,2026,REG,1,Isaac TeSlaa,TeSlIs00,WR,DET,NO,52,0.68,0,0,0,0
2026_01_NO_DET,202609130det,2026,REG,1,Brock Wright,WrigBr01,TE,DET,NO,39,0.51,0,0,11,0.32
2026_01_NO_DET,202609130det,2026,REG,1,Sione Vaki,VakiSi00,RB,DET,NO,22,0.29,0,0,24,0.71
2026_01_NO_DET,202609130det,2026,REG,1,Christian Mahogany,MahoCh00,OL,DET,NO,11,0.14,0,0,0,0
2026_01_NO_DET,202609130det,2026,REG,1,Tyler Conklin,ConkTy00,TE,DET,NO,10,0.13,0,0,0,0
2026_01_NO_DET,202609130det,2026,REG,1,Larry Borom,BoroLa00,OL,DET,NO,9,0.12,0,0,5,0.15
2026_01_NO_DET,202609130det,2026,REG,1,Jack Campbell,CampJa04,LB,DET,NO,0,0,90,1,5,0.15
2026_01_NO_DET,202609130det,2026,REG,1,Rock Ya-Sin,Ya-SRo00,CB,DET,NO,0,0,89,0.99,5,0.15
2026_01_NO_DET,202609130det,2026,REG,1,D.J. Reed,ReedD.00,CB,DET,NO,0,0,89,0.99,0,0
2026_01_NO_DET,202609130det,2026,REG,1,Avonte Maddox,MaddAv00,DB,DET,NO,0,0,85,0.94,0,0
2026_01_NO_DET,202609130det,2026,REG,1,Alim McNeill,McNeAl00,DL,DET,NO,0,0,83,0.92,5,0.15
2026_01_NO_DET,202609130det,2026,REG,1,Derrick Barnes,BarnDe02,LB,DET,NO,0,0,77,0.86,13,0.38
2026_01_NO_DET,202609130det,2026,REG,1,Aidan Hutchinson,HutcAi00,DE,DET,NO,0,0,75,0.83,0,0
2026_01_NO_DET,202609130det,2026,REG,1,D.J. Wonnum,WonnDJ00,DE,DET,NO,0,0,69,0.77,5,0.15
2026_01_NO_DET,202609130det,2026,REG,1,Thomas Harper,HarpTh00,S,DET,NO,0,0,54,0.6,17,0.5
2026_01_NO_DET,202609130det,2026,REG,1,Skyler Gill-Howard,GillSk00,DL,DET,NO,0,0,47,0.52,5,0.15
2026_01_NO_DET,202609130det,2026,REG,1,Chuck Clark,ClarCh00,S,DET,NO,0,0,41,0.46,5,0.15
2026_01_NO_DET,202609130det,2026,REG,1,Roger McCreary,McCrRo01,CB,DET,NO,0,0,39,0.43,16,0.47
2026_01_NO_DET,202609130det,2026,REG,1,Tyleik Williams,WillTy02,DL,DET,NO,0,0,35,0.39,5,0.15
2026_01_NO_DET,202609130det,2026,REG,1,Keith Abney,AbneKe00,CB,DET,NO,0,0,25,0.28,5,0.15
2026_01_NO_DET,202609130det,2026,REG,1,Malcolm Rodriguez,RodrMa00,LB,DET,NO,0,0,20,0.22,19,0.56
2026_01_NO_DET,202609130det,2026,REG,1,Devin White,WhitDe02,LB,DET,NO,0,0,18,0.2,0,0
2026_01_NO_DET,202609130det,2026,REG,1,Derrick Moore,MoorDe03,DE,DET,NO,0,0,18,0.2,0,0
2026_01_NO_DET,202609130det,2026,REG,1,Tyler Lacy,LacyTy00,DL,DET,NO,0,0,15,0.17,0,0
2026_01_NO_DET,202609130det,2026,REG,1,Ben Stille,StilBe00,DL,DET,NO,0,0,9,0.1,0,0
2026_01_NO_DET,202609130det,2026,REG,1,Trevor Nowaske,NowaTr00,LB,DET,NO,0,0,8,0.09,29,0.85
2026_01_NO_DET,202609130det,2026,REG,1,Eric O'Neill,ONeiEr00,DE,DET,NO,0,0,4,0.04,17,0.5
2026_01_NO_DET,202609130det,2026,REG,1,Tay Martin,MartTa00,WR,DET,NO,0,0,0,0,24,0.71
2026_01_NO_DET,202609130det,2026,REG,1,Jacob Saylors,SaylJa00,RB,DET,NO,0,0,0,0,24,0.71
2026_01_NO_DET,202609130det,2026,REG,1,Khalil Dorsey,DorsKh00,CB,DET,NO,0,0,0,0,23,0.68
2026_01_NO_DET,202609130det,2026,REG,1,Jackson Meeks,MeekJa00,TE,DET,NO,0,0,0,0,18,0.53
2026_01_NO_DET,202609130det,2026,REG,1,Joe Bachie,BachJo01,LB,DET,NO,0,0,0,0,18,0.53
2026_01_NO_DET,202609130det,2026,REG,1,Hogan Hatten,HattHo00,LS,DET,NO,0,0,0,0,12,0.35
2026_01_NO_DET,202609130det,2026,REG,1,Jack Fox,FoxxJa01,P,DET,NO,0,0,0,0,12,0.35
2026_01_NO_DET,202609130det,2026,REG,1,Tom Kennedy,KennTo01,WR,DET,NO,0,0,0,0,11,0.32
2026_01_NO_DET,202609130det,2026,REG,1,Jake Bates,BateJa00,K,DET,NO,0,0,0,0,11,0.32
2026_01_NO_DET,202609130det,2026,REG,1,Miles Frazier,FrazMi00,OL,DET,NO,0,0,0,0,5,0.15
2026_01_NO_DET,202609130det,2026,REG,1,Kelvin Banks,BankKe01,T,NO,DET,90,1,0,0,5,0.15
2026_01_NO_DET,202609130det,2026,REG,1,Cesar Ruiz,RuizCe00,C,NO,DET,90,1,0,0,5,0.15
2026_01_NO_DET,202609130det,2026,REG,1,Taliese Fuaga,FuagTa00,T,NO,DET,90,1,0,0,5,0.15
2026_01_NO_DET,202609130det,2026,REG,1,David Edwards,EdwaDa01,G,NO,DET,90,1,0,0,5,0.15
2026_01_NO_DET,202609130det,2026,REG,1,Tyler Shough,ShouTy00,QB,NO,DET,90,1,0,0,0,0
2026_01_NO_DET,202609130det,2026,REG,1,Erik McCoy,McCoEr01,C,NO,DET,90,1,0,0,0,0
2026_01_NO_DET,202609130det,2026,REG,1,Devaughn Vele,VeleDe00,WR,NO,DET,82,0.91,0,0,0,0
2026_01_NO_DET,202609130det,2026,REG,1,Chris Olave,OlavCh00,WR,NO,DET,77,0.86,0,0,0,0
2026_01_NO_DET,202609130det,2026,REG,1,Juwan Johnson,JohnJu02,TE,NO,DET,76,0.84,0,0,4,0.12
2026_01_NO_DET,202609130det,2026,REG,1,Bryce Lance,LancBr00,WR,NO,DET,62,0.69,0,0,0,0
2026_01_NO_DET,202609130det,2026,REG,1,Travis Etienne,EtieTr00,RB,NO,DET,53,0.59,0,0,0,0
2026_01_NO_DET,202609130det,2026,REG,1,Noah Fant,FantNo00,TE,NO,DET,37,0.41,0,0,7,0.21
2026_01_NO_DET,202609130det,2026,REG,1,Kendre Miller,MillKe01,RB,NO,DET,26,0.29,0,0,1,0.03
2026_01_NO_DET,202609130det,2026,REG,1,CJ Donaldson,DonaCJ00,RB,NO,DET,15,0.17,0,0,20,0.59
2026_01_NO_DET,202609130det,2026,REG,1,Treyton Welch,WelcTr00,TE,NO,DET,10,0.11,0,0,6,0.18
2026_01_NO_DET,202609130det,2026,REG,1,Barion Brown,BrowBa02,WR,NO,DET,7,0.08,0,0,13,0.38
2026_01_NO_DET,202609130det,2026,REG,1,Kevin Austin,AustKe00,WR,NO,DET,5,0.06,0,0,1,0.03
2026_01_NO_DET,202609130det,2026,REG,1,Justin Reid,ReidJu00,S,NO,DET,0,0,77,1,5,0.15
2026_01_NO_DET,202609130det,2026,REG,1,Kaden Elliss,ElliKa00,LB,NO,DET,0,0,77,1,4,0.12
2026_01_NO_DET,202609130det,2026,REG,1,Kool-Aid McKinstry,McKiKo00,CB,NO,DET,0,0,77,1,0,0
2026_01_NO_DET,202609130det,2026,REG,1,Julian Blackmon,BlacJu01,S,NO,DET,0,0,77,1,0,0
2026_01_NO_DET,202609130det,2026,REG,1,Quincy Riley,RileQu00,CB,NO,DET,0,0,66,0.86,0,0
2026_01_NO_DET,202609130det,2026,REG,1,Carl Granderson,GranCa01,DE,NO,DET,0,0,59,0.77,9,0.26
2026_01_NO_DET,202609130det,2026,REG,1,Chase Young,YounCh04,DE,NO,DET,0,0,59,0.77,0,0
2026_01_NO_DET,202609130det,2026,REG,1,Nathan Shepherd,ShepNa00,DL,NO,DET,0,0,55,0.71,5,0.15
2026_01_NO_DET,202609130det,2026,REG,1,Vernon Broughton,BrouVe00,DL,NO,DET,0,0,52,0.68,5,0.15
2026_01_NO_DET,202609130det,2026,REG,1,Jonas Sanker,SankJo00,S,NO,DET,0,0,51,0.66,6,0.18
2026_01_NO_DET,202609130det,2026,REG,1,Pete Werner,WernPe00,LB,NO,DET,0,0,40,0.52,9,0.26
2026_01_NO_DET,202609130det,2026,REG,1,Davon Godchaux,GodcDa00,DL,NO,DET,0,0,36,0.47,0,0
2026_01_NO_DET,202609130det,2026,REG,1,Danny Stutsman,StutDa00,LB,NO,DET,0,0,26,0.34,29,0.85
2026_01_NO_DET,202609130det,2026,REG,1,Christen Miller,MillCh01,DL,NO,DET,0,0,25,0.32,0,0
2026_01_NO_DET,202609130det,2026,REG,1,Tyree Wilson,WilsTy01,DE,NO,DET,0,0,23,0.3,18,0.53
2026_01_NO_DET,202609130det,2026,REG,1,Anfernee Jennings,JennAn00,DE,NO,DET,0,0,18,0.23,24,0.71
2026_01_NO_DET,202609130det,2026,REG,1,Colby Wooden,WoodCo01,DL,NO,DET,0,0,18,0.23,5,0.15
2026_01_NO_DET,202609130det,2026,REG,1,Martin Emerson,EmerMa00,CB,NO,DET,0,0,11,0.14,0,0
2026_01_NO_DET,202609130det,2026,REG,1,Chris Rumph,RumpCh00,LB,NO,DET,0,0,0,0,29,0.85
2026_01_NO_DET,202609130det,2026,REG,1,Isaiah Stalbird,StalIs00,LB,NO,DET,0,0,0,0,28,0.82
2026_01_NO_DET,202609130det,2026,REG,1,Jordan Howden,HowdJo00,DB,NO,DET,0,0,0,0,25,0.74
2026_01_NO_DET,202609130det,2026,REG,1,Jayden Price,PricJa01,CB,NO,DET,0,0,0,0,24,0.71
2026_01_NO_DET,202609130det,2026,REG,1,Michael Reid,ReidMi01,S,NO,DET,0,0,0,0,19,0.56
2026_01_NO_DET,202609130det,2026,REG,1,Decamerion Richardson,RichDe01,CB,NO,DET,0,0,0,0,12,0.35
2026_01_NO_DET,202609130det,2026,REG,1,Daniel Carlson,CarlDa00,K,NO,DET,0,0,0,0,11,0.32
2026_01_NO_DET,202609130det,2026,REG,1,Zach Wood,WoodZa00,LS,NO,DET,0,0,0,0,10,0.29
2026_01_NO_DET,202609130det,2026,REG,1,Ryan Wright,WrigRy00,P,NO,DET,0,0,0,0,10,0.29
2026_01_NO_DET,202609130det,2026,REG,1,William Sherman,SherWi01,G,NO,DET,0,0,0,0,5,0.15
2026_01_NO_DET,202609130det,2026,REG,1,Asim Richards,RichAs00,OL,NO,DET,0,0,0,0,5,0.15
2026_01_NO_DET,202609130det,2026,REG,1,Jeremiah Wright,WrigJe00,G,NO,DET,0,0,0,0,5,0.15
2026_01_NYJ_TEN,202609130oti,2026,REG,1,Peter Skoronski,SkorPe00,G,TEN,NYJ,50,1,0,0,2,0.07
2026_01_NYJ_TEN,202609130oti,2026,REG,1,Dan Moore,MoorDa05,T,TEN,NYJ,50,1,0,0,2,0.07
2026_01_NYJ_TEN,202609130oti,2026,REG,1,JC Latham,LathJC00,T,TEN,NYJ,50,1,0,0,2,0.07
2026_01_NYJ_TEN,202609130oti,2026,REG,1,Cam Ward,WardCa00,QB,TEN,NYJ,50,1,0,0,0,0
2026_01_NYJ_TEN,202609130oti,2026,REG,1,Fernando Carmona,CarmFe00,G,TEN,NYJ,50,1,0,0,0,0
2026_01_NYJ_TEN,202609130oti,2026,REG,1,Austin Schlottmann,SchlAu00,C,TEN,NYJ,50,1,0,0,0,0
2026_01_NYJ_TEN,202609130oti,2026,REG,1,Carnell Tate,TateCa00,WR,TEN,NYJ,44,0.88,0,0,0,0
2026_01_NYJ_TEN,202609130oti,2026,REG,1,Wan'Dale Robinson,RobiWa01,WR,TEN,NYJ,41,0.82,0,0,0,0
2026_01_NYJ_TEN,202609130oti,2026,REG,1,Gunnar Helm,HelmGu00,TE,TEN,NYJ,38,0.76,0,0,5,0.19
2026_01_NYJ_TEN,202609130oti,2026,REG,1,Calvin Ridley,RidlCa00,WR,TEN,NYJ,32,0.64,0,0,0,0
2026_01_NYJ_TEN,202609130oti,2026,REG,1,Elic Ayomanor,AyomEl00,WR,TEN,NYJ,26,0.52,0,0,0,0
2026_01_NYJ_TEN,202609130oti,2026,REG,1,Tony Pollard,PollTo00,RB,TEN,NYJ,26,0.52,0,0,0,0
2026_01_NYJ_TEN,202609130oti,2026,REG,1,Tyjae Spears,SpeaTy00,RB,TEN,NYJ,25,0.5,0,0,0,0
2026_01_NYJ_TEN,202609130oti,2026,REG,1,Daniel Bellinger,BellDa00,TE,TEN,NYJ,14,0.28,0,0,3,0.11
2026_01_NYJ_TEN,202609130oti,2026,REG,1,Chimere Dike,DikeCh00,WR,TEN,NYJ,4,0.08,0,0,9,0.33
2026_01_NYJ_TEN,202609130oti,2026,REG,1,Kevin Winston,WinsKe02,S,TEN,NYJ,0,0,67,1,3,0.11
2026_01_NYJ_TEN,202609130oti,2026,REG,1,Anthony Hill,HillAn01,LB,TEN,NYJ,0,0,67,1,0,0
2026_01_NYJ_TEN,202609130oti,2026,REG,1,Alontae Taylor,TaylAl01,CB,TEN,NYJ,0,0,67,1,0,0
2026_01_NYJ_TEN,202609130oti,2026,REG,1,Cordale Flott,FlotCo00,CB,TEN,NYJ,0,0,66,0.99,0,0
2026_01_NYJ_TEN,202609130oti,2026,REG,1,Amani Hooker,HookAm00,S,TEN,NYJ,0,0,65,0.97,0,0
2026_01_NYJ_TEN,202609130oti,2026,REG,1,Cody Barton,BartCo00,LB,TEN,NYJ,0,0,65,0.97,0,0
2026_01_NYJ_TEN,202609130oti,2026,REG,1,Jeffery Simmons,SimmJe01,DT,TEN,NYJ,0,0,50,0.75,6,0.22
2026_01_NYJ_TEN,202609130oti,2026,REG,1,Jermaine Johnson II,JohnJe07,DE,TEN,NYJ,0,0,41,0.61,6,0.22
2026_01_NYJ_TEN,202609130oti,2026,REG,1,John Franklin-Myers,FranJo02,DL,TEN,NYJ,0,0,40,0.6,0,0
2026_01_NYJ_TEN,202609130oti,2026,REG,1,Marcus Harris,HarrMa10,CB,TEN,NYJ,0,0,36,0.54,2,0.07
2026_01_NYJ_TEN,202609130oti,2026,REG,1,Jacob Martin,MartJa02,DE,TEN,NYJ,0,0,30,0.45,5,0.19
2026_01_NYJ_TEN,202609130oti,2026,REG,1,James Williams,WillJa15,LB,TEN,NYJ,0,0,28,0.42,25,0.93
2026_01_NYJ_TEN,202609130oti,2026,REG,1,Nazir Stackhouse,StacNa00,DT,TEN,NYJ,0,0,26,0.39,0,0
2026_01_NYJ_TEN,202609130oti,2026,REG,1,Jordan Elliott,ElliJo02,DL,TEN,NYJ,0,0,21,0.31,6,0.22
2026_01_NYJ_TEN,202609130oti,2026,REG,1,Oluwafemi Oladejo,OladOl00,DE,TEN,NYJ,0,0,21,0.31,1,0.04
2026_01_NYJ_TEN,202609130oti,2026,REG,1,Solomon Thomas,ThomSo00,DT,TEN,NYJ,0,0,20,0.3,0,0
2026_01_NYJ_TEN,202609130oti,2026,REG,1,Keldric Faulk,FaulKe01,DE,TEN,NYJ,0,0,19,0.28,0,0
2026_01_NYJ_TEN,202609130oti,2026,REG,1,Tony Adams,AdamTo03,S,TEN,NYJ,0,0,4,0.06,9,0.33
2026_01_NYJ_TEN,202609130oti,2026,REG,1,Truman Jones,JoneTr01,DE,TEN,NYJ,0,0,3,0.04,25,0.93
2026_01_NYJ_TEN,202609130oti,2026,REG,1,Mohamoud Diabate,DiabMo00,LB,TEN,NYJ,0,0,0,0,25,0.93
2026_01_NYJ_TEN,202609130oti,2026,REG,1,Micah Robinson,RobiMi01,CB,TEN,NYJ,0,0,0,0,25,0.93
2026_01_NYJ_TEN,202609130oti,2026,REG,1,Terrell Burgess,BurgTe00,S,TEN,NYJ,0,0,0,0,25,0.93
2026_01_NYJ_TEN,202609130oti,2026,REG,1,Erick Hallett,HallEr00,S,TEN,NYJ,0,0,0,0,23,0.85
2026_01_NYJ_TEN,202609130oti,2026,REG,1,David Martin-Robinson,MartDa01,TE,TEN,NYJ,0,0,0,0,21,0.78
2026_01_NYJ_TEN,202609130oti,2026,REG,1,Julius Chestnut,ChesJu00,RB,TEN,NYJ,0,0,0,0,19,0.7
2026_01_NYJ_TEN,202609130oti,2026,REG,1,Kylen Granson,GranKy00,TE,TEN,NYJ,0,0,0,0,19,0.7
2026_01_NYJ_TEN,202609130oti,2026,REG,1,Morgan Cox,CoxxMo00,LS,TEN,NYJ,0,0,0,0,9,0.33
2026_01_NYJ_TEN,202609130oti,2026,REG,1,Tommy Townsend,TownTo01,P,TEN,NYJ,0,0,0,0,9,0.33
2026_01_NYJ_TEN,202609130oti,2026,REG,1,Joey Slye,SlyeJo00,K,TEN,NYJ,0,0,0,0,5,0.19
2026_01_NYJ_TEN,202609130oti,2026,REG,1,Pat Coogan,CoogPa01,C,TEN,NYJ,0,0,0,0,2,0.07
2026_01_NYJ_TEN,202609130oti,2026,REG,1,Jackson Slater,SlatJa01,G,TEN,NYJ,0,0,0,0,2,0.07
2026_01_NYJ_TEN,202609130oti,2026,REG,1,James Hudson,HudsJa00,T,TEN,NYJ,0,0,0,0,2,0.07
2026_01_NYJ_TEN,202609130oti,2026,REG,1,Armand Membou,MembAr00,T,NYJ,TEN,67,1,0,0,6,0.22
2026_01_NYJ_TEN,202609130oti,2026,REG,1,Joe Tippmann,TippJo00,C,NYJ,TEN,67,1,0,0,6,0.22
2026_01_NYJ_TEN,202609130oti,2026,REG,1,Dylan Parham,ParhDy00,OL,NYJ,TEN,67,1,0,0,6,0.22
2026_01_NYJ_TEN,202609130oti,2026,REG,1,Olu Fashanu,FashOl00,OL,NYJ,TEN,67,1,0,0,6,0.22
2026_01_NYJ_TEN,202609130oti,2026,REG,1,Geno Smith,SmitGe00,QB,NYJ,TEN,67,1,0,0,0,0
2026_01_NYJ_TEN,202609130oti,2026,REG,1,Josh Myers,MyerJo00,C,NYJ,TEN,67,1,0,0,0,0
2026_01_NYJ_TEN,202609130oti,2026,REG,1,Garrett Wilson,WilsGa00,WR,NYJ,TEN,50,0.75,0,0,1,0.04
2026_01_NYJ_TEN,202609130oti,2026,REG,1,Adonai Mitchell,MitcAd00,WR,NYJ,TEN,46,0.69,0,0,1,0.04
2026_01_NYJ_TEN,202609130oti,2026,REG,1,Mason Taylor,TaylMa02,TE,NYJ,TEN,44,0.66,0,0,3,0.11
2026_01_NYJ_TEN,202609130oti,2026,REG,1,Isaiah Williams,WillIs03,WR,NYJ,TEN,40,0.6,0,0,10,0.37
2026_01_NYJ_TEN,202609130oti,2026,REG,1,Breece Hall,HallBr03,RB,NYJ,TEN,39,0.58,0,0,1,0.04
2026_01_NYJ_TEN,202609130oti,2026,REG,1,Jeremy Ruckert,RuckJe00,TE,NYJ,TEN,29,0.43,0,0,6,0.22
2026_01_NYJ_TEN,202609130oti,2026,REG,1,Kenyon Sadiq,SadiKe00,TE,NYJ,TEN,28,0.42,0,0,0,0
2026_01_NYJ_TEN,202609130oti,2026,REG,1,Braelon Allen,AlleBr05,RB,NYJ,TEN,27,0.4,0,0,0,0
2026_01_NYJ_TEN,202609130oti,2026,REG,1,Jelani Woods,WoodJe01,TE,NYJ,TEN,16,0.24,0,0,1,0.04
2026_01_NYJ_TEN,202609130oti,2026,REG,1,Andrew Beck,BeckAn01,FB,NYJ,TEN,9,0.13,0,0,18,0.67
2026_01_NYJ_TEN,202609130oti,2026,REG,1,Omar Cooper,CoopOm00,WR,NYJ,TEN,5,0.07,0,0,0,0
2026_01_NYJ_TEN,202609130oti,2026,REG,1,Arian Smith,SmitAr01,WR,NYJ,TEN,2,0.03,0,0,6,0.22
2026_01_NYJ_TEN,202609130oti,2026,REG,1,Dane Belton,BeltDa00,S,NYJ,TEN,0,0,50,1,9,0.33
2026_01_NYJ_TEN,202609130oti,2026,REG,1,Azareye'h Thomas,ThomAz00,CB,NYJ,TEN,0,0,50,1,0,0
2026_01_NYJ_TEN,202609130oti,2026,REG,1,Brandon Stephens,StepBr01,CB,NYJ,TEN,0,0,50,1,0,0
2026_01_NYJ_TEN,202609130oti,2026,REG,1,Demario Davis,DaviDe00,LB,NYJ,TEN,0,0,50,1,0,0
2026_01_NYJ_TEN,202609130oti,2026,REG,1,Jamien Sherwood,SherJa00,LB,NYJ,TEN,0,0,45,0.9,2,0.07
2026_01_NYJ_TEN,202609130oti,2026,REG,1,Andre Cisco,CiscAn00,S,NYJ,TEN,0,0,44,0.88,13,0.48
2026_01_NYJ_TEN,202609130oti,2026,REG,1,Jarvis Brownlee,BrowJa09,DB,NYJ,TEN,0,0,38,0.76,0,0
2026_01_NYJ_TEN,202609130oti,2026,REG,1,David Onyemata,OnyeDa00,DL,NYJ,TEN,0,0,35,0.7,9,0.33
2026_01_NYJ_TEN,202609130oti,2026,REG,1,David Bailey,BailDa02,DE,NYJ,TEN,0,0,35,0.7,0,0
2026_01_NYJ_TEN,202609130oti,2026,REG,1,Kingsley Enagbare,EnagKi00,DE,NYJ,TEN,0,0,33,0.66,7,0.26
2026_01_NYJ_TEN,202609130oti,2026,REG,1,Harrison Phillips,PhilHa00,DL,NYJ,TEN,0,0,27,0.54,0,0
2026_01_NYJ_TEN,202609130oti,2026,REG,1,Will McDonald,McDoWi00,DE,NYJ,TEN,0,0,25,0.5,8,0.3
2026_01_NYJ_TEN,202609130oti,2026,REG,1,Braiden McGregor,McGrBr00,DE,NYJ,TEN,0,0,17,0.34,14,0.52
2026_01_NYJ_TEN,202609130oti,2026,REG,1,T'Vondre Sweat,SweaTV01,DL,NYJ,TEN,0,0,15,0.3,2,0.07
2026_01_NYJ_TEN,202609130oti,2026,REG,1,Jowon Briggs,BrigJo00,DL,NYJ,TEN,0,0,10,0.2,8,0.3
2026_01_NYJ_TEN,202609130oti,2026,REG,1,Darrell Jackson Jr.,JackDa06,DL,NYJ,TEN,0,0,8,0.16,3,0.11
2026_01_NYJ_TEN,202609130oti,2026,REG,1,Malachi Moore,MoorMa04,DB,NYJ,TEN,0,0,7,0.14,21,0.78
2026_01_NYJ_TEN,202609130oti,2026,REG,1,Minkah Fitzpatrick,FitzMi00,S,NYJ,TEN,0,0,6,0.12,0,0
2026_01_NYJ_TEN,202609130oti,2026,REG,1,Marcelino McCrary-Ball,McCrMa01,LB,NYJ,TEN,0,0,5,0.1,20,0.74
2026_01_NYJ_TEN,202609130oti,2026,REG,1,Qwan'tez Stiggers,StigQw00,CB,NYJ,TEN,0,0,0,0,20,0.74
2026_01_NYJ_TEN,202609130oti,2026,REG,1,Isaiah Davis,DaviIs00,RB,NYJ,TEN,0,0,0,0,18,0.67
2026_01_NYJ_TEN,202609130oti,2026,REG,1,Francisco Mauigoa,MauiFr00,LB,NYJ,TEN,0,0,0,0,18,0.67
2026_01_NYJ_TEN,202609130oti,2026,REG,1,Nahshon Wright,WrigNa00,DB,NYJ,TEN,0,0,0,0,12,0.44
2026_01_NYJ_TEN,202609130oti,2026,REG,1,Jason Sanders,SandJa00,K,NYJ,TEN,0,0,0,0,12,0.44
2026_01_NYJ_TEN,202609130oti,2026,REG,1,Austin McNamara,McNaAu00,P,NYJ,TEN,0,0,0,0,9,0.33
2026_01_NYJ_TEN,202609130oti,2026,REG,1,Thomas Hennessy,HennTh00,LS,NYJ,TEN,0,0,0,0,9,0.33
2026_01_NYJ_TEN,202609130oti,2026,REG,1,Chukwuma Okorafor,OkorCh00,OL,NYJ,TEN,0,0,0,0,6,0.22
2026_01_NYJ_TEN,202609130oti,2026,REG,1,Max Mitchell,MitcMa02,OL,NYJ,TEN,0,0,0,0,6,0.22
2026_01_SF_LA,202609100ram,2026,REG,1,Alaric Jackson,JackAl01,OL,LA,SF,61,1,0,0,1,0.05
2026_01_SF_LA,202609100ram,2026,REG,1,Steve Avila,AvilSt00,OL,LA,SF,61,1,0,0,1,0.05
2026_01_SF_LA,202609100ram,2026,REG,1,Warren McClendon,McClWa00,OL,LA,SF,61,1,0,0,1,0.05
2026_01_SF_LA,202609100ram,2026,REG,1,Coleman Shelton,ShelCo00,OL,LA,SF,61,1,0,0,1,0.05
2026_01_SF_LA,202609100ram,2026,REG,1,Kevin Dotson,DotsKe00,OL,LA,SF,59,0.97,0,0,1,0.05
2026_01_SF_LA,202609100ram,2026,REG,1,Matthew Stafford,StafMa00,QB,LA,SF,51,0.84,0,0,0,0
2026_01_SF_LA,202609100ram,2026,REG,1,Colby Parkinson,ParkCo02,TE,LA,SF,47,0.77,0,0,1,0.05
2026_01_SF_LA,202609100ram,2026,REG,1,Puka Nacua,NacuPu00,WR,LA,SF,43,0.7,0,0,0,0
2026_01_SF_LA,202609100ram,2026,REG,1,Kyren Williams,WillKy02,RB,LA,SF,39,0.64,0,0,0,0
2026_01_SF_LA,202609100ram,2026,REG,1,Davante Adams,AdamDa01,WR,LA,SF,33,0.54,0,0,0,0
2026_01_SF_LA,202609100ram,2026,REG,1,Terrance Ferguson,FergTe00,TE,LA,SF,31,0.51,0,0,6,0.3
2026_01_SF_LA,202609100ram,2026,REG,1,Jordan Whittington,WhitJo04,WR,LA,SF,25,0.41,0,0,13,0.65
2026_01_SF_LA,202609100ram,2026,REG,1,Davis Allen,AlleDa02,TE,LA,SF,21,0.34,0,0,9,0.45
2026_01_SF_LA,202609100ram,2026,REG,1,Xavier Smith,SmitXa00,WR,LA,SF,16,0.26,0,0,11,0.55
2026_01_SF_LA,202609100ram,2026,REG,1,Konata Mumpfield,MumpKo00,WR,LA,SF,16,0.26,0,0,6,0.3
2026_01_SF_LA,202609100ram,2026,REG,1,Blake Corum,CoruBl00,RB,LA,SF,14,0.23,0,0,0,0
2026_01_SF_LA,202609100ram,2026,REG,1,Tyler Higbee,HigbTy00,TE,LA,SF,12,0.2,0,0,10,0.5
2026_01_SF_LA,202609100ram,2026,REG,1,Stetson Bennett,BennSt00,QB,LA,SF,10,0.16,0,0,0,0
2026_01_SF_LA,202609100ram,2026,REG,1,Ronnie Rivers,RiveRo01,RB,LA,SF,8,0.13,0,0,0,0
2026_01_SF_LA,202609100ram,2026,REG,1,Beaux Limmer,LimmBe00,OL,LA,SF,2,0.03,0,0,0,0
2026_01_SF_LA,202609100ram,2026,REG,1,Quentin Lake,LakeQu00,S,LA,SF,0,0,65,1,10,0.5
2026_01_SF_LA,202609100ram,2026,REG,1,Trent McDuffie,McDuTr00,CB,LA,SF,0,0,65,1,6,0.3
2026_01_SF_LA,202609100ram,2026,REG,1,Jaylen Watson,WatsJa02,CB,LA,SF,0,0,65,1,1,0.05
2026_01_SF_LA,202609100ram,2026,REG,1,Nathan Landman,LandNa01,LB,LA,SF,0,0,64,0.98,7,0.35
2026_01_SF_LA,202609100ram,2026,REG,1,Kamren Kinchens,KincKa00,S,LA,SF,0,0,52,0.8,6,0.3
2026_01_SF_LA,202609100ram,2026,REG,1,Byron Young,YounBy01,LB,LA,SF,0,0,47,0.72,1,0.05
2026_01_SF_LA,202609100ram,2026,REG,1,Kobie Turner,TurnKo00,DE,LA,SF,0,0,43,0.66,1,0.05
2026_01_SF_LA,202609100ram,2026,REG,1,Myles Garrett,GarrMy00,LB,LA,SF,0,0,40,0.62,6,0.3
2026_01_SF_LA,202609100ram,2026,REG,1,Jaylen McCollough,McCoJa02,S,LA,SF,0,0,39,0.6,15,0.75
2026_01_SF_LA,202609100ram,2026,REG,1,Poona Ford,FordPo00,NT,LA,SF,0,0,33,0.51,8,0.4
2026_01_SF_LA,202609100ram,2026,REG,1,Tyler Davis,DaviTy05,DE,LA,SF,0,0,32,0.49,3,0.15
2026_01_SF_LA,202609100ram,2026,REG,1,Omar Speights,SpeiOm00,LB,LA,SF,0,0,30,0.46,9,0.45
2026_01_SF_LA,202609100ram,2026,REG,1,Kamren Curl,CurlKa00,S,LA,SF,0,0,30,0.46,1,0.05
2026_01_SF_LA,202609100ram,2026,REG,1,Braden Fiske,FiskBr00,DE,LA,SF,0,0,29,0.45,7,0.35
2026_01_SF_LA,202609100ram,2026,REG,1,Josaiah Stewart,StewJo03,LB,LA,SF,0,0,28,0.43,2,0.1
2026_01_SF_LA,202609100ram,2026,REG,1,Shaun Dolac,DolaSh00,LB,LA,SF,0,0,19,0.29,17,0.85
2026_01_SF_LA,202609100ram,2026,REG,1,Desjuan Johnson,JohnDe08,LB,LA,SF,0,0,15,0.23,8,0.4
2026_01_SF_LA,202609100ram,2026,REG,1,Ty Hamilton,HamiTy00,NT,LA,SF,0,0,12,0.18,5,0.25
2026_01_SF_LA,202609100ram,2026,REG,1,Josh Wallace,WallJo00,CB,LA,SF,0,0,7,0.11,8,0.4
2026_01_SF_LA,202609100ram,2026,REG,1,Grant Stuard,StuaGr00,LB,LA,SF,0,0,0,0,14,0.7
2026_01_SF_LA,202609100ram,2026,REG,1,Tanner Ingle,InglTa00,S,LA,SF,0,0,0,0,8,0.4
2026_01_SF_LA,202609100ram,2026,REG,1,Ethan Evans,EvanEt00,P,LA,SF,0,0,0,0,4,0.2
2026_01_SF_LA,202609100ram,2026,REG,1,Joe Cardona,CardJo00,LS,LA,SF,0,0,0,0,4,0.2
2026_01_SF_LA,202609100ram,2026,REG,1,Harrison Mevis,MeviHa00,K,LA,SF,0,0,0,0,3,0.15
2026_01_SF_LA,202609100ram,2026,REG,1,Emmanuel Forbes,ForbEm00,CB,LA,SF,0,0,0,0,2,0.1
2026_01_SF_LA,202609100ram,2026,REG,1,Wesley Bailey,BailWe00,LB,LA,SF,0,0,0,0,2,0.1
2026_01_SF_LA,202609100ram,2026,REG,1,David Quessenberry,QuesDa00,OL,LA,SF,0,0,0,0,1,0.05
2026_01_SF_LA,202609100ram,2026,REG,1,Dominick Puni,PuniDo00,OL,SF,LA,65,1,0,0,6,0.3
2026_01_SF_LA,202609100ram,2026,REG,1,Colton McKivitz,McKiCo00,OL,SF,LA,65,1,0,0,6,0.3
2026_01_SF_LA,202609100ram,2026,REG,1,Connor Colby,ColbCo00,OL,SF,LA,65,1,0,0,6,0.3
2026_01_SF_LA,202609100ram,2026,REG,1,Trent Williams,WillTr21,T,SF,LA,65,1,0,0,0,0
2026_01_SF_LA,202609100ram,2026,REG,1,Brock Purdy,PurdBr00,QB,SF,LA,65,1,0,0,0,0
2026_01_SF_LA,202609100ram,2026,REG,1,Jake Brendel,BrenJa01,OL,SF,LA,65,1,0,0,0,0
2026_01_SF_LA,202609100ram,2026,REG,1,Mike Evans,EvanMi00,WR,SF,LA,49,0.75,0,0,0,0
2026_01_SF_LA,202609100ram,2026,REG,1,Luke Farrell,FarrLu00,TE,SF,LA,46,0.71,0,0,18,0.9
2026_01_SF_LA,202609100ram,2026,REG,1,Demarcus Robinson,RobiDe01,WR,SF,LA,41,0.63,0,0,0,0
2026_01_SF_LA,202609100ram,2026,REG,1,Christian McCaffrey,McCaCh01,RB,SF,LA,36,0.55,0,0,0,0
2026_01_SF_LA,202609100ram,2026,REG,1,Kyle Juszczyk,JuszKy00,FB,SF,LA,33,0.51,0,0,6,0.3
2026_01_SF_LA,202609100ram,2026,REG,1,George Kittle,KittGe00,TE,SF,LA,30,0.46,0,0,0,0
2026_01_SF_LA,202609100ram,2026,REG,1,Kaelon Black,BlacKa00,RB,SF,LA,28,0.43,0,0,0,0
2026_01_SF_LA,202609100ram,2026,REG,1,Deebo Samuel,SamuDe00,WR,SF,LA,27,0.42,0,0,2,0.1
2026_01_SF_LA,202609100ram,2026,REG,1,De'Zhaun Stribling,StriDe01,WR,SF,LA,21,0.32,0,0,0,0
2026_01_SF_LA,202609100ram,2026,REG,1,Jake Tonges,TongJa00,TE,SF,LA,8,0.12,0,0,4,0.2
2026_01_SF_LA,202609100ram,2026,REG,1,Jacob Cowing,CowiJa00,WR,SF,LA,5,0.08,0,0,5,0.25
2026_01_SF_LA,202609100ram,2026,REG,1,KhaDarel Hodge,HodgKh00,WR,SF,LA,1,0.02,0,0,12,0.6
2026_01_SF_LA,202609100ram,2026,REG,1,Marques Sigle,SiglMa00,S,SF,LA,0,0,61,1,8,0.4
2026_01_SF_LA,202609100ram,2026,REG,1,Deommodore Lenoir,LenoDe00,DB,SF,LA,0,0,61,1,2,0.1
2026_01_SF_LA,202609100ram,2026,REG,1,Renardo Green,GreeRe00,CB,SF,LA,0,0,61,1,1,0.05
2026_01_SF_LA,202609100ram,2026,REG,1,Ji'Ayir Brown,BrowJi01,S,SF,LA,0,0,55,0.9,7,0.35
2026_01_SF_LA,202609100ram,2026,REG,1,Fred Warner,WarnFr00,LB,SF,LA,0,0,53,0.87,2,0.1
2026_01_SF_LA,202609100ram,2026,REG,1,Dre Greenlaw,GreeDr00,LB,SF,LA,0,0,40,0.66,1,0.05
2026_01_SF_LA,202609100ram,2026,REG,1,Osa Odighizuwa,OdigOs00,DL,SF,LA,0,0,36,0.59,2,0.1
2026_01_SF_LA,202609100ram,2026,REG,1,Nick Bosa,BosaNi00,DL,SF,LA,0,0,36,0.59,1,0.05
2026_01_SF_LA,202609100ram,2026,REG,1,Upton Stout,StouUp00,CB,SF,LA,0,0,36,0.59,1,0.05
2026_01_SF_LA,202609100ram,2026,REG,1,Jaden Dugger,DuggJa00,LB,SF,LA,0,0,34,0.56,12,0.6
2026_01_SF_LA,202609100ram,2026,REG,1,Gracen Halton,HaltGr00,DL,SF,LA,0,0,31,0.51,1,0.05
2026_01_SF_LA,202609100ram,2026,REG,1,Romello Height,HeigRo00,DL,SF,LA,0,0,30,0.49,3,0.15
2026_01_SF_LA,202609100ram,2026,REG,1,Keion White,WhitKe03,DL,SF,LA,0,0,30,0.49,2,0.1
2026_01_SF_LA,202609100ram,2026,REG,1,CJ West,WestCJ00,DL,SF,LA,0,0,23,0.38,1,0.05
2026_01_SF_LA,202609100ram,2026,REG,1,James Thompson,ThomJa06,DL,SF,LA,0,0,21,0.34,0,0
2026_01_SF_LA,202609100ram,2026,REG,1,Khalid Kareem,KareKh00,DL,SF,LA,0,0,19,0.31,0,0
2026_01_SF_LA,202609100ram,2026,REG,1,Ogbonnia Okoronkwo,OkorOg00,DL,SF,LA,0,0,18,0.3,1,0.05
2026_01_SF_LA,202609100ram,2026,REG,1,Garret Wallow,WallGa00,LB,SF,LA,0,0,13,0.21,13,0.65
2026_01_SF_LA,202609100ram,2026,REG,1,Jack Jones,JoneJa10,CB,SF,LA,0,0,8,0.13,2,0.1
2026_01_SF_LA,202609100ram,2026,REG,1,Malik Mustapha,MustMa00,S,SF,LA,0,0,6,0.1,10,0.5
2026_01_SF_LA,202609100ram,2026,REG,1,Luke Gifford,GiffLu00,LB,SF,LA,0,0,0,0,13,0.65
2026_01_SF_LA,202609100ram,2026,REG,1,Siran Neal,NealSi00,DB,SF,LA,0,0,0,0,13,0.65
2026_01_SF_LA,202609100ram,2026,REG,1,Ashtyn Davis,DaviAs00,S,SF,LA,0,0,0,0,13,0.65
2026_01_SF_LA,202609100ram,2026,REG,1,Eddy Piñeiro,PineEd00,K,SF,LA,0,0,0,0,12,0.6
2026_01_SF_LA,202609100ram,2026,REG,1,Corliss Waitman,WaitCo00,P,SF,LA,0,0,0,0,8,0.4
2026_01_SF_LA,202609100ram,2026,REG,1,Jon Weeks,WeekJo00,LS,SF,LA,0,0,0,0,8,0.4
2026_01_SF_LA,202609100ram,2026,REG,1,Vederian Lowe,LoweVe00,OL,SF,LA,0,0,0,0,6,0.3
2026_01_SF_LA,202609100ram,2026,REG,1,Jarrett Patterson,PattJa03,OL,SF,LA,0,0,0,0,6,0.3
2026_01_SF_LA,202609100ram,2026,REG,1,Carver Willis,WillCa05,OL,SF,LA,0,0,0,0,6,0.3
2026_01_TB_CIN,202609130cin,2026,REG,1,Dalton Risner,RisnDa00,G,CIN,TB,64,1,0,0,7,0.26
2026_01_TB_CIN,202609130cin,2026,REG,1,Amarius Mims,MimsAm00,T,CIN,TB,64,1,0,0,7,0.26
2026_01_TB_CIN,202609130cin,2026,REG,1,Orlando Brown Jr.,BrowOr00,T,CIN,TB,64,1,0,0,7,0.26
2026_01_TB_CIN,202609130cin,2026,REG,1,Ted Karras,KarrTe00,C,CIN,TB,64,1,0,0,7,0.26
2026_01_TB_CIN,202609130cin,2026,REG,1,Dylan Fairchild,FairDy00,G,CIN,TB,64,1,0,0,7,0.26
2026_01_TB_CIN,202609130cin,2026,REG,1,Joe Burrow,BurrJo01,QB,CIN,TB,64,1,0,0,0,0
2026_01_TB_CIN,202609130cin,2026,REG,1,Ja'Marr Chase,ChasJa00,WR,CIN,TB,60,0.94,0,0,0,0
2026_01_TB_CIN,202609130cin,2026,REG,1,Chase Brown,BrowCh10,HB,CIN,TB,46,0.72,0,0,0,0
2026_01_TB_CIN,202609130cin,2026,REG,1,Tee Higgins,HiggTe00,WR,CIN,TB,46,0.72,0,0,0,0
2026_01_TB_CIN,202609130cin,2026,REG,1,Drew Sample,SampDr00,TE,CIN,TB,42,0.66,0,0,14,0.52
2026_01_TB_CIN,202609130cin,2026,REG,1,Andrei Iosivas,IosiAn00,WR,CIN,TB,39,0.61,0,0,0,0
2026_01_TB_CIN,202609130cin,2026,REG,1,Mike Gesicki,GesiMi00,TE,CIN,TB,21,0.33,0,0,0,0
2026_01_TB_CIN,202609130cin,2026,REG,1,Erick All,AllxEr00,TE,CIN,TB,20,0.31,0,0,0,0
2026_01_TB_CIN,202609130cin,2026,REG,1,Samaje Perine,PeriSa00,HB,CIN,TB,18,0.28,0,0,10,0.37
2026_01_TB_CIN,202609130cin,2026,REG,1,Dohnte Meyers,MeyeDo00,WR,CIN,TB,10,0.16,0,0,6,0.22
2026_01_TB_CIN,202609130cin,2026,REG,1,Colbie Young,YounCo01,WR,CIN,TB,9,0.14,0,0,7,0.26
2026_01_TB_CIN,202609130cin,2026,REG,1,Tanner Hudson,HudsTa00,TE,CIN,TB,6,0.09,0,0,13,0.48
2026_01_TB_CIN,202609130cin,2026,REG,1,Tahj Brooks,BrooTa00,HB,CIN,TB,2,0.03,0,0,6,0.22
2026_01_TB_CIN,202609130cin,2026,REG,1,Jacob Bayer,BayeJa00,C,CIN,TB,1,0.02,0,0,0,0
2026_01_TB_CIN,202609130cin,2026,REG,1,Daxton Hill,HillDa04,CB,CIN,TB,0,0,57,1,5,0.19
2026_01_TB_CIN,202609130cin,2026,REG,1,Barrett Carter,CartBa00,LB,CIN,TB,0,0,57,1,5,0.19
2026_01_TB_CIN,202609130cin,2026,REG,1,Bryan Cook,CookBr02,S,CIN,TB,0,0,57,1,0,0
2026_01_TB_CIN,202609130cin,2026,REG,1,Jordan Battle,BattJo00,S,CIN,TB,0,0,56,0.98,13,0.48
2026_01_TB_CIN,202609130cin,2026,REG,1,DJ Turner,TurnDJ01,CB,CIN,TB,0,0,56,0.98,0,0
2026_01_TB_CIN,202609130cin,2026,REG,1,Demetrius Knight,KnigDe00,LB,CIN,TB,0,0,51,0.89,0,0
2026_01_TB_CIN,202609130cin,2026,REG,1,Jalen Davis,DaviJa06,CB,CIN,TB,0,0,45,0.79,0,0
2026_01_TB_CIN,202609130cin,2026,REG,1,Boye Mafe,MafeBo00,DE,CIN,TB,0,0,37,0.65,0,0
2026_01_TB_CIN,202609130cin,2026,REG,1,Dexter Lawrence,LawrDe03,DT,CIN,TB,0,0,35,0.61,5,0.19
2026_01_TB_CIN,202609130cin,2026,REG,1,Myles Murphy,MurpMy00,DE,CIN,TB,0,0,34,0.6,5,0.19
2026_01_TB_CIN,202609130cin,2026,REG,1,Jonathan Allen,AlleJo01,DT,CIN,TB,0,0,32,0.56,0,0
2026_01_TB_CIN,202609130cin,2026,REG,1,Cashius Howell,HoweCa00,DE,CIN,TB,0,0,25,0.44,0,0
2026_01_TB_CIN,202609130cin,2026,REG,1,B.J. Hill,HillB.00,DT,CIN,TB,0,0,24,0.42,0,0
2026_01_TB_CIN,202609130cin,2026,REG,1,Tedarrell Slaton,SlatTe00,DT,CIN,TB,0,0,21,0.37,5,0.19
2026_01_TB_CIN,202609130cin,2026,REG,1,Cedric Johnson,JohnCe01,DE,CIN,TB,0,0,19,0.33,14,0.52
2026_01_TB_CIN,202609130cin,2026,REG,1,Kris Jenkins,JenkKr01,DT,CIN,TB,0,0,8,0.14,5,0.19
2026_01_TB_CIN,202609130cin,2026,REG,1,DJ Ivey,IveyDJ00,CB,CIN,TB,0,0,6,0.11,20,0.74
2026_01_TB_CIN,202609130cin,2026,REG,1,Tacario Davis,DaviTa01,CB,CIN,TB,0,0,4,0.07,8,0.3
2026_01_TB_CIN,202609130cin,2026,REG,1,Oren Burks,BurkOr00,LB,CIN,TB,0,0,3,0.05,20,0.74
2026_01_TB_CIN,202609130cin,2026,REG,1,PJ Jules,JulePJ00,S,CIN,TB,0,0,0,0,20,0.74
2026_01_TB_CIN,202609130cin,2026,REG,1,Kyle Dugger,DuggKy00,S,CIN,TB,0,0,0,0,15,0.56
2026_01_TB_CIN,202609130cin,2026,REG,1,Swayze Bozeman,BozeSw00,LB,CIN,TB,0,0,0,0,15,0.56
2026_01_TB_CIN,202609130cin,2026,REG,1,Evan McPherson,McPhEv00,K,CIN,TB,0,0,0,0,15,0.56
2026_01_TB_CIN,202609130cin,2026,REG,1,Joe Giles-Harris,GileJo01,LB,CIN,TB,0,0,0,0,13,0.48
2026_01_TB_CIN,202609130cin,2026,REG,1,Ryan Rehkow,RehkRy00,P,CIN,TB,0,0,0,0,8,0.3
2026_01_TB_CIN,202609130cin,2026,REG,1,William Wagner,WagnWi00,LS,CIN,TB,0,0,0,0,8,0.3
2026_01_TB_CIN,202609130cin,2026,REG,1,Jalen Rivers,RiveJa00,G,CIN,TB,0,0,0,0,7,0.26
2026_01_TB_CIN,202609130cin,2026,REG,1,Joe Flacco,FlacJo00,QB,CIN,TB,0,0,0,0,0,0
2026_01_TB_CIN,202609130cin,2026,REG,1,Ben Bredeson,BredBe00,G,TB,CIN,57,1,0,0,5,0.19
2026_01_TB_CIN,202609130cin,2026,REG,1,Tristan Wirfs,WirfTr00,T,TB,CIN,57,1,0,0,5,0.19
2026_01_TB_CIN,202609130cin,2026,REG,1,Cody Mauch,MaucCo00,G,TB,CIN,57,1,0,0,5,0.19
2026_01_TB_CIN,202609130cin,2026,REG,1,Luke Goedeke,GoedLu00,T,TB,CIN,57,1,0,0,5,0.19
2026_01_TB_CIN,202609130cin,2026,REG,1,Baker Mayfield,MayfBa00,QB,TB,CIN,57,1,0,0,0,0
2026_01_TB_CIN,202609130cin,2026,REG,1,Graham Barton,BartGr00,C,TB,CIN,57,1,0,0,0,0
2026_01_TB_CIN,202609130cin,2026,REG,1,Cade Otton,OttoCa00,TE,TB,CIN,56,0.98,0,0,0,0
2026_01_TB_CIN,202609130cin,2026,REG,1,Emeka Egbuka,EgbuEm01,WR,TB,CIN,49,0.86,0,0,0,0
2026_01_TB_CIN,202609130cin,2026,REG,1,Chris Godwin,GodwCh00,WR,TB,CIN,49,0.86,0,0,0,0
2026_01_TB_CIN,202609130cin,2026,REG,1,Ted Hurst,HursTe00,WR,TB,CIN,43,0.75,0,0,0,0
2026_01_TB_CIN,202609130cin,2026,REG,1,Bucky Irving,IrviBu00,RB,TB,CIN,35,0.61,0,0,0,0
2026_01_TB_CIN,202609130cin,2026,REG,1,Kenneth Gainwell,GainKe00,RB,TB,CIN,26,0.46,0,0,9,0.33
2026_01_TB_CIN,202609130cin,2026,REG,1,Tez Johnson,JohnTe03,WR,TB,CIN,13,0.23,0,0,1,0.04
2026_01_TB_CIN,202609130cin,2026,REG,1,Payne Durham,DurhPa00,TE,TB,CIN,7,0.12,0,0,14,0.52
2026_01_TB_CIN,202609130cin,2026,REG,1,Kameron Johnson,JohnKa01,WR,TB,CIN,5,0.09,0,0,14,0.52
2026_01_TB_CIN,202609130cin,2026,REG,1,Bauer Sharp,SharBa00,TE,TB,CIN,1,0.02,0,0,15,0.56
2026_01_TB_CIN,202609130cin,2026,REG,1,Ko Kieft,KiefKo00,TE,TB,CIN,1,0.02,0,0,15,0.56
2026_01_TB_CIN,202609130cin,2026,REG,1,Alex Anzalone,AnzaAl00,LB,TB,CIN,0,0,64,1,7,0.26
2026_01_TB_CIN,202609130cin,2026,REG,1,Zyon McCollum,McCoZy02,CB,TB,CIN,0,0,63,0.98,7,0.26
2026_01_TB_CIN,202609130cin,2026,REG,1,Tykee Smith,SmitTy05,S,TB,CIN,0,0,62,0.97,7,0.26
2026_01_TB_CIN,202609130cin,2026,REG,1,Antoine Winfield Jr.,WinfAn00,S,TB,CIN,0,0,62,0.97,7,0.26
2026_01_TB_CIN,202609130cin,2026,REG,1,Josiah Trotter,TrotJo00,LB,TB,CIN,0,0,58,0.91,12,0.44
2026_01_TB_CIN,202609130cin,2026,REG,1,Keionte Scott,ScotKe01,DB,TB,CIN,0,0,47,0.73,1,0.04
2026_01_TB_CIN,202609130cin,2026,REG,1,Vita Vea,VeaxVi00,NT,TB,CIN,0,0,44,0.69,7,0.26
2026_01_TB_CIN,202609130cin,2026,REG,1,Benjamin Morrison,MorrBe00,CB,TB,CIN,0,0,43,0.67,12,0.44
2026_01_TB_CIN,202609130cin,2026,REG,1,Rueben Bain,BainRu00,LB,TB,CIN,0,0,41,0.64,0,0
2026_01_TB_CIN,202609130cin,2026,REG,1,Calijah Kancey,KancCa00,DL,TB,CIN,0,0,40,0.62,7,0.26
2026_01_TB_CIN,202609130cin,2026,REG,1,YaYa Diaby,DiabYa00,LB,TB,CIN,0,0,40,0.62,6,0.22
2026_01_TB_CIN,202609130cin,2026,REG,1,A'Shawn Robinson,RobiAS00,DL,TB,CIN,0,0,32,0.5,7,0.26
2026_01_TB_CIN,202609130cin,2026,REG,1,Al-Quadin Muhammad,MuhaAl00,LB,TB,CIN,0,0,26,0.41,1,0.04
2026_01_TB_CIN,202609130cin,2026,REG,1,Anthony Nelson,NelsAn01,LB,TB,CIN,0,0,23,0.36,15,0.56
2026_01_TB_CIN,202609130cin,2026,REG,1,Jacob Parrish,ParrJa01,CB,TB,CIN,0,0,20,0.31,2,0.07
2026_01_TB_CIN,202609130cin,2026,REG,1,Rakeem Nunez-Roches,NuneRa00,DL,TB,CIN,0,0,16,0.25,0,0
2026_01_TB_CIN,202609130cin,2026,REG,1,Elijah Roberts,RobeEl01,DL,TB,CIN,0,0,16,0.25,0,0
2026_01_TB_CIN,202609130cin,2026,REG,1,SirVocea Dennis,DennSi00,LB,TB,CIN,0,0,5,0.08,15,0.56
2026_01_TB_CIN,202609130cin,2026,REG,1,Miles Killebrew,KillMi00,S,TB,CIN,0,0,2,0.03,15,0.56
2026_01_TB_CIN,202609130cin,2026,REG,1,Ifeatu Melifonwu,MeliIf00,S,TB,CIN,0,0,0,0,15,0.56
2026_01_TB_CIN,202609130cin,2026,REG,1,David Walker,WalkDa03,LB,TB,CIN,0,0,0,0,15,0.56
2026_01_TB_CIN,202609130cin,2026,REG,1,Kevin Knowles,KnowKe00,CB,TB,CIN,0,0,0,0,15,0.56
2026_01_TB_CIN,202609130cin,2026,REG,1,Chase McLaughlin,McLaCh00,K,TB,CIN,0,0,0,0,11,0.41
2026_01_TB_CIN,202609130cin,2026,REG,1,Riley Dixon,DixoRi00,P,TB,CIN,0,0,0,0,5,0.19
2026_01_TB_CIN,202609130cin,2026,REG,1,Luke Haggard,HaggLu00,G,TB,CIN,0,0,0,0,5,0.19
2026_01_TB_CIN,202609130cin,2026,REG,1,Josh Williams,WillJo011,RB,TB,CIN,0,0,0,0,5,0.19
2026_01_TB_CIN,202609130cin,2026,REG,1,Evan Deckers,DeckEv00,LS,TB,CIN,0,0,0,0,5,0.19
2026_01_TB_CIN,202609130cin,2026,REG,1,Benjamin Chukwuma,ChukBe00,T,TB,CIN,0,0,0,0,5,0.19
2026_01_WAS_PHI,202609130phi,2026,REG,1,Tyler Steen,SteeTy00,G,PHI,WAS,55,1,0,0,4,0.13
2026_01_WAS_PHI,202609130phi,2026,REG,1,Jordan Mailata,MailJo00,T,PHI,WAS,55,1,0,0,4,0.13
2026_01_WAS_PHI,202609130phi,2026,REG,1,Landon Dickerson,DickLa00,G,PHI,WAS,55,1,0,0,4,0.13
2026_01_WAS_PHI,202609130phi,2026,REG,1,Jalen Hurts,HurtJa00,QB,PHI,WAS,55,1,0,0,0,0
2026_01_WAS_PHI,202609130phi,2026,REG,1,Cam Jurgens,JurgCa01,C,PHI,WAS,55,1,0,0,0,0
2026_01_WAS_PHI,202609130phi,2026,REG,1,Lane Johnson,JohnLa01,T,PHI,WAS,55,1,0,0,0,0
2026_01_WAS_PHI,202609130phi,2026,REG,1,Dallas Goedert,GoedDa00,TE,PHI,WAS,52,0.95,0,0,1,0.03
2026_01_WAS_PHI,202609130phi,2026,REG,1,DeVonta Smith,SmitDe07,WR,PHI,WAS,52,0.95,0,0,1,0.03
2026_01_WAS_PHI,202609130phi,2026,REG,1,Dontayvion Wicks,WickDo00,WR,PHI,WAS,50,0.91,0,0,0,0
2026_01_WAS_PHI,202609130phi,2026,REG,1,Saquon Barkley,BarkSa00,RB,PHI,WAS,39,0.71,0,0,0,0
2026_01_WAS_PHI,202609130phi,2026,REG,1,Makai Lemon,LemoMa00,WR,PHI,WAS,35,0.64,0,0,0,0
2026_01_WAS_PHI,202609130phi,2026,REG,1,Johnny Mundt,MundJo00,TE,PHI,WAS,20,0.36,0,0,12,0.39
2026_01_WAS_PHI,202609130phi,2026,REG,1,Will Shipley,ShipWi00,RB,PHI,WAS,10,0.18,0,0,21,0.68
2026_01_WAS_PHI,202609130phi,2026,REG,1,Darius Cooper,CoopDa01,WR,PHI,WAS,8,0.15,0,0,21,0.68
2026_01_WAS_PHI,202609130phi,2026,REG,1,Tank Bigsby,BigsTa00,RB,PHI,WAS,6,0.11,0,0,11,0.35
2026_01_WAS_PHI,202609130phi,2026,REG,1,Cooper DeJean,DeJeCo00,DB,PHI,WAS,2,0.04,70,1,3,0.1
2026_01_WAS_PHI,202609130phi,2026,REG,1,E.J. Jenkins,JenkEJ00,TE,PHI,WAS,1,0.02,0,0,25,0.81
2026_01_WAS_PHI,202609130phi,2026,REG,1,Zack Baun,BaunZa00,LB,PHI,WAS,0,0,70,1,3,0.1
2026_01_WAS_PHI,202609130phi,2026,REG,1,Andrew Mukuba,MukuAn00,S,PHI,WAS,0,0,70,1,0,0
2026_01_WAS_PHI,202609130phi,2026,REG,1,Quinyon Mitchell,MitcQu00,CB,PHI,WAS,0,0,70,1,0,0
2026_01_WAS_PHI,202609130phi,2026,REG,1,Jihaad Campbell,CampJi00,LB,PHI,WAS,0,0,67,0.96,9,0.29
2026_01_WAS_PHI,202609130phi,2026,REG,1,Jalen Carter,CartJa05,DT,PHI,WAS,0,0,66,0.94,6,0.19
2026_01_WAS_PHI,202609130phi,2026,REG,1,Jalyx Hunt,HuntJa02,LB,PHI,WAS,0,0,53,0.76,6,0.19
2026_01_WAS_PHI,202609130phi,2026,REG,1,Marcus Epps,EppsMa00,S,PHI,WAS,0,0,53,0.76,5,0.16
2026_01_WAS_PHI,202609130phi,2026,REG,1,Moro Ojomo,OjomMo00,DT,PHI,WAS,0,0,48,0.69,6,0.19
2026_01_WAS_PHI,202609130phi,2026,REG,1,Nolan Smith,SmitNo02,LB,PHI,WAS,0,0,47,0.67,2,0.06
2026_01_WAS_PHI,202609130phi,2026,REG,1,Jordan Davis,DaviJo03,DT,PHI,WAS,0,0,34,0.49,9,0.29
2026_01_WAS_PHI,202609130phi,2026,REG,1,Arnold Ebiketie,EbikAr00,LB,PHI,WAS,0,0,28,0.4,9,0.29
2026_01_WAS_PHI,202609130phi,2026,REG,1,A.J. Epenesa,EpenAJ00,LB,PHI,WAS,0,0,12,0.17,6,0.19
2026_01_WAS_PHI,202609130phi,2026,REG,1,Michael Carter II,CartMi02,DB,PHI,WAS,0,0,6,0.09,19,0.61
2026_01_WAS_PHI,202609130phi,2026,REG,1,Byron Young,YounBy00,DT,PHI,WAS,0,0,6,0.09,4,0.13
2026_01_WAS_PHI,202609130phi,2026,REG,1,Kelee Ringo,RingKe00,CB,PHI,WAS,0,0,0,0,26,0.84
2026_01_WAS_PHI,202609130phi,2026,REG,1,Jeremiah Trotter Jr.,TrotJe01,LB,PHI,WAS,0,0,0,0,24,0.77
2026_01_WAS_PHI,202609130phi,2026,REG,1,Smael Mondon,MondSm01,LB,PHI,WAS,0,0,0,0,20,0.65
2026_01_WAS_PHI,202609130phi,2026,REG,1,Braden Mann,MannBr01,P,PHI,WAS,0,0,0,0,11,0.35
2026_01_WAS_PHI,202609130phi,2026,REG,1,Rocco Underwood,UndeRo00,LS,PHI,WAS,0,0,0,0,11,0.35
2026_01_WAS_PHI,202609130phi,2026,REG,1,Mac McWilliams,McWiMa01,CB,PHI,WAS,0,0,0,0,9,0.29
2026_01_WAS_PHI,202609130phi,2026,REG,1,Jake Elliott,ElliJa03,K,PHI,WAS,0,0,0,0,9,0.29
2026_01_WAS_PHI,202609130phi,2026,REG,1,Ty Robinson,RobiTy02,DT,PHI,WAS,0,0,0,0,8,0.26
2026_01_WAS_PHI,202609130phi,2026,REG,1,Britain Covey,CoveBr00,WR,PHI,WAS,0,0,0,0,6,0.19
2026_01_WAS_PHI,202609130phi,2026,REG,1,Willie Lampkin,LampWi00,C,PHI,WAS,0,0,0,0,4,0.13
2026_01_WAS_PHI,202609130phi,2026,REG,1,Drew Kendall,KendDr00,C,PHI,WAS,0,0,0,0,4,0.13
2026_01_WAS_PHI,202609130phi,2026,REG,1,Jonathan Jones,JoneJo03,CB,PHI,WAS,0,0,0,0,4,0.13
2026_01_WAS_PHI,202609130phi,2026,REG,1,Fred Johnson,JohnFr01,T,PHI,WAS,0,0,0,0,4,0.13
2026_01_WAS_PHI,202609130phi,2026,REG,1,Markel Bell,BellMa02,T,PHI,WAS,0,0,0,0,4,0.13
2026_01_WAS_PHI,202609130phi,2026,REG,1,Nick Allegretti,AlleNi00,C,WAS,PHI,70,1,0,0,4,0.13
2026_01_WAS_PHI,202609130phi,2026,REG,1,Chris Paul,PaulCh00,G,WAS,PHI,70,1,0,0,4,0.13
2026_01_WAS_PHI,202609130phi,2026,REG,1,Samuel Cosmi,CosmSa00,G,WAS,PHI,70,1,0,0,4,0.13
2026_01_WAS_PHI,202609130phi,2026,REG,1,Josh Conerly,ConeJo00,T,WAS,PHI,70,1,0,0,4,0.13
2026_01_WAS_PHI,202609130phi,2026,REG,1,Brandon Coleman,ColeBr02,T,WAS,PHI,70,1,0,0,4,0.13
2026_01_WAS_PHI,202609130phi,2026,REG,1,Jayden Daniels,DaniJa02,QB,WAS,PHI,70,1,0,0,0,0
2026_01_WAS_PHI,202609130phi,2026,REG,1,Terry McLaurin,McLaTe00,WR,WAS,PHI,61,0.87,0,0,0,0
2026_01_WAS_PHI,202609130phi,2026,REG,1,Stefon Diggs,DiggSt00,WR,WAS,PHI,44,0.63,0,0,0,0
2026_01_WAS_PHI,202609130phi,2026,REG,1,Chig Okonkwo,OkonCh00,TE,WAS,PHI,39,0.56,0,0,0,0
2026_01_WAS_PHI,202609130phi,2026,REG,1,Dyami Brown,BrowDy00,WR,WAS,PHI,37,0.53,0,0,0,0
2026_01_WAS_PHI,202609130phi,2026,REG,1,John Bates,BateJo00,TE,WAS,PHI,34,0.49,0,0,15,0.48
2026_01_WAS_PHI,202609130phi,2026,REG,1,Jacory Croskey-Merritt,CrosJa00,RB,WAS,PHI,34,0.49,0,0,0,0
2026_01_WAS_PHI,202609130phi,2026,REG,1,Rachaad White,WhitRa01,RB,WAS,PHI,29,0.41,0,0,5,0.16
2026_01_WAS_PHI,202609130phi,2026,REG,1,Antonio Williams,WillAn04,WR,WAS,PHI,26,0.37,0,0,0,0
2026_01_WAS_PHI,202609130phi,2026,REG,1,Ben Sinnott,SinnBe00,TE,WAS,PHI,18,0.26,0,0,16,0.52
2026_01_WAS_PHI,202609130phi,2026,REG,1,Jaylin Lane,LaneJa00,WR,WAS,PHI,18,0.26,0,0,12,0.39
2026_01_WAS_PHI,202609130phi,2026,REG,1,Kaytron Allen,AlleKa01,RB,WAS,PHI,7,0.1,0,0,6,0.19
2026_01_WAS_PHI,202609130phi,2026,REG,1,Colson Yankoff,YankCo00,TE,WAS,PHI,2,0.03,0,0,27,0.87
2026_01_WAS_PHI,202609130phi,2026,REG,1,Andrew Wylie,WyliAn00,T,WAS,PHI,1,0.01,0,0,4,0.13
2026_01_WAS_PHI,202609130phi,2026,REG,1,Jeremy Reaves,ReavJe00,S,WAS,PHI,0,0,55,1,15,0.48
2026_01_WAS_PHI,202609130phi,2026,REG,1,Amik Robertson,RobeAm00,CB,WAS,PHI,0,0,55,1,0,0
2026_01_WAS_PHI,202609130phi,2026,REG,1,Mike Sainristil,SainMi00,CB,WAS,PHI,0,0,54,0.98,4,0.13
2026_01_WAS_PHI,202609130phi,2026,REG,1,Nick Cross,CrosNi00,S,WAS,PHI,0,0,54,0.98,0,0
2026_01_WAS_PHI,202609130phi,2026,REG,1,Sonny Styles,StylSo01,LB,WAS,PHI,0,0,48,0.87,9,0.29
2026_01_WAS_PHI,202609130phi,2026,REG,1,Odafe Oweh,OwehJa00,LB,WAS,PHI,0,0,46,0.84,0,0
2026_01_WAS_PHI,202609130phi,2026,REG,1,K'Lavon Chaisson,ChaiKL00,LB,WAS,PHI,0,0,42,0.76,4,0.13
2026_01_WAS_PHI,202609130phi,2026,REG,1,Daron Payne,PaynDa00,DT,WAS,PHI,0,0,34,0.62,4,0.13
2026_01_WAS_PHI,202609130phi,2026,REG,1,Javon Kinlaw,KinlJa00,DT,WAS,PHI,0,0,32,0.58,5,0.16
2026_01_WAS_PHI,202609130phi,2026,REG,1,Charles Omenihu,OmenCh00,DE,WAS,PHI,0,0,29,0.53,4,0.13
2026_01_WAS_PHI,202609130phi,2026,REG,1,Frankie Luvu,LuvuFr00,LB,WAS,PHI,0,0,29,0.53,2,0.06
2026_01_WAS_PHI,202609130phi,2026,REG,1,Leo Chenal,ChenLe00,LB,WAS,PHI,0,0,23,0.42,22,0.71
2026_01_WAS_PHI,202609130phi,2026,REG,1,Quan Martin,MartJa04,S,WAS,PHI,0,0,21,0.38,22,0.71
2026_01_WAS_PHI,202609130phi,2026,REG,1,Tim Settle,SettTi00,DT,WAS,PHI,0,0,19,0.35,2,0.06
2026_01_WAS_PHI,202609130phi,2026,REG,1,Rasul Douglas,DougRa00,CB,WAS,PHI,0,0,17,0.31,2,0.06
2026_01_WAS_PHI,202609130phi,2026,REG,1,Shy Tuttle,TuttSh00,DT,WAS,PHI,0,0,16,0.29,1,0.03
2026_01_WAS_PHI,202609130phi,2026,REG,1,Joshua Josephs,JoseJo00,LB,WAS,PHI,0,0,13,0.24,3,0.1
2026_01_WAS_PHI,202609130phi,2026,REG,1,Jordan Magee,MageJo00,LB,WAS,PHI,0,0,9,0.16,22,0.71
2026_01_WAS_PHI,202609130phi,2026,REG,1,Javontae Jean-Baptiste,JeanJa00,LB,WAS,PHI,0,0,9,0.16,5,0.16
2026_01_WAS_PHI,202609130phi,2026,REG,1,Kain Medrano,MedrKa00,LB,WAS,PHI,0,0,0,0,24,0.77
2026_01_WAS_PHI,202609130phi,2026,REG,1,Percy Butler,ButlPe00,S,WAS,PHI,0,0,0,0,23,0.74
2026_01_WAS_PHI,202609130phi,2026,REG,1,Tyler Owens,OwenTy00,S,WAS,PHI,0,0,0,0,22,0.71
2026_01_WAS_PHI,202609130phi,2026,REG,1,Fabian Moreau,MoreFa00,CB,WAS,PHI,0,0,0,0,12,0.39
2026_01_WAS_PHI,202609130phi,2026,REG,1,Tress Way,WayxTr00,P,WAS,PHI,0,0,0,0,10,0.32
2026_01_WAS_PHI,202609130phi,2026,REG,1,Tyler Ott,OttxTy00,LS,WAS,PHI,0,0,0,0,10,0.32
2026_01_WAS_PHI,202609130phi,2026,REG,1,Drew Stevens,StevDr00,K,WAS,PHI,0,0,0,0,9,0.29
2026_02_CAR_ATL,202609200atl,2026,REG,2,Jake Matthews,MattJa00,T,ATL,CAR,69,1,0,0,2,0.08
2026_02_CAR_ATL,202609200atl,2026,REG,2,Matthew Bergeron,BergMa00,OL,ATL,CAR,69,1,0,0,2,0.08
2026_02_CAR_ATL,202609200atl,2026,REG,2,Ryan Neuzil,NeuzRy00,OL,ATL,CAR,69,1,0,0,2,0.08
2026_02_CAR_ATL,202609200atl,2026,REG,2,Chris Lindstrom,LindCh00,G,ATL,CAR,59,0.86,0,0,0,0
2026_02_CAR_ATL,202609200atl,2026,REG,2,Jahan Dotson,DotsJa00,WR,ATL,CAR,52,0.75,0,0,0,0
2026_02_CAR_ATL,202609200atl,2026,REG,2,Drake London,LondDr00,WR,ATL,CAR,43,0.62,0,0,0,0
2026_02_CAR_ATL,202609200atl,2026,REG,2,Jawaan Taylor,TaylJa02,T,ATL,CAR,43,0.62,0,0,0,0
2026_02_CAR_ATL,202609200atl,2026,REG,2,Cooper Rush,RushCo00,QB,ATL,CAR,40,0.58,0,0,0,0
2026_02_CAR_ATL,202609200atl,2026,REG,2,Bijan Robinson,RobiBi01,RB,ATL,CAR,35,0.51,0,0,0,0
2026_02_CAR_ATL,202609200atl,2026,REG,2,Chris Blair,BlaiCh00,WR,ATL,CAR,34,0.49,0,0,13,0.54
2026_02_CAR_ATL,202609200atl,2026,REG,2,Charlie Woerner,WoerCh00,TE,ATL,CAR,34,0.49,0,0,12,0.5
2026_02_CAR_ATL,202609200atl,2026,REG,2,Brian Robinson Jr.,RobiBr01,RB,ATL,CAR,33,0.48,0,0,0,0
2026_02_CAR_ATL,202609200atl,2026,REG,2,Austin Hooper,HoopAu00,TE,ATL,CAR,30,0.43,0,0,7,0.29
2026_02_CAR_ATL,202609200atl,2026,REG,2,Olamide Zaccheaus,ZaccOl01,WR,ATL,CAR,30,0.43,0,0,7,0.29
2026_02_CAR_ATL,202609200atl,2026,REG,2,Jack Strand,StraJa00,QB,ATL,CAR,29,0.42,0,0,0,0
2026_02_CAR_ATL,202609200atl,2026,REG,2,Michael Jerrell,JerrMi00,OL,ATL,CAR,26,0.38,0,0,2,0.08
2026_02_CAR_ATL,202609200atl,2026,REG,2,Kyle Pitts,PittKy00,TE,ATL,CAR,26,0.38,0,0,0,0
2026_02_CAR_ATL,202609200atl,2026,REG,2,Nick Muse,MuseNi00,TE,ATL,CAR,14,0.2,0,0,18,0.75
2026_02_CAR_ATL,202609200atl,2026,REG,2,Zachariah Branch,BranZa00,WR,ATL,CAR,14,0.2,0,0,11,0.46
2026_02_CAR_ATL,202609200atl,2026,REG,2,Kyle Hinton,HintKy00,OL,ATL,CAR,10,0.14,0,0,2,0.08
2026_02_CAR_ATL,202609200atl,2026,REG,2,Mike Hughes,HughMi00,CB,ATL,CAR,0,0,66,1,0,0
2026_02_CAR_ATL,202609200atl,2026,REG,2,Xavier Watts,WattXa00,S,ATL,CAR,0,0,63,0.95,2,0.08
2026_02_CAR_ATL,202609200atl,2026,REG,2,Jessie Bates III,BateJe00,S,ATL,CAR,0,0,62,0.94,0,0
2026_02_CAR_ATL,202609200atl,2026,REG,2,C.J. Henderson,HendCJ00,CB,ATL,CAR,0,0,60,0.91,7,0.29
2026_02_CAR_ATL,202609200atl,2026,REG,2,Divine Deablo,DeabDi00,LB,ATL,CAR,0,0,54,0.82,6,0.25
2026_02_CAR_ATL,202609200atl,2026,REG,2,Kendal Daniels,DaniKe00,LB,ATL,CAR,0,0,41,0.62,10,0.42
2026_02_CAR_ATL,202609200atl,2026,REG,2,Cameron Thomas,ThomCa03,DE,ATL,CAR,0,0,39,0.59,0,0
2026_02_CAR_ATL,202609200atl,2026,REG,2,Maason Smith,SmitMa07,DL,ATL,CAR,0,0,37,0.56,6,0.25
2026_02_CAR_ATL,202609200atl,2026,REG,2,Gervon Dexter,DextGe00,DT,ATL,CAR,0,0,37,0.56,6,0.25
2026_02_CAR_ATL,202609200atl,2026,REG,2,Yasir Abdullah,AbduYa00,LB,ATL,CAR,0,0,30,0.45,16,0.67
2026_02_CAR_ATL,202609200atl,2026,REG,2,Za'Darius Smith,SmitZa00,DE,ATL,CAR,0,0,28,0.42,0,0
2026_02_CAR_ATL,202609200atl,2026,REG,2,Harold Perkins,PerkHa01,LB,ATL,CAR,0,0,26,0.39,15,0.62
2026_02_CAR_ATL,202609200atl,2026,REG,2,LaCale London,LondLa00,DL,ATL,CAR,0,0,26,0.39,6,0.25
2026_02_CAR_ATL,202609200atl,2026,REG,2,Avieon Terrell,TerrAv00,CB,ATL,CAR,0,0,26,0.39,4,0.17
2026_02_CAR_ATL,202609200atl,2026,REG,2,Zach Harrison,HarrZa00,DL,ATL,CAR,0,0,25,0.38,6,0.25
2026_02_CAR_ATL,202609200atl,2026,REG,2,Brandon Dorlus,DorlBr00,DL,ATL,CAR,0,0,25,0.38,0,0
2026_02_CAR_ATL,202609200atl,2026,REG,2,Jared Ivey,IveyJa00,LB,ATL,CAR,0,0,24,0.36,0,0
2026_02_CAR_ATL,202609200atl,2026,REG,2,Sydney Brown,BrowSy00,DB,ATL,CAR,0,0,18,0.27,14,0.58
2026_02_CAR_ATL,202609200atl,2026,REG,2,Samson Ebukam,EbukSa00,DE,ATL,CAR,0,0,18,0.27,0,0
2026_02_CAR_ATL,202609200atl,2026,REG,2,Josh Woods,WoodJo02,LB,ATL,CAR,0,0,7,0.11,22,0.92
2026_02_CAR_ATL,202609200atl,2026,REG,2,AJ Terrell,TerrAJ00,CB,ATL,CAR,0,0,6,0.09,0,0
2026_02_CAR_ATL,202609200atl,2026,REG,2,DeMarcco Hellams,HellDe00,S,ATL,CAR,0,0,4,0.06,22,0.92
2026_02_CAR_ATL,202609200atl,2026,REG,2,Christian Harris,HarrCh06,LB,ATL,CAR,0,0,4,0.06,13,0.54
2026_02_CAR_ATL,202609200atl,2026,REG,2,Mike Ford,FordMi01,CB,ATL,CAR,0,0,0,0,15,0.62
2026_02_CAR_ATL,202609200atl,2026,REG,2,Jake Bailey,BailJa00,P,ATL,CAR,0,0,0,0,5,0.21
2026_02_CAR_ATL,202609200atl,2026,REG,2,Liam McCullough,McCuLi00,LS,ATL,CAR,0,0,0,0,5,0.21
2026_02_CAR_ATL,202609200atl,2026,REG,2,Nick Folk,FolkNi20,K,ATL,CAR,0,0,0,0,4,0.17
2026_02_CAR_ATL,202609200atl,2026,REG,2,Corey Levin,LeviCo00,C,ATL,CAR,0,0,0,0,2,0.08
2026_02_CAR_ATL,202609200atl,2026,REG,2,Monroe Freeling,FreeMo00,T,CAR,ATL,66,1,0,0,6,0.25
2026_02_CAR_ATL,202609200atl,2026,REG,2,Robert Hunt,HuntRo01,G,CAR,ATL,65,0.98,0,0,6,0.25
2026_02_CAR_ATL,202609200atl,2026,REG,2,Damien Lewis,LewiDa05,G,CAR,ATL,63,0.95,0,0,6,0.25
2026_02_CAR_ATL,202609200atl,2026,REG,2,Rasheed Walker,WalkRa00,T,CAR,ATL,62,0.94,0,0,6,0.25
2026_02_CAR_ATL,202609200atl,2026,REG,2,Bryce Young,YounBr01,QB,CAR,ATL,62,0.94,0,0,0,0
2026_02_CAR_ATL,202609200atl,2026,REG,2,Luke Fortner,FortLu01,C,CAR,ATL,62,0.94,0,0,0,0
2026_02_CAR_ATL,202609200atl,2026,REG,2,Tetairoa McMillan,McMiTe00,WR,CAR,ATL,53,0.8,0,0,0,0
2026_02_CAR_ATL,202609200atl,2026,REG,2,Jalen Coker,CokeJa01,WR,CAR,ATL,50,0.76,0,0,3,0.12
2026_02_CAR_ATL,202609200atl,2026,REG,2,Chuba Hubbard,HubbCh01,RB,CAR,ATL,43,0.65,0,0,0,0
2026_02_CAR_ATL,202609200atl,2026,REG,2,Mitchell Evans,EvanMi01,TE,CAR,ATL,38,0.58,0,0,8,0.33
2026_02_CAR_ATL,202609200atl,2026,REG,2,Tommy Tremble,TremTo00,TE,CAR,ATL,37,0.56,0,0,6,0.25
2026_02_CAR_ATL,202609200atl,2026,REG,2,Xavier Legette,LegeXa00,WR,CAR,ATL,33,0.5,0,0,2,0.08
2026_02_CAR_ATL,202609200atl,2026,REG,2,Darren Waller,WallDa01,TE,CAR,ATL,29,0.44,0,0,0,0
2026_02_CAR_ATL,202609200atl,2026,REG,2,Jonathon Brooks,BrooJo02,RB,CAR,ATL,20,0.3,0,0,0,0
2026_02_CAR_ATL,202609200atl,2026,REG,2,Brycen Tremayne,TremBr00,WR,CAR,ATL,11,0.17,0,0,15,0.62
2026_02_CAR_ATL,202609200atl,2026,REG,2,John Metchie,MetcJo00,WR,CAR,ATL,7,0.11,0,0,2,0.08
2026_02_CAR_ATL,202609200atl,2026,REG,2,Corey Bullock,BullCo00,T,CAR,ATL,5,0.08,0,0,6,0.25
2026_02_CAR_ATL,202609200atl,2026,REG,2,Feleipe Franks,FranFe00,TE,CAR,ATL,4,0.06,0,0,16,0.67
2026_02_CAR_ATL,202609200atl,2026,REG,2,Sam Hecht,HechSa00,C,CAR,ATL,4,0.06,0,0,6,0.25
2026_02_CAR_ATL,202609200atl,2026,REG,2,Stone Forsythe,ForsSt00,T,CAR,ATL,4,0.06,0,0,6,0.25
2026_02_CAR_ATL,202609200atl,2026,REG,2,AJ Dillon,DillAJ00,RB,CAR,ATL,4,0.06,0,0,3,0.12
2026_02_CAR_ATL,202609200atl,2026,REG,2,Kenny Pickett,PickKe00,QB,CAR,ATL,4,0.06,0,0,0,0
2026_02_CAR_ATL,202609200atl,2026,REG,2,Lathan Ransom,RansLa00,S,CAR,ATL,0,0,59,0.86,9,0.38
2026_02_CAR_ATL,202609200atl,2026,REG,2,Michael Jackson,JackMi01,CB,CAR,ATL,0,0,59,0.86,2,0.08
2026_02_CAR_ATL,202609200atl,2026,REG,2,Tre'von Moehrig,MoehTr00,S,CAR,ATL,0,0,59,0.86,0,0
2026_02_CAR_ATL,202609200atl,2026,REG,2,Bobby Okereke,OkerBo00,LB,CAR,ATL,0,0,50,0.72,3,0.12
2026_02_CAR_ATL,202609200atl,2026,REG,2,Jaycee Horn,HornJa00,CB,CAR,ATL,0,0,49,0.71,0,0
2026_02_CAR_ATL,202609200atl,2026,REG,2,Devin Lloyd,LloyDe00,LB,CAR,ATL,0,0,49,0.71,0,0
2026_02_CAR_ATL,202609200atl,2026,REG,2,Aaron Hall,HallAa00,DT,CAR,ATL,0,0,43,0.62,3,0.12
2026_02_CAR_ATL,202609200atl,2026,REG,2,TeRah Edwards,EdwaTe01,DT,CAR,ATL,0,0,40,0.58,3,0.12
2026_02_CAR_ATL,202609200atl,2026,REG,2,Derrick Brown,BrowDe05,DT,CAR,ATL,0,0,40,0.58,2,0.08
2026_02_CAR_ATL,202609200atl,2026,REG,2,Jaelan Phillips,PhilJa02,LB,CAR,ATL,0,0,38,0.55,0,0
2026_02_CAR_ATL,202609200atl,2026,REG,2,Will Lee,LeexWi00,CB,CAR,ATL,0,0,37,0.54,7,0.29
2026_02_CAR_ATL,202609200atl,2026,REG,2,Cam Jackson,JackCa01,DT,CAR,ATL,0,0,37,0.54,2,0.08
2026_02_CAR_ATL,202609200atl,2026,REG,2,Princely Umanmielen,UmanPr00,LB,CAR,ATL,0,0,32,0.46,5,0.21
2026_02_CAR_ATL,202609200atl,2026,REG,2,Zakee Wheatley,WheaZa00,S,CAR,ATL,0,0,31,0.45,9,0.38
2026_02_CAR_ATL,202609200atl,2026,REG,2,Jeremiah Moon,MoonJe00,LB,CAR,ATL,0,0,26,0.38,10,0.42
2026_02_CAR_ATL,202609200atl,2026,REG,2,Trevis Gipson,GipsTr00,LB,CAR,ATL,0,0,26,0.38,1,0.04
2026_02_CAR_ATL,202609200atl,2026,REG,2,Thomas Incoom,IncoTh00,LB,CAR,ATL,0,0,20,0.29,18,0.75
2026_02_CAR_ATL,202609200atl,2026,REG,2,Lee Hunter,HuntLe00,DT,CAR,ATL,0,0,20,0.29,0,0
2026_02_CAR_ATL,202609200atl,2026,REG,2,Jackson Kuwatch,KuwaJa00,LB,CAR,ATL,0,0,18,0.26,18,0.75
2026_02_CAR_ATL,202609200atl,2026,REG,2,Akayleb Evans,EvanAk00,CB,CAR,ATL,0,0,16,0.23,18,0.75
2026_02_CAR_ATL,202609200atl,2026,REG,2,Isaiah Simmons,SimmIs00,S,CAR,ATL,0,0,5,0.07,18,0.75
2026_02_CAR_ATL,202609200atl,2026,REG,2,Nick Scott,ScotNi01,S,CAR,ATL,0,0,5,0.07,0,0
2026_02_CAR_ATL,202609200atl,2026,REG,2,Ryan Fitzgerald,FitzRy01,K,CAR,ATL,0,0,0,0,13,0.54
2026_02_CAR_ATL,202609200atl,2026,REG,2,Sam Martin,MartSa01,P,CAR,ATL,0,0,0,0,10,0.42
2026_02_CAR_ATL,202609200atl,2026,REG,2,J.J. Jansen,JansJ.00,LS,CAR,ATL,0,0,0,0,10,0.42
2026_02_CAR_ATL,202609200atl,2026,REG,2,Claudin Cherelus,CherCl00,LB,CAR,ATL,0,0,0,0,5,0.21
2026_02_CIN_HOU,202609200htx,2026,REG,2,Wyatt Teller,TellWy00,G,HOU,CIN,80,1,0,0,4,0.14
2026_02_CIN_HOU,202609200htx,2026,REG,2,Trent Brown,BrowTr02,T,HOU,CIN,80,1,0,0,4,0.14
2026_02_CIN_HOU,202609200htx,2026,REG,2,Keylan Rutledge,RutlKe01,C,HOU,CIN,80,1,0,0,4,0.14
2026_02_CIN_HOU,202609200htx,2026,REG,2,Aireontae Ersery,ErseAi00,T,HOU,CIN,80,1,0,0,4,0.14
2026_02_CIN_HOU,202609200htx,2026,REG,2,C.J. Stroud,StroCJ00,QB,HOU,CIN,80,1,0,0,0,0
2026_02_CIN_HOU,202609200htx,2026,REG,2,Evan Brown,BrowEv00,C,HOU,CIN,80,1,0,0,0,0
2026_02_CIN_HOU,202609200htx,2026,REG,2,Xavier Hutchinson,HutcXa00,WR,HOU,CIN,65,0.81,0,0,0,0
2026_02_CIN_HOU,202609200htx,2026,REG,2,Kayshon Boutte,BoutKa00,WR,HOU,CIN,58,0.72,0,0,0,0
2026_02_CIN_HOU,202609200htx,2026,REG,2,Dalton Schultz,SchuDa00,TE,HOU,CIN,54,0.68,0,0,0,0
2026_02_CIN_HOU,202609200htx,2026,REG,2,Jaylin Noel,NoelJa00,WR,HOU,CIN,48,0.6,0,0,12,0.41
2026_02_CIN_HOU,202609200htx,2026,REG,2,David Montgomery,MontDa01,RB,HOU,CIN,42,0.52,0,0,0,0
2026_02_CIN_HOU,202609200htx,2026,REG,2,Jared Wayne,WaynJa01,WR,HOU,CIN,40,0.5,0,0,12,0.41
2026_02_CIN_HOU,202609200htx,2026,REG,2,Woody Marks,MarkWo00,RB,HOU,CIN,38,0.48,0,0,5,0.17
2026_02_CIN_HOU,202609200htx,2026,REG,2,Foster Moreau,MoreFo00,TE,HOU,CIN,23,0.29,0,0,9,0.31
2026_02_CIN_HOU,202609200htx,2026,REG,2,Lewis Bond,BondLe00,WR,HOU,CIN,13,0.16,0,0,0,0
2026_02_CIN_HOU,202609200htx,2026,REG,2,Marlin Klein,KleiMa00,TE,HOU,CIN,9,0.11,0,0,5,0.17
2026_02_CIN_HOU,202609200htx,2026,REG,2,Cade Stover,StovCa00,TE,HOU,CIN,8,0.1,0,0,13,0.45
2026_02_CIN_HOU,202609200htx,2026,REG,2,Blake Fisher,FishBl00,T,HOU,CIN,2,0.02,0,0,4,0.14
2026_02_CIN_HOU,202609200htx,2026,REG,2,Derek Stingley Jr.,StinDe00,CB,HOU,CIN,0,0,60,1,0,0
2026_02_CIN_HOU,202609200htx,2026,REG,2,Calen Bullock,BullCa00,S,HOU,CIN,0,0,60,1,0,0
2026_02_CIN_HOU,202609200htx,2026,REG,2,Jalen Pitre,PitrJa00,S,HOU,CIN,0,0,60,1,0,0
2026_02_CIN_HOU,202609200htx,2026,REG,2,Azeez Al-Shaair,AlShAz00,LB,HOU,CIN,0,0,60,1,0,0
2026_02_CIN_HOU,202609200htx,2026,REG,2,Kamari Lassiter,LassKa00,CB,HOU,CIN,0,0,60,1,0,0
2026_02_CIN_HOU,202609200htx,2026,REG,2,Reed Blankenship,BlanRe00,S,HOU,CIN,0,0,58,0.97,6,0.21
2026_02_CIN_HOU,202609200htx,2026,REG,2,Jake Hansen,HansJa01,LB,HOU,CIN,0,0,53,0.88,9,0.31
2026_02_CIN_HOU,202609200htx,2026,REG,2,Danielle Hunter,HuntDa01,DE,HOU,CIN,0,0,50,0.83,1,0.03
2026_02_CIN_HOU,202609200htx,2026,REG,2,Will Anderson,AndeWi01,DE,HOU,CIN,0,0,47,0.78,1,0.03
2026_02_CIN_HOU,202609200htx,2026,REG,2,Sheldon Rankins,RankSh00,DT,HOU,CIN,0,0,44,0.73,1,0.03
2026_02_CIN_HOU,202609200htx,2026,REG,2,Tommy Togiai,TogiTo00,DT,HOU,CIN,0,0,35,0.58,5,0.17
2026_02_CIN_HOU,202609200htx,2026,REG,2,Logan Hall,HallLo00,DE,HOU,CIN,0,0,22,0.37,4,0.14
2026_02_CIN_HOU,202609200htx,2026,REG,2,Mario Edwards,EdwaMa01,DT,HOU,CIN,0,0,17,0.28,5,0.17
2026_02_CIN_HOU,202609200htx,2026,REG,2,Dominique Robinson,RobiDo00,DE,HOU,CIN,0,0,14,0.23,10,0.34
2026_02_CIN_HOU,202609200htx,2026,REG,2,Sabastian Harsh,HarsSa00,DE,HOU,CIN,0,0,9,0.15,13,0.45
2026_02_CIN_HOU,202609200htx,2026,REG,2,Jaylin Smith,SmitJa11,CB,HOU,CIN,0,0,7,0.12,25,0.86
2026_02_CIN_HOU,202609200htx,2026,REG,2,Jaden Crumedy,CrumJa00,DT,HOU,CIN,0,0,4,0.07,0,0
2026_02_CIN_HOU,202609200htx,2026,REG,2,Wade Woodaz,WoodWa00,LB,HOU,CIN,0,0,0,0,25,0.86
2026_02_CIN_HOU,202609200htx,2026,REG,2,Jamal Hill,HillJa02,LB,HOU,CIN,0,0,0,0,24,0.83
2026_02_CIN_HOU,202609200htx,2026,REG,2,Tremon Smith,SmitTr04,CB,HOU,CIN,0,0,0,0,21,0.72
2026_02_CIN_HOU,202609200htx,2026,REG,2,British Brooks,BrooBr01,RB,HOU,CIN,0,0,0,0,20,0.69
2026_02_CIN_HOU,202609200htx,2026,REG,2,Kamari Ramsey,RamsKa01,S,HOU,CIN,0,0,0,0,19,0.66
2026_02_CIN_HOU,202609200htx,2026,REG,2,George Odum,OdumGe00,S,HOU,CIN,0,0,0,0,11,0.38
2026_02_CIN_HOU,202609200htx,2026,REG,2,Aiden Fisher,FishAi00,LB,HOU,CIN,0,0,0,0,10,0.34
2026_02_CIN_HOU,202609200htx,2026,REG,2,Austin Brinkman,BrinAu00,LS,HOU,CIN,0,0,0,0,9,0.31
2026_02_CIN_HOU,202609200htx,2026,REG,2,Kai Kroeger,KroeKa00,P,HOU,CIN,0,0,0,0,9,0.31
2026_02_CIN_HOU,202609200htx,2026,REG,2,Ka'imi Fairbairn,FairKa01,K,HOU,CIN,0,0,0,0,7,0.24
2026_02_CIN_HOU,202609200htx,2026,REG,2,Febechi Nwaiwu,NwaiFe00,G,HOU,CIN,0,0,0,0,4,0.14
2026_02_CIN_HOU,202609200htx,2026,REG,2,Jake Andrews,AndrJa00,C,HOU,CIN,0,0,0,0,4,0.14
2026_02_CIN_HOU,202609200htx,2026,REG,2,Dalton Risner,RisnDa00,G,CIN,HOU,60,1,0,0,4,0.14
2026_02_CIN_HOU,202609200htx,2026,REG,2,Orlando Brown Jr.,BrowOr00,T,CIN,HOU,60,1,0,0,4,0.14
2026_02_CIN_HOU,202609200htx,2026,REG,2,Ted Karras,KarrTe00,C,CIN,HOU,60,1,0,0,4,0.14
2026_02_CIN_HOU,202609200htx,2026,REG,2,Dylan Fairchild,FairDy00,G,CIN,HOU,60,1,0,0,4,0.14
2026_02_CIN_HOU,202609200htx,2026,REG,2,Joe Burrow,BurrJo01,QB,CIN,HOU,60,1,0,0,0,0
2026_02_CIN_HOU,202609200htx,2026,REG,2,Amarius Mims,MimsAm00,T,CIN,HOU,57,0.95,0,0,4,0.14
2026_02_CIN_HOU,202609200htx,2026,REG,2,Ja'Marr Chase,ChasJa00,WR,CIN,HOU,53,0.88,0,0,0,0
2026_02_CIN_HOU,202609200htx,2026,REG,2,Tee Higgins,HiggTe00,WR,CIN,HOU,43,0.72,0,0,0,0
2026_02_CIN_HOU,202609200htx,2026,REG,2,Chase Brown,BrowCh10,HB,CIN,HOU,42,0.7,0,0,0,0
2026_02_CIN_HOU,202609200htx,2026,REG,2,Drew Sample,SampDr00,TE,CIN,HOU,36,0.6,0,0,8,0.28
2026_02_CIN_HOU,202609200htx,2026,REG,2,Andrei Iosivas,IosiAn00,WR,CIN,HOU,32,0.53,0,0,2,0.07
2026_02_CIN_HOU,202609200htx,2026,REG,2,Erick All,AllxEr00,TE,CIN,HOU,25,0.42,0,0,4,0.14
2026_02_CIN_HOU,202609200htx,2026,REG,2,Samaje Perine,PeriSa00,HB,CIN,HOU,24,0.4,0,0,13,0.45
2026_02_CIN_HOU,202609200htx,2026,REG,2,Mike Gesicki,GesiMi00,TE,CIN,HOU,21,0.35,0,0,0,0
2026_02_CIN_HOU,202609200htx,2026,REG,2,Dohnte Meyers,MeyeDo00,WR,CIN,HOU,11,0.18,0,0,8,0.28
2026_02_CIN_HOU,202609200htx,2026,REG,2,Colbie Young,YounCo01,WR,CIN,HOU,10,0.17,0,0,14,0.48
2026_02_CIN_HOU,202609200htx,2026,REG,2,Javon Foster,FostJa01,T,CIN,HOU,3,0.05,0,0,0,0
2026_02_CIN_HOU,202609200htx,2026,REG,2,Jack Endries,EndrJa00,TE,CIN,HOU,1,0.02,0,0,8,0.28
2026_02_CIN_HOU,202609200htx,2026,REG,2,Tahj Brooks,BrooTa00,HB,CIN,HOU,1,0.02,0,0,3,0.1
2026_02_CIN_HOU,202609200htx,2026,REG,2,Jacob Bayer,BayeJa00,C,CIN,HOU,1,0.02,0,0,0,0
2026_02_CIN_HOU,202609200htx,2026,REG,2,Jordan Battle,BattJo00,S,CIN,HOU,0,0,80,1,9,0.31
2026_02_CIN_HOU,202609200htx,2026,REG,2,Barrett Carter,CartBa00,LB,CIN,HOU,0,0,80,1,4,0.14
2026_02_CIN_HOU,202609200htx,2026,REG,2,DJ Turner,TurnDJ01,CB,CIN,HOU,0,0,80,1,0,0
2026_02_CIN_HOU,202609200htx,2026,REG,2,Bryan Cook,CookBr02,S,CIN,HOU,0,0,80,1,0,0
2026_02_CIN_HOU,202609200htx,2026,REG,2,Daxton Hill,HillDa04,CB,CIN,HOU,0,0,79,0.99,4,0.14
2026_02_CIN_HOU,202609200htx,2026,REG,2,Demetrius Knight,KnigDe00,LB,CIN,HOU,0,0,72,0.9,0,0
2026_02_CIN_HOU,202609200htx,2026,REG,2,Jalen Davis,DaviJa06,CB,CIN,HOU,0,0,59,0.74,0,0
2026_02_CIN_HOU,202609200htx,2026,REG,2,Boye Mafe,MafeBo00,DE,CIN,HOU,0,0,57,0.71,0,0
2026_02_CIN_HOU,202609200htx,2026,REG,2,Jonathan Allen,AlleJo01,DT,CIN,HOU,0,0,52,0.65,0,0
2026_02_CIN_HOU,202609200htx,2026,REG,2,Dexter Lawrence,LawrDe03,DT,CIN,HOU,0,0,51,0.64,4,0.14
2026_02_CIN_HOU,202609200htx,2026,REG,2,Myles Murphy,MurpMy00,DE,CIN,HOU,0,0,45,0.56,4,0.14
2026_02_CIN_HOU,202609200htx,2026,REG,2,Cashius Howell,HoweCa00,DE,CIN,HOU,0,0,41,0.51,0,0
2026_02_CIN_HOU,202609200htx,2026,REG,2,Kris Jenkins,JenkKr01,DT,CIN,HOU,0,0,29,0.36,4,0.14
2026_02_CIN_HOU,202609200htx,2026,REG,2,Tedarrell Slaton,SlatTe00,DT,CIN,HOU,0,0,27,0.34,4,0.14
2026_02_CIN_HOU,202609200htx,2026,REG,2,Cedric Johnson,JohnCe01,DE,CIN,HOU,0,0,23,0.29,24,0.83
2026_02_CIN_HOU,202609200htx,2026,REG,2,Tacario Davis,DaviTa01,CB,CIN,HOU,0,0,12,0.15,10,0.34
2026_02_CIN_HOU,202609200htx,2026,REG,2,DJ Ivey,IveyDJ00,CB,CIN,HOU,0,0,7,0.09,22,0.76
2026_02_CIN_HOU,202609200htx,2026,REG,2,Shemar Stewart,StewSh00,DE,CIN,HOU,0,0,5,0.06,0,0
2026_02_CIN_HOU,202609200htx,2026,REG,2,PJ Jules,JulePJ00,S,CIN,HOU,0,0,0,0,25,0.86
2026_02_CIN_HOU,202609200htx,2026,REG,2,Oren Burks,BurkOr00,LB,CIN,HOU,0,0,0,0,25,0.86
2026_02_CIN_HOU,202609200htx,2026,REG,2,Kyle Dugger,DuggKy00,S,CIN,HOU,0,0,0,0,21,0.72
2026_02_CIN_HOU,202609200htx,2026,REG,2,Joe Giles-Harris,GileJo01,LB,CIN,HOU,0,0,0,0,21,0.72
2026_02_CIN_HOU,202609200htx,2026,REG,2,Swayze Bozeman,BozeSw00,LB,CIN,HOU,0,0,0,0,21,0.72
2026_02_CIN_HOU,202609200htx,2026,REG,2,Ryan Rehkow,RehkRy00,P,CIN,HOU,0,0,0,0,12,0.41
2026_02_CIN_HOU,202609200htx,2026,REG,2,William Wagner,WagnWi00,LS,CIN,HOU,0,0,0,0,12,0.41
2026_02_CIN_HOU,202609200htx,2026,REG,2,Evan McPherson,McPhEv00,K,CIN,HOU,0,0,0,0,9,0.31
2026_02_CIN_HOU,202609200htx,2026,REG,2,Jalen Rivers,RiveJa00,G,CIN,HOU,0,0,0,0,4,0.14
2026_02_CLE_TB,202609200tam,2026,REG,2,Tristan Wirfs,WirfTr00,T,TB,CLE,65,1,0,0,5,0.17
2026_02_CLE_TB,202609200tam,2026,REG,2,Cody Mauch,MaucCo00,G,TB,CLE,65,1,0,0,5,0.17
2026_02_CLE_TB,202609200tam,2026,REG,2,Ben Bredeson,BredBe00,G,TB,CLE,65,1,0,0,5,0.17
2026_02_CLE_TB,202609200tam,2026,REG,2,Luke Goedeke,GoedLu00,T,TB,CLE,65,1,0,0,5,0.17
2026_02_CLE_TB,202609200tam,2026,REG,2,Baker Mayfield,MayfBa00,QB,TB,CLE,65,1,0,0,0,0
2026_02_CLE_TB,202609200tam,2026,REG,2,Graham Barton,BartGr00,C,TB,CLE,65,1,0,0,0,0
2026_02_CLE_TB,202609200tam,2026,REG,2,Cade Otton,OttoCa00,TE,TB,CLE,58,0.89,0,0,0,0
2026_02_CLE_TB,202609200tam,2026,REG,2,Emeka Egbuka,EgbuEm01,WR,TB,CLE,56,0.86,0,0,0,0
2026_02_CLE_TB,202609200tam,2026,REG,2,Chris Godwin,GodwCh00,WR,TB,CLE,56,0.86,0,0,0,0
2026_02_CLE_TB,202609200tam,2026,REG,2,Bucky Irving,IrviBu00,RB,TB,CLE,51,0.78,0,0,0,0
2026_02_CLE_TB,202609200tam,2026,REG,2,Ted Hurst,HursTe00,WR,TB,CLE,48,0.74,0,0,0,0
2026_02_CLE_TB,202609200tam,2026,REG,2,Kenneth Gainwell,GainKe00,RB,TB,CLE,23,0.35,0,0,12,0.4
2026_02_CLE_TB,202609200tam,2026,REG,2,Tez Johnson,JohnTe03,WR,TB,CLE,19,0.29,0,0,4,0.13
2026_02_CLE_TB,202609200tam,2026,REG,2,Jalen McMillan,McMiJa01,WR,TB,CLE,7,0.11,0,0,0,0
2026_02_CLE_TB,202609200tam,2026,REG,2,Payne Durham,DurhPa00,TE,TB,CLE,4,0.06,0,0,19,0.63
2026_02_CLE_TB,202609200tam,2026,REG,2,Bauer Sharp,SharBa00,TE,TB,CLE,3,0.05,0,0,20,0.67
2026_02_CLE_TB,202609200tam,2026,REG,2,Benjamin Morrison,MorrBe00,CB,TB,CLE,0,0,58,1,9,0.3
2026_02_CLE_TB,202609200tam,2026,REG,2,Zyon McCollum,McCoZy02,CB,TB,CLE,0,0,58,1,5,0.17
2026_02_CLE_TB,202609200tam,2026,REG,2,Alex Anzalone,AnzaAl00,LB,TB,CLE,0,0,58,1,5,0.17
2026_02_CLE_TB,202609200tam,2026,REG,2,Antoine Winfield Jr.,WinfAn00,S,TB,CLE,0,0,58,1,4,0.13
2026_02_CLE_TB,202609200tam,2026,REG,2,Tykee Smith,SmitTy05,S,TB,CLE,0,0,57,0.98,5,0.17
2026_02_CLE_TB,202609200tam,2026,REG,2,Josiah Trotter,TrotJo00,LB,TB,CLE,0,0,48,0.83,9,0.3
2026_02_CLE_TB,202609200tam,2026,REG,2,Calijah Kancey,KancCa00,DL,TB,CLE,0,0,37,0.64,5,0.17
2026_02_CLE_TB,202609200tam,2026,REG,2,YaYa Diaby,DiabYa00,LB,TB,CLE,0,0,37,0.64,5,0.17
2026_02_CLE_TB,202609200tam,2026,REG,2,Vita Vea,VeaxVi00,NT,TB,CLE,0,0,36,0.62,5,0.17
2026_02_CLE_TB,202609200tam,2026,REG,2,Rueben Bain,BainRu00,LB,TB,CLE,0,0,35,0.6,0,0
2026_02_CLE_TB,202609200tam,2026,REG,2,Keionte Scott,ScotKe01,DB,TB,CLE,0,0,33,0.57,10,0.33
2026_02_CLE_TB,202609200tam,2026,REG,2,A'Shawn Robinson,RobiAS00,DL,TB,CLE,0,0,31,0.53,5,0.17
2026_02_CLE_TB,202609200tam,2026,REG,2,Al-Quadin Muhammad,MuhaAl00,LB,TB,CLE,0,0,21,0.36,0,0
2026_02_CLE_TB,202609200tam,2026,REG,2,Rakeem Nunez-Roches,NuneRa00,DL,TB,CLE,0,0,21,0.36,0,0
2026_02_CLE_TB,202609200tam,2026,REG,2,Elijah Roberts,RobeEl01,DL,TB,CLE,0,0,17,0.29,0,0
2026_02_CLE_TB,202609200tam,2026,REG,2,Anthony Nelson,NelsAn01,LB,TB,CLE,0,0,15,0.26,15,0.5
2026_02_CLE_TB,202609200tam,2026,REG,2,SirVocea Dennis,DennSi00,LB,TB,CLE,0,0,9,0.16,20,0.67
2026_02_CLE_TB,202609200tam,2026,REG,2,David Walker,WalkDa03,LB,TB,CLE,0,0,9,0.16,10,0.33
2026_02_CLE_TB,202609200tam,2026,REG,2,Kevin Knowles,KnowKe00,CB,TB,CLE,0,0,0,0,20,0.67
2026_02_CLE_TB,202609200tam,2026,REG,2,Miles Killebrew,KillMi00,S,TB,CLE,0,0,0,0,20,0.67
2026_02_CLE_TB,202609200tam,2026,REG,2,Ifeatu Melifonwu,MeliIf00,S,TB,CLE,0,0,0,0,17,0.57
2026_02_CLE_TB,202609200tam,2026,REG,2,Kameron Johnson,JohnKa01,WR,TB,CLE,0,0,0,0,16,0.53
2026_02_CLE_TB,202609200tam,2026,REG,2,Christian Rozeboom,RozeCh00,LB,TB,CLE,0,0,0,0,15,0.5
2026_02_CLE_TB,202609200tam,2026,REG,2,Ko Kieft,KiefKo00,TE,TB,CLE,0,0,0,0,15,0.5
2026_02_CLE_TB,202609200tam,2026,REG,2,Chase McLaughlin,McLaCh00,K,TB,CLE,0,0,0,0,11,0.37
2026_02_CLE_TB,202609200tam,2026,REG,2,Riley Dixon,DixoRi00,P,TB,CLE,0,0,0,0,9,0.3
2026_02_CLE_TB,202609200tam,2026,REG,2,Evan Deckers,DeckEv00,LS,TB,CLE,0,0,0,0,9,0.3
2026_02_CLE_TB,202609200tam,2026,REG,2,Justin Skule,SkulJu00,T,TB,CLE,0,0,0,0,5,0.17
2026_02_CLE_TB,202609200tam,2026,REG,2,Benjamin Chukwuma,ChukBe00,T,TB,CLE,0,0,0,0,5,0.17
2026_02_CLE_TB,202609200tam,2026,REG,2,Sean Tucker,TuckSe00,RB,TB,CLE,0,0,0,0,1,0.03
2026_02_CLE_TB,202609200tam,2026,REG,2,Austin Barber,BarbAu00,T,CLE,TB,58,1,0,0,5,0.17
2026_02_CLE_TB,202609200tam,2026,REG,2,Zion Johnson,JohnZi00,G,CLE,TB,58,1,0,0,5,0.17
2026_02_CLE_TB,202609200tam,2026,REG,2,Spencer Fano,FanoSp00,T,CLE,TB,58,1,0,0,5,0.17
2026_02_CLE_TB,202609200tam,2026,REG,2,Elgton Jenkins,JenkEl00,C,CLE,TB,58,1,0,0,0,0
2026_02_CLE_TB,202609200tam,2026,REG,2,Deshaun Watson,WatsDe00,QB,CLE,TB,58,1,0,0,0,0
2026_02_CLE_TB,202609200tam,2026,REG,2,Tytus Howard,HowaTy00,T,CLE,TB,56,0.97,0,0,5,0.17
2026_02_CLE_TB,202609200tam,2026,REG,2,Denzel Boston,BostDe00,WR,CLE,TB,54,0.93,0,0,0,0
2026_02_CLE_TB,202609200tam,2026,REG,2,Harold Fannin,FannHa00,TE,CLE,TB,50,0.86,0,0,0,0
2026_02_CLE_TB,202609200tam,2026,REG,2,Quinshon Judkins,JudkQu00,RB,CLE,TB,39,0.67,0,0,0,0
2026_02_CLE_TB,202609200tam,2026,REG,2,KC Concepcion,ConcKC00,WR,CLE,TB,38,0.66,0,0,4,0.13
2026_02_CLE_TB,202609200tam,2026,REG,2,Jerry Jeudy,JeudJe00,WR,CLE,TB,34,0.59,0,0,0,0
2026_02_CLE_TB,202609200tam,2026,REG,2,Blake Whiteheart,WhitBl01,TE,CLE,TB,27,0.47,0,0,15,0.5
2026_02_CLE_TB,202609200tam,2026,REG,2,Tylan Wallace,WallTy00,WR,CLE,TB,14,0.24,0,0,15,0.5
2026_02_CLE_TB,202609200tam,2026,REG,2,Raheim Sanders,SandRa00,RB,CLE,TB,11,0.19,0,0,6,0.2
2026_02_CLE_TB,202609200tam,2026,REG,2,Michael Burton,BurtMi00,FB,CLE,TB,10,0.17,0,0,10,0.33
2026_02_CLE_TB,202609200tam,2026,REG,2,Jaleel McLaughlin,McLaJa00,RB,CLE,TB,8,0.14,0,0,0,0
2026_02_CLE_TB,202609200tam,2026,REG,2,Isaiah Bond,BondIs00,WR,CLE,TB,4,0.07,0,0,0,0
2026_02_CLE_TB,202609200tam,2026,REG,2,Dawand Jones,JoneDa07,T,CLE,TB,2,0.03,0,0,5,0.17
2026_02_CLE_TB,202609200tam,2026,REG,2,Carsen Ryan,RyanCa00,TE,CLE,TB,1,0.02,0,0,16,0.53
2026_02_CLE_TB,202609200tam,2026,REG,2,Carson Schwesinger,SchwCa00,LB,CLE,TB,0,0,65,1,6,0.2
2026_02_CLE_TB,202609200tam,2026,REG,2,Grant Delpit,DelpGr00,S,CLE,TB,0,0,65,1,5,0.17
2026_02_CLE_TB,202609200tam,2026,REG,2,Denzel Ward,WardDe02,CB,CLE,TB,0,0,65,1,5,0.17
2026_02_CLE_TB,202609200tam,2026,REG,2,Ronnie Hickman,HickRo00,S,CLE,TB,0,0,62,0.95,5,0.17
2026_02_CLE_TB,202609200tam,2026,REG,2,Quincy Williams,WillQu01,LB,CLE,TB,0,0,59,0.91,0,0
2026_02_CLE_TB,202609200tam,2026,REG,2,Myles Harden,HardMy00,CB,CLE,TB,0,0,56,0.86,6,0.2
2026_02_CLE_TB,202609200tam,2026,REG,2,Tyson Campbell,CampTy01,CB,CLE,TB,0,0,49,0.75,3,0.1
2026_02_CLE_TB,202609200tam,2026,REG,2,Jared Verse,VersJa00,DE,CLE,TB,0,0,42,0.65,5,0.17
2026_02_CLE_TB,202609200tam,2026,REG,2,Mason Graham,GrahMa00,DT,CLE,TB,0,0,41,0.63,5,0.17
2026_02_CLE_TB,202609200tam,2026,REG,2,Maliek Collins,CollMa00,DT,CLE,TB,0,0,41,0.63,0,0
2026_02_CLE_TB,202609200tam,2026,REG,2,Isaiah McGuire,McGuIs00,DE,CLE,TB,0,0,40,0.62,0,0
2026_02_CLE_TB,202609200tam,2026,REG,2,Sam Williams,WillSa00,DE,CLE,TB,0,0,26,0.4,8,0.27
2026_02_CLE_TB,202609200tam,2026,REG,2,Michael Hall,HallMi00,DT,CLE,TB,0,0,26,0.4,0,0
2026_02_CLE_TB,202609200tam,2026,REG,2,Adin Huntington,HuntAd00,DE,CLE,TB,0,0,22,0.34,12,0.4
2026_02_CLE_TB,202609200tam,2026,REG,2,Derek Barnett,BarnDe01,DE,CLE,TB,0,0,22,0.34,5,0.17
2026_02_CLE_TB,202609200tam,2026,REG,2,Mekhi Blackmon,BlacMe00,CB,CLE,TB,0,0,16,0.25,6,0.2
2026_02_CLE_TB,202609200tam,2026,REG,2,Emmanuel McNeil-Warren,McNeEm00,S,CLE,TB,0,0,10,0.15,17,0.57
2026_02_CLE_TB,202609200tam,2026,REG,2,Noah Igbinoghene,IgbiNo00,CB,CLE,TB,0,0,8,0.12,8,0.27
2026_02_CLE_TB,202609200tam,2026,REG,2,Winston Reid,ReidWi01,LB,CLE,TB,0,0,0,0,25,0.83
2026_02_CLE_TB,202609200tam,2026,REG,2,Donovan McMillon,McMiDo00,S,CLE,TB,0,0,0,0,20,0.67
2026_02_CLE_TB,202609200tam,2026,REG,2,Easton Mascarenas-Arnold,MascEa00,LB,CLE,TB,0,0,0,0,20,0.67
2026_02_CLE_TB,202609200tam,2026,REG,2,Nathaniel Watson,WatsNa00,LB,CLE,TB,0,0,0,0,20,0.67
2026_02_CLE_TB,202609200tam,2026,REG,2,Malachi Corley,CorlMa00,WR,CLE,TB,0,0,0,0,19,0.63
2026_02_CLE_TB,202609200tam,2026,REG,2,Andre Szmyt,SzmyAn00,K,CLE,TB,0,0,0,0,11,0.37
2026_02_CLE_TB,202609200tam,2026,REG,2,Rex Sunahara,SunaRe00,LS,CLE,TB,0,0,0,0,9,0.3
2026_02_CLE_TB,202609200tam,2026,REG,2,Corey Bojorquez,BojoCo00,P,CLE,TB,0,0,0,0,9,0.3
2026_02_CLE_TB,202609200tam,2026,REG,2,Luke Wypler,WyplLu00,C,CLE,TB,0,0,0,0,5,0.17
2026_02_CLE_TB,202609200tam,2026,REG,2,Zak Zinter,ZintZa00,G,CLE,TB,0,0,0,0,5,0.17
2026_02_DET_BUF,202609170buf,2026,REG,2,Alec Anderson,AndeAl01,C,BUF,DET,74,1,0,0,6,0.21
2026_02_DET_BUF,202609170buf,2026,REG,2,Dion Dawkins,DawkDi00,T,BUF,DET,74,1,0,0,6,0.21
2026_02_DET_BUF,202609170buf,2026,REG,2,Spencer Brown,BrowSp00,T,BUF,DET,74,1,0,0,6,0.21
2026_02_DET_BUF,202609170buf,2026,REG,2,O'Cyrus Torrence,TorrOC00,G,BUF,DET,74,1,0,0,6,0.21
2026_02_DET_BUF,202609170buf,2026,REG,2,Josh Allen,AlleJo02,QB,BUF,DET,74,1,0,0,0,0
2026_02_DET_BUF,202609170buf,2026,REG,2,Connor McGovern,McGoCo01,C,BUF,DET,74,1,0,0,0,0
2026_02_DET_BUF,202609170buf,2026,REG,2,Dawson Knox,KnoxDa00,TE,BUF,DET,56,0.76,0,0,1,0.03
2026_02_DET_BUF,202609170buf,2026,REG,2,Keon Coleman,ColeKe02,WR,BUF,DET,55,0.74,0,0,1,0.03
2026_02_DET_BUF,202609170buf,2026,REG,2,James Cook,CookJa01,RB,BUF,DET,55,0.74,0,0,0,0
2026_02_DET_BUF,202609170buf,2026,REG,2,Dalton Kincaid,KincDa00,TE,BUF,DET,49,0.66,0,0,0,0
2026_02_DET_BUF,202609170buf,2026,REG,2,Jackson Hawes,HaweJa00,TE,BUF,DET,37,0.5,0,0,7,0.24
2026_02_DET_BUF,202609170buf,2026,REG,2,Khalil Shakir,ShakKh00,WR,BUF,DET,36,0.49,0,0,1,0.03
2026_02_DET_BUF,202609170buf,2026,REG,2,Josh Palmer,PalmJo00,WR,BUF,DET,28,0.38,0,0,0,0
2026_02_DET_BUF,202609170buf,2026,REG,2,D.J. Moore,MoorD.00,WR,BUF,DET,23,0.31,0,0,0,0
2026_02_DET_BUF,202609170buf,2026,REG,2,Ray Davis,DaviRa04,RB,BUF,DET,10,0.14,0,0,5,0.17
2026_02_DET_BUF,202609170buf,2026,REG,2,Frank Gore Jr.,GoreFr01,RB,BUF,DET,9,0.12,0,0,4,0.14
2026_02_DET_BUF,202609170buf,2026,REG,2,Keleki Latu,LatuKe00,TE,BUF,DET,6,0.08,0,0,17,0.59
2026_02_DET_BUF,202609170buf,2026,REG,2,Greg Dortch,DortGr01,WR,BUF,DET,4,0.05,0,0,8,0.28
2026_02_DET_BUF,202609170buf,2026,REG,2,Tylan Grable,GrabTy00,T,BUF,DET,2,0.03,0,0,0,0
2026_02_DET_BUF,202609170buf,2026,REG,2,Terrel Bernard,BernTe00,LB,BUF,DET,0,0,65,1,1,0.03
2026_02_DET_BUF,202609170buf,2026,REG,2,Cole Bishop,BishCo00,S,BUF,DET,0,0,65,1,0,0
2026_02_DET_BUF,202609170buf,2026,REG,2,C.J. Gardner-Johnson,GardCh00,S,BUF,DET,0,0,65,1,0,0
2026_02_DET_BUF,202609170buf,2026,REG,2,Christian Benford,BenfCh00,CB,BUF,DET,0,0,64,0.98,0,0
2026_02_DET_BUF,202609170buf,2026,REG,2,Maxwell Hairston,HairMa00,CB,BUF,DET,0,0,49,0.75,8,0.28
2026_02_DET_BUF,202609170buf,2026,REG,2,Deone Walker,WalkDe04,DL,BUF,DET,0,0,44,0.68,8,0.28
2026_02_DET_BUF,202609170buf,2026,REG,2,Gregory Rousseau,RousGr00,LB,BUF,DET,0,0,43,0.66,4,0.14
2026_02_DET_BUF,202609170buf,2026,REG,2,Bradley Chubb,ChubBr00,LB,BUF,DET,0,0,42,0.65,0,0
2026_02_DET_BUF,202609170buf,2026,REG,2,DeAundre Alford,AlfoDe00,CB,BUF,DET,0,0,38,0.58,4,0.14
2026_02_DET_BUF,202609170buf,2026,REG,2,Dorian Williams,WillDo04,LB,BUF,DET,0,0,37,0.57,8,0.28
2026_02_DET_BUF,202609170buf,2026,REG,2,DeWayne Carter,CartDe03,DL,BUF,DET,0,0,31,0.48,4,0.14
2026_02_DET_BUF,202609170buf,2026,REG,2,Landon Jackson,JackLa03,DL,BUF,DET,0,0,28,0.43,10,0.34
2026_02_DET_BUF,202609170buf,2026,REG,2,Michael Hoecht,HoecMi00,LB,BUF,DET,0,0,27,0.42,19,0.66
2026_02_DET_BUF,202609170buf,2026,REG,2,Greg Gaines,GainGr00,DL,BUF,DET,0,0,19,0.29,5,0.17
2026_02_DET_BUF,202609170buf,2026,REG,2,Damar Hamlin,HamlDa00,S,BUF,DET,0,0,17,0.26,16,0.55
2026_02_DET_BUF,202609170buf,2026,REG,2,T.J. Parker,ParkTJ00,LB,BUF,DET,0,0,17,0.26,15,0.52
2026_02_DET_BUF,202609170buf,2026,REG,2,Davison Igbinosun,IgbiDa01,CB,BUF,DET,0,0,16,0.25,15,0.52
2026_02_DET_BUF,202609170buf,2026,REG,2,Javon Solomon,SoloJa00,LB,BUF,DET,0,0,15,0.23,13,0.45
2026_02_DET_BUF,202609170buf,2026,REG,2,Jordan Hancock,HancJo00,DB,BUF,DET,0,0,13,0.2,19,0.66
2026_02_DET_BUF,202609170buf,2026,REG,2,Kaleb Elarms-Orr,ElarKa00,LB,BUF,DET,0,0,12,0.18,15,0.52
2026_02_DET_BUF,202609170buf,2026,REG,2,Michael Danna,DannMi00,LB,BUF,DET,0,0,8,0.12,1,0.03
2026_02_DET_BUF,202609170buf,2026,REG,2,Joe Andreessen,AndrJo02,LB,BUF,DET,0,0,0,0,23,0.79
2026_02_DET_BUF,202609170buf,2026,REG,2,Sam Franklin,FranSa00,DB,BUF,DET,0,0,0,0,21,0.72
2026_02_DET_BUF,202609170buf,2026,REG,2,Tyler Bass,BassTy00,K,BUF,DET,0,0,0,0,13,0.45
2026_02_DET_BUF,202609170buf,2026,REG,2,Tommy Doman,DomaTo00,P,BUF,DET,0,0,0,0,8,0.28
2026_02_DET_BUF,202609170buf,2026,REG,2,Reid Ferguson,FergRe00,LS,BUF,DET,0,0,0,0,8,0.28
2026_02_DET_BUF,202609170buf,2026,REG,2,Lloyd Cushenberry III,CushLl00,C,BUF,DET,0,0,0,0,6,0.21
2026_02_DET_BUF,202609170buf,2026,REG,2,Austin Corbett,CorbAu00,G,BUF,DET,0,0,0,0,6,0.21
2026_02_DET_BUF,202609170buf,2026,REG,2,Ben Bartch,BartBe00,OL,DET,BUF,65,1,0,0,5,0.17
2026_02_DET_BUF,202609170buf,2026,REG,2,Tate Ratledge,RatlTa00,OL,DET,BUF,65,1,0,0,5,0.17
2026_02_DET_BUF,202609170buf,2026,REG,2,Larry Borom,BoroLa00,OL,DET,BUF,65,1,0,0,5,0.17
2026_02_DET_BUF,202609170buf,2026,REG,2,Juice Scruggs,ScruJu00,OL,DET,BUF,65,1,0,0,5,0.17
2026_02_DET_BUF,202609170buf,2026,REG,2,Penei Sewell,SewePe00,T,DET,BUF,65,1,0,0,5,0.17
2026_02_DET_BUF,202609170buf,2026,REG,2,Jared Goff,GoffJa00,QB,DET,BUF,65,1,0,0,0,0
2026_02_DET_BUF,202609170buf,2026,REG,2,Sam LaPorta,LaPoSa01,TE,DET,BUF,64,0.98,0,0,0,0
2026_02_DET_BUF,202609170buf,2026,REG,2,Jameson Williams,WillJa11,WR,DET,BUF,63,0.97,0,0,0,0
2026_02_DET_BUF,202609170buf,2026,REG,2,Amon-Ra St. Brown,StxxAm00,WR,DET,BUF,62,0.95,0,0,0,0
2026_02_DET_BUF,202609170buf,2026,REG,2,Jahmyr Gibbs,GibbJa01,RB,DET,BUF,54,0.83,0,0,0,0
2026_02_DET_BUF,202609170buf,2026,REG,2,Isaac TeSlaa,TeSlIs00,WR,DET,BUF,49,0.75,0,0,0,0
2026_02_DET_BUF,202609170buf,2026,REG,2,Brock Wright,WrigBr01,TE,DET,BUF,17,0.26,0,0,12,0.41
2026_02_DET_BUF,202609170buf,2026,REG,2,Sione Vaki,VakiSi00,RB,DET,BUF,11,0.17,0,0,18,0.62
2026_02_DET_BUF,202609170buf,2026,REG,2,Tyler Conklin,ConkTy00,TE,DET,BUF,4,0.06,0,0,7,0.24
2026_02_DET_BUF,202609170buf,2026,REG,2,Jackson Meeks,MeekJa00,TE,DET,BUF,1,0.02,0,0,14,0.48
2026_02_DET_BUF,202609170buf,2026,REG,2,Derrick Barnes,BarnDe02,LB,DET,BUF,0,0,74,1,8,0.28
2026_02_DET_BUF,202609170buf,2026,REG,2,Jack Campbell,CampJa04,LB,DET,BUF,0,0,74,1,6,0.21
2026_02_DET_BUF,202609170buf,2026,REG,2,D.J. Reed,ReedD.00,CB,DET,BUF,0,0,71,0.96,0,0
2026_02_DET_BUF,202609170buf,2026,REG,2,Rock Ya-Sin,Ya-SRo00,CB,DET,BUF,0,0,70,0.95,1,0.03
2026_02_DET_BUF,202609170buf,2026,REG,2,Alim McNeill,McNeAl00,DL,DET,BUF,0,0,66,0.89,6,0.21
2026_02_DET_BUF,202609170buf,2026,REG,2,Chuck Clark,ClarCh00,S,DET,BUF,0,0,64,0.86,6,0.21
2026_02_DET_BUF,202609170buf,2026,REG,2,Aidan Hutchinson,HutcAi00,DE,DET,BUF,0,0,63,0.85,0,0
2026_02_DET_BUF,202609170buf,2026,REG,2,Tyleik Williams,WillTy02,DL,DET,BUF,0,0,47,0.64,6,0.21
2026_02_DET_BUF,202609170buf,2026,REG,2,Tyler Lacy,LacyTy00,DL,DET,BUF,0,0,36,0.49,0,0
2026_02_DET_BUF,202609170buf,2026,REG,2,Thomas Harper,HarpTh00,S,DET,BUF,0,0,33,0.45,7,0.24
2026_02_DET_BUF,202609170buf,2026,REG,2,Devin White,WhitDe02,LB,DET,BUF,0,0,33,0.45,0,0
2026_02_DET_BUF,202609170buf,2026,REG,2,D.J. Wonnum,WonnDJ00,DE,DET,BUF,0,0,27,0.36,6,0.21
2026_02_DET_BUF,202609170buf,2026,REG,2,Avonte Maddox,MaddAv00,DB,DET,BUF,0,0,27,0.36,0,0
2026_02_DET_BUF,202609170buf,2026,REG,2,Christian Izien,IzieCh00,DB,DET,BUF,0,0,26,0.35,11,0.38
2026_02_DET_BUF,202609170buf,2026,REG,2,Skyler Gill-Howard,GillSk00,DL,DET,BUF,0,0,24,0.32,6,0.21
2026_02_DET_BUF,202609170buf,2026,REG,2,Levi Onwuzurike,OnwuLe00,DL,DET,BUF,0,0,22,0.3,0,0
2026_02_DET_BUF,202609170buf,2026,REG,2,Roger McCreary,McCrRo01,CB,DET,BUF,0,0,18,0.24,9,0.31
2026_02_DET_BUF,202609170buf,2026,REG,2,Derrick Moore,MoorDe03,DE,DET,BUF,0,0,17,0.23,0,0
2026_02_DET_BUF,202609170buf,2026,REG,2,Malcolm Rodriguez,RodrMa00,LB,DET,BUF,0,0,15,0.2,16,0.55
2026_02_DET_BUF,202609170buf,2026,REG,2,Trevor Nowaske,NowaTr00,LB,DET,BUF,0,0,5,0.07,24,0.83
2026_02_DET_BUF,202609170buf,2026,REG,2,Khalil Dorsey,DorsKh00,CB,DET,BUF,0,0,2,0.03,17,0.59
2026_02_DET_BUF,202609170buf,2026,REG,2,Tay Martin,MartTa00,WR,DET,BUF,0,0,0,0,18,0.62
2026_02_DET_BUF,202609170buf,2026,REG,2,Jacob Saylors,SaylJa00,RB,DET,BUF,0,0,0,0,18,0.62
2026_02_DET_BUF,202609170buf,2026,REG,2,Eric O'Neill,ONeiEr00,DE,DET,BUF,0,0,0,0,17,0.59
2026_02_DET_BUF,202609170buf,2026,REG,2,Joe Bachie,BachJo01,LB,DET,BUF,0,0,0,0,14,0.48
2026_02_DET_BUF,202609170buf,2026,REG,2,Jake Bates,BateJa00,K,DET,BUF,0,0,0,0,10,0.34
2026_02_DET_BUF,202609170buf,2026,REG,2,Jack Fox,FoxxJa01,P,DET,BUF,0,0,0,0,9,0.31
2026_02_DET_BUF,202609170buf,2026,REG,2,Tom Kennedy,KennTo01,WR,DET,BUF,0,0,0,0,9,0.31
2026_02_DET_BUF,202609170buf,2026,REG,2,Hogan Hatten,HattHo00,LS,DET,BUF,0,0,0,0,9,0.31
2026_02_DET_BUF,202609170buf,2026,REG,2,Miles Frazier,FrazMi00,OL,DET,BUF,0,0,0,0,5,0.17
2026_02_DET_BUF,202609170buf,2026,REG,2,Devin Cochran,CochDe00,OL,DET,BUF,0,0,0,0,5,0.17
2026_02_GB_NYJ,202609200nyj,2026,REG,2,Armand Membou,MembAr00,T,NYJ,GB,74,1,0,0,3,0.1
2026_02_GB_NYJ,202609200nyj,2026,REG,2,Dylan Parham,ParhDy00,OL,NYJ,GB,74,1,0,0,3,0.1
2026_02_GB_NYJ,202609200nyj,2026,REG,2,Joe Tippmann,TippJo00,C,NYJ,GB,74,1,0,0,3,0.1
2026_02_GB_NYJ,202609200nyj,2026,REG,2,Olu Fashanu,FashOl00,OL,NYJ,GB,74,1,0,0,3,0.1
2026_02_GB_NYJ,202609200nyj,2026,REG,2,Josh Myers,MyerJo00,C,NYJ,GB,74,1,0,0,0,0
2026_02_GB_NYJ,202609200nyj,2026,REG,2,Geno Smith,SmitGe00,QB,NYJ,GB,74,1,0,0,0,0
2026_02_GB_NYJ,202609200nyj,2026,REG,2,Garrett Wilson,WilsGa00,WR,NYJ,GB,65,0.88,0,0,0,0
2026_02_GB_NYJ,202609200nyj,2026,REG,2,Isaiah Williams,WillIs03,WR,NYJ,GB,61,0.82,0,0,11,0.38
2026_02_GB_NYJ,202609200nyj,2026,REG,2,Adonai Mitchell,MitcAd00,WR,NYJ,GB,61,0.82,0,0,0,0
2026_02_GB_NYJ,202609200nyj,2026,REG,2,Breece Hall,HallBr03,RB,NYJ,GB,48,0.65,0,0,0,0
2026_02_GB_NYJ,202609200nyj,2026,REG,2,Mason Taylor,TaylMa02,TE,NYJ,GB,34,0.46,0,0,7,0.24
2026_02_GB_NYJ,202609200nyj,2026,REG,2,Kenyon Sadiq,SadiKe00,TE,NYJ,GB,27,0.36,0,0,0,0
2026_02_GB_NYJ,202609200nyj,2026,REG,2,Jeremy Ruckert,RuckJe00,TE,NYJ,GB,25,0.34,0,0,10,0.34
2026_02_GB_NYJ,202609200nyj,2026,REG,2,Braelon Allen,AlleBr05,RB,NYJ,GB,23,0.31,0,0,5,0.17
2026_02_GB_NYJ,202609200nyj,2026,REG,2,Jelani Woods,WoodJe01,TE,NYJ,GB,21,0.28,0,0,8,0.28
2026_02_GB_NYJ,202609200nyj,2026,REG,2,Andrew Beck,BeckAn01,FB,NYJ,GB,4,0.05,0,0,22,0.76
2026_02_GB_NYJ,202609200nyj,2026,REG,2,Arian Smith,SmitAr01,WR,NYJ,GB,1,0.01,0,0,15,0.52
2026_02_GB_NYJ,202609200nyj,2026,REG,2,Dane Belton,BeltDa00,S,NYJ,GB,0,0,59,1,8,0.28
2026_02_GB_NYJ,202609200nyj,2026,REG,2,Andre Cisco,CiscAn00,S,NYJ,GB,0,0,59,1,7,0.24
2026_02_GB_NYJ,202609200nyj,2026,REG,2,Jamien Sherwood,SherJa00,LB,NYJ,GB,0,0,59,1,5,0.17
2026_02_GB_NYJ,202609200nyj,2026,REG,2,Demario Davis,DaviDe00,LB,NYJ,GB,0,0,59,1,0,0
2026_02_GB_NYJ,202609200nyj,2026,REG,2,Azareye'h Thomas,ThomAz00,CB,NYJ,GB,0,0,59,1,0,0
2026_02_GB_NYJ,202609200nyj,2026,REG,2,Brandon Stephens,StepBr01,CB,NYJ,GB,0,0,59,1,0,0
2026_02_GB_NYJ,202609200nyj,2026,REG,2,David Bailey,BailDa02,DE,NYJ,GB,0,0,43,0.73,0,0
2026_02_GB_NYJ,202609200nyj,2026,REG,2,Jarvis Brownlee,BrowJa09,DB,NYJ,GB,0,0,41,0.69,0,0
2026_02_GB_NYJ,202609200nyj,2026,REG,2,Kingsley Enagbare,EnagKi00,DE,NYJ,GB,0,0,40,0.68,4,0.14
2026_02_GB_NYJ,202609200nyj,2026,REG,2,Jowon Briggs,BrigJo00,DL,NYJ,GB,0,0,35,0.59,7,0.24
2026_02_GB_NYJ,202609200nyj,2026,REG,2,T'Vondre Sweat,SweaTV01,DL,NYJ,GB,0,0,33,0.56,4,0.14
2026_02_GB_NYJ,202609200nyj,2026,REG,2,Harrison Phillips,PhilHa00,DL,NYJ,GB,0,0,32,0.54,3,0.1
2026_02_GB_NYJ,202609200nyj,2026,REG,2,Will McDonald,McDoWi00,DE,NYJ,GB,0,0,25,0.42,10,0.34
2026_02_GB_NYJ,202609200nyj,2026,REG,2,Braiden McGregor,McGrBr00,DE,NYJ,GB,0,0,19,0.32,19,0.66
2026_02_GB_NYJ,202609200nyj,2026,REG,2,Darrell Jackson Jr.,JackDa06,DL,NYJ,GB,0,0,13,0.22,4,0.14
2026_02_GB_NYJ,202609200nyj,2026,REG,2,David Onyemata,OnyeDa00,DL,NYJ,GB,0,0,13,0.22,1,0.03
2026_02_GB_NYJ,202609200nyj,2026,REG,2,Malachi Moore,MoorMa04,DB,NYJ,GB,0,0,1,0.02,26,0.9
2026_02_GB_NYJ,202609200nyj,2026,REG,2,Qwan'tez Stiggers,StigQw00,CB,NYJ,GB,0,0,0,0,26,0.9
2026_02_GB_NYJ,202609200nyj,2026,REG,2,Troy Reeder,ReedTr01,LB,NYJ,GB,0,0,0,0,25,0.86
2026_02_GB_NYJ,202609200nyj,2026,REG,2,Isaiah Davis,DaviIs00,RB,NYJ,GB,0,0,0,0,22,0.76
2026_02_GB_NYJ,202609200nyj,2026,REG,2,Austin McNamara,McNaAu00,P,NYJ,GB,0,0,0,0,10,0.34
2026_02_GB_NYJ,202609200nyj,2026,REG,2,Thomas Hennessy,HennTh00,LS,NYJ,GB,0,0,0,0,10,0.34
2026_02_GB_NYJ,202609200nyj,2026,REG,2,Jason Sanders,SandJa00,K,NYJ,GB,0,0,0,0,7,0.24
2026_02_GB_NYJ,202609200nyj,2026,REG,2,Jordan Clark,ClarJo00,CB,NYJ,GB,0,0,0,0,7,0.24
2026_02_GB_NYJ,202609200nyj,2026,REG,2,Marcelino McCrary-Ball,McCrMa01,LB,NYJ,GB,0,0,0,0,6,0.21
2026_02_GB_NYJ,202609200nyj,2026,REG,2,Francisco Mauigoa,MauiFr00,LB,NYJ,GB,0,0,0,0,6,0.21
2026_02_GB_NYJ,202609200nyj,2026,REG,2,Nahshon Wright,WrigNa00,DB,NYJ,GB,0,0,0,0,6,0.21
2026_02_GB_NYJ,202609200nyj,2026,REG,2,Chukwuma Okorafor,OkorCh00,OL,NYJ,GB,0,0,0,0,3,0.1
2026_02_GB_NYJ,202609200nyj,2026,REG,2,Max Mitchell,MitcMa02,OL,NYJ,GB,0,0,0,0,3,0.1
2026_02_GB_NYJ,202609200nyj,2026,REG,2,Jacob Monk,MonkJa00,C,GB,NYJ,59,1,0,0,4,0.14
2026_02_GB_NYJ,202609200nyj,2026,REG,2,Jordan Morgan,MorgJo03,T,GB,NYJ,59,1,0,0,4,0.14
2026_02_GB_NYJ,202609200nyj,2026,REG,2,Sean Rhyan,RhyaSe00,C,GB,NYJ,59,1,0,0,3,0.1
2026_02_GB_NYJ,202609200nyj,2026,REG,2,Jordan Love,LoveJo03,QB,GB,NYJ,59,1,0,0,0,0
2026_02_GB_NYJ,202609200nyj,2026,REG,2,Tucker Kraft,KrafTu00,TE,GB,NYJ,58,0.98,0,0,0,0
2026_02_GB_NYJ,202609200nyj,2026,REG,2,Anthony Belton,BeltAn00,T,GB,NYJ,56,0.95,0,0,4,0.14
2026_02_GB_NYJ,202609200nyj,2026,REG,2,Christian Watson,WatsCh00,WR,GB,NYJ,53,0.9,0,0,0,0
2026_02_GB_NYJ,202609200nyj,2026,REG,2,Matthew Golden,GoldMa02,WR,GB,NYJ,51,0.86,0,0,0,0
2026_02_GB_NYJ,202609200nyj,2026,REG,2,Chris Brooks,BrooCh00,RB,GB,NYJ,27,0.46,0,0,9,0.31
2026_02_GB_NYJ,202609200nyj,2026,REG,2,Jager Burton,BurtJa02,C,GB,NYJ,23,0.39,0,0,3,0.1
2026_02_GB_NYJ,202609200nyj,2026,REG,2,Aaron Banks,BankAa00,G,GB,NYJ,22,0.37,0,0,1,0.03
2026_02_GB_NYJ,202609200nyj,2026,REG,2,Skyy Moore,MoorSk01,WR,GB,NYJ,21,0.36,0,0,11,0.38
2026_02_GB_NYJ,202609200nyj,2026,REG,2,Mark Redman,RedmMa00,TE,GB,NYJ,20,0.34,0,0,4,0.14
2026_02_GB_NYJ,202609200nyj,2026,REG,2,Kaleb Johnson,JohnKa03,RB,GB,NYJ,16,0.27,0,0,1,0.03
2026_02_GB_NYJ,202609200nyj,2026,REG,2,MarShawn Lloyd,LloyMa00,RB,GB,NYJ,16,0.27,0,0,0,0
2026_02_GB_NYJ,202609200nyj,2026,REG,2,Donovan Jennings,JennDo00,G,GB,NYJ,14,0.24,0,0,1,0.03
2026_02_GB_NYJ,202609200nyj,2026,REG,2,Jonnu Smith,SmitJo01,TE,GB,NYJ,13,0.22,0,0,4,0.14
2026_02_GB_NYJ,202609200nyj,2026,REG,2,J. Michael Sturdivant,MichJ00,WR,GB,NYJ,9,0.15,0,0,18,0.62
2026_02_GB_NYJ,202609200nyj,2026,REG,2,Bo Melton,MeltBo00,WR,GB,NYJ,9,0.15,0,0,16,0.55
2026_02_GB_NYJ,202609200nyj,2026,REG,2,Zach Bako-Bewele,TomxZa00,OL,GB,NYJ,3,0.05,0,0,0,0
2026_02_GB_NYJ,202609200nyj,2026,REG,2,Jayden Reed,ReedJa03,WR,GB,NYJ,2,0.03,0,0,0,0
2026_02_GB_NYJ,202609200nyj,2026,REG,2,Evan Williams,WillEv00,S,GB,NYJ,0,0,74,1,8,0.28
2026_02_GB_NYJ,202609200nyj,2026,REG,2,Brandon Cisse,CissBr00,CB,GB,NYJ,0,0,74,1,6,0.21
2026_02_GB_NYJ,202609200nyj,2026,REG,2,Xavier McKinney,McKiXa00,S,GB,NYJ,0,0,74,1,3,0.1
2026_02_GB_NYJ,202609200nyj,2026,REG,2,Zaire Franklin,FranZa00,LB,GB,NYJ,0,0,74,1,0,0
2026_02_GB_NYJ,202609200nyj,2026,REG,2,Keisean Nixon,NixoKe00,CB,GB,NYJ,0,0,74,1,0,0
2026_02_GB_NYJ,202609200nyj,2026,REG,2,Edgerrin Cooper,CoopEd00,LB,GB,NYJ,0,0,74,1,0,0
2026_02_GB_NYJ,202609200nyj,2026,REG,2,Javon Bullard,BullJa00,S,GB,NYJ,0,0,56,0.76,6,0.21
2026_02_GB_NYJ,202609200nyj,2026,REG,2,Lukas Van Ness,VanNLu00,DE,GB,NYJ,0,0,54,0.73,3,0.1
2026_02_GB_NYJ,202609200nyj,2026,REG,2,Karl Brooks,BrooKa00,DT,GB,NYJ,0,0,50,0.68,14,0.48
2026_02_GB_NYJ,202609200nyj,2026,REG,2,Devonte Wyatt,WyatDe00,DT,GB,NYJ,0,0,43,0.58,0,0
2026_02_GB_NYJ,202609200nyj,2026,REG,2,Chris McClellan,McClCh01,DT,GB,NYJ,0,0,34,0.46,5,0.17
2026_02_GB_NYJ,202609200nyj,2026,REG,2,Barryn Sorrell,SorrBa00,DE,GB,NYJ,0,0,31,0.42,17,0.59
2026_02_GB_NYJ,202609200nyj,2026,REG,2,Jonathan Ford,FordJo00,DT,GB,NYJ,0,0,31,0.42,8,0.28
2026_02_GB_NYJ,202609200nyj,2026,REG,2,Dani Dennis-Sutton,DennDa01,DE,GB,NYJ,0,0,30,0.41,14,0.48
2026_02_GB_NYJ,202609200nyj,2026,REG,2,Brenton Cox,CoxxBr02,DE,GB,NYJ,0,0,30,0.41,3,0.1
2026_02_GB_NYJ,202609200nyj,2026,REG,2,Anthony Campbell,CampAn00,DT,GB,NYJ,0,0,9,0.12,1,0.03
2026_02_GB_NYJ,202609200nyj,2026,REG,2,Carrington Valentine,ValeCa00,CB,GB,NYJ,0,0,2,0.03,6,0.21
2026_02_GB_NYJ,202609200nyj,2026,REG,2,Nick Niemann,NiemNi00,LB,GB,NYJ,0,0,0,0,25,0.86
2026_02_GB_NYJ,202609200nyj,2026,REG,2,Isaiah McDuffie,McDuIs00,LB,GB,NYJ,0,0,0,0,25,0.86
2026_02_GB_NYJ,202609200nyj,2026,REG,2,Ty'Ron Hopper,HoppTy00,LB,GB,NYJ,0,0,0,0,20,0.69
2026_02_GB_NYJ,202609200nyj,2026,REG,2,Kitan Oladapo,OladKi00,S,GB,NYJ,0,0,0,0,17,0.59
2026_02_GB_NYJ,202609200nyj,2026,REG,2,Josh Whyle,WhylJo01,TE,GB,NYJ,0,0,0,0,13,0.45
2026_02_GB_NYJ,202609200nyj,2026,REG,2,Kamal Hadden,HaddKa00,CB,GB,NYJ,0,0,0,0,12,0.41
2026_02_GB_NYJ,202609200nyj,2026,REG,2,Matthew Orzech,OrzeMa00,LS,GB,NYJ,0,0,0,0,10,0.34
2026_02_GB_NYJ,202609200nyj,2026,REG,2,Daniel Whelan,WhelDa00,P,GB,NYJ,0,0,0,0,10,0.34
2026_02_GB_NYJ,202609200nyj,2026,REG,2,Trey Smack,SmacTr00,K,GB,NYJ,0,0,0,0,9,0.31
2026_02_IND_KC,202609200kan,2026,REG,2,Kingsley Suamataia,SuamKi00,OL,KC,IND,80,1,0,0,8,0.24
2026_02_IND_KC,202609200kan,2026,REG,2,Trey Smith,SmitTr05,G,KC,IND,80,1,0,0,8,0.24
2026_02_IND_KC,202609200kan,2026,REG,2,Kahlil Benson,BensKa00,T,KC,IND,80,1,0,0,8,0.24
2026_02_IND_KC,202609200kan,2026,REG,2,Creed Humphrey,HumpCr00,C,KC,IND,80,1,0,0,8,0.24
2026_02_IND_KC,202609200kan,2026,REG,2,Patrick Mahomes,MahoPa00,QB,KC,IND,80,1,0,0,0,0
2026_02_IND_KC,202609200kan,2026,REG,2,Jaylon Moore,MoorJa04,OL,KC,IND,79,0.99,0,0,7,0.21
2026_02_IND_KC,202609200kan,2026,REG,2,Xavier Worthy,WortXa00,WR,KC,IND,69,0.86,0,0,0,0
2026_02_IND_KC,202609200kan,2026,REG,2,Travis Kelce,KelcTr00,TE,KC,IND,68,0.85,0,0,0,0
2026_02_IND_KC,202609200kan,2026,REG,2,Kenneth Walker III,WalkKe00,RB,KC,IND,66,0.82,0,0,0,0
2026_02_IND_KC,202609200kan,2026,REG,2,Rashee Rice,RiceRa01,WR,KC,IND,63,0.79,0,0,0,0
2026_02_IND_KC,202609200kan,2026,REG,2,Tyquan Thornton,ThorTy00,WR,KC,IND,47,0.59,0,0,0,0
2026_02_IND_KC,202609200kan,2026,REG,2,Noah Gray,GrayNo00,TE,KC,IND,40,0.5,0,0,10,0.3
2026_02_IND_KC,202609200kan,2026,REG,2,Emmett Johnson,JohnEm01,RB,KC,IND,14,0.18,0,0,15,0.45
2026_02_IND_KC,202609200kan,2026,REG,2,Jalen Royals,RoyaJa00,WR,KC,IND,12,0.15,0,0,7,0.21
2026_02_IND_KC,202609200kan,2026,REG,2,Jake Briningstool,BrinJa00,TE,KC,IND,10,0.12,0,0,16,0.48
2026_02_IND_KC,202609200kan,2026,REG,2,Khyiris Tonga,TongKh00,NT,KC,IND,4,0.05,36,0.55,7,0.21
2026_02_IND_KC,202609200kan,2026,REG,2,Hunter Nourzad,NourHu00,OL,KC,IND,3,0.04,0,0,8,0.24
2026_02_IND_KC,202609200kan,2026,REG,2,Cyrus Allen,AlleCy00,WR,KC,IND,3,0.04,0,0,3,0.09
2026_02_IND_KC,202609200kan,2026,REG,2,Mike Caliendo,CaliMi00,OL,KC,IND,1,0.01,0,0,8,0.24
2026_02_IND_KC,202609200kan,2026,REG,2,Joshua Ezeudu,EzeuJo00,OL,KC,IND,1,0.01,0,0,1,0.03
2026_02_IND_KC,202609200kan,2026,REG,2,Nohl Williams,WillNo01,DB,KC,IND,0,0,65,1,15,0.45
2026_02_IND_KC,202609200kan,2026,REG,2,Jaden Hicks,HickJa01,DB,KC,IND,0,0,65,1,8,0.24
2026_02_IND_KC,202609200kan,2026,REG,2,Nick Bolton,BoltNi00,LB,KC,IND,0,0,65,1,7,0.21
2026_02_IND_KC,202609200kan,2026,REG,2,Alohi Gilman,GilmAl00,S,KC,IND,0,0,65,1,1,0.03
2026_02_IND_KC,202609200kan,2026,REG,2,Drue Tranquill,TranDr00,LB,KC,IND,0,0,63,0.97,7,0.21
2026_02_IND_KC,202609200kan,2026,REG,2,George Karlaftis III,KarlGe00,DE,KC,IND,0,0,58,0.89,7,0.21
2026_02_IND_KC,202609200kan,2026,REG,2,Kristian Fulton,FultKr00,CB,KC,IND,0,0,52,0.8,0,0
2026_02_IND_KC,202609200kan,2026,REG,2,L'Jarius Sneed,SneeLJ00,CB,KC,IND,0,0,49,0.75,1,0.03
2026_02_IND_KC,202609200kan,2026,REG,2,Chris Jones,JoneCh09,DT,KC,IND,0,0,44,0.68,0,0
2026_02_IND_KC,202609200kan,2026,REG,2,Peter Woods,WoodPe00,DL,KC,IND,0,0,34,0.52,7,0.21
2026_02_IND_KC,202609200kan,2026,REG,2,Felix Anudike-Uzomah,AnudFe00,DE,KC,IND,0,0,29,0.45,0,0
2026_02_IND_KC,202609200kan,2026,REG,2,Ashton Gillotte,GillAs00,DE,KC,IND,0,0,28,0.43,7,0.21
2026_02_IND_KC,202609200kan,2026,REG,2,R Mason Thomas,MasoR01,DE,KC,IND,0,0,27,0.42,0,0
2026_02_IND_KC,202609200kan,2026,REG,2,Jack Cochrane,CochJa00,LB,KC,IND,0,0,26,0.4,25,0.76
2026_02_IND_KC,202609200kan,2026,REG,2,Christian Roland-Wallace,RolaCh00,CB,KC,IND,0,0,6,0.09,18,0.55
2026_02_IND_KC,202609200kan,2026,REG,2,Marcus Harris,HarrMa08,DT,KC,IND,0,0,2,0.03,0,0
2026_02_IND_KC,202609200kan,2026,REG,2,Jeffrey Bassa,BassJe00,LB,KC,IND,0,0,1,0.02,24,0.73
2026_02_IND_KC,202609200kan,2026,REG,2,Jadon Canady,CanaJa00,DB,KC,IND,0,0,0,0,24,0.73
2026_02_IND_KC,202609200kan,2026,REG,2,Ben VanSumeren,VanSBe00,FB,KC,IND,0,0,0,0,18,0.55
2026_02_IND_KC,202609200kan,2026,REG,2,Cole Christiansen,ChriCo00,LB,KC,IND,0,0,0,0,18,0.55
2026_02_IND_KC,202609200kan,2026,REG,2,Xavier Nwankpa,NwanXa00,S,KC,IND,0,0,0,0,16,0.48
2026_02_IND_KC,202609200kan,2026,REG,2,Harrison Butker,ButkHa00,K,KC,IND,0,0,0,0,15,0.45
2026_02_IND_KC,202609200kan,2026,REG,2,Matt Araiza,AraiMa00,P,KC,IND,0,0,0,0,10,0.3
2026_02_IND_KC,202609200kan,2026,REG,2,James Winchester,WincJa00,LS,KC,IND,0,0,0,0,10,0.3
2026_02_IND_KC,202609200kan,2026,REG,2,Brashard Smith,SmitBr09,RB,KC,IND,0,0,0,0,9,0.27
2026_02_IND_KC,202609200kan,2026,REG,2,Nikko Remigio,RemiNi00,WR,KC,IND,0,0,0,0,2,0.06
2026_02_IND_KC,202609200kan,2026,REG,2,Jalen Travis,TravJa00,T,IND,KC,65,1,0,0,6,0.18
2026_02_IND_KC,202609200kan,2026,REG,2,Matt Goncalves,GoncMa00,G,IND,KC,65,1,0,0,6,0.18
2026_02_IND_KC,202609200kan,2026,REG,2,Daniel Jones,JoneDa05,QB,IND,KC,65,1,0,0,0,0
2026_02_IND_KC,202609200kan,2026,REG,2,Tanor Bortolini,BortTa00,C,IND,KC,65,1,0,0,0,0
2026_02_IND_KC,202609200kan,2026,REG,2,Quenton Nelson,NelsQu00,G,IND,KC,65,1,0,0,0,0
2026_02_IND_KC,202609200kan,2026,REG,2,Bernhard Raimann,RaimBe00,T,IND,KC,65,1,0,0,0,0
2026_02_IND_KC,202609200kan,2026,REG,2,Jonathan Taylor,TaylJo02,RB,IND,KC,61,0.94,0,0,0,0
2026_02_IND_KC,202609200kan,2026,REG,2,Tyler Warren,WarrTy00,TE,IND,KC,58,0.89,0,0,0,0
2026_02_IND_KC,202609200kan,2026,REG,2,Josh Downs,DownJo00,WR,IND,KC,54,0.83,0,0,0,0
2026_02_IND_KC,202609200kan,2026,REG,2,Laquon Treadwell,TreaLa00,WR,IND,KC,48,0.74,0,0,17,0.52
2026_02_IND_KC,202609200kan,2026,REG,2,Keenan Allen,AlleKe00,WR,IND,KC,33,0.51,0,0,0,0
2026_02_IND_KC,202609200kan,2026,REG,2,Mo Alie-Cox,AlieMo00,TE,IND,KC,25,0.38,0,0,15,0.45
2026_02_IND_KC,202609200kan,2026,REG,2,Andrew Ogletree,OgleAn00,TE,IND,KC,19,0.29,0,0,22,0.67
2026_02_IND_KC,202609200kan,2026,REG,2,Alec Pierce,PierAl00,WR,IND,KC,17,0.26,0,0,0,0
2026_02_IND_KC,202609200kan,2026,REG,2,Seth McGowan,McGoSe01,RB,IND,KC,4,0.06,0,0,7,0.21
2026_02_IND_KC,202609200kan,2026,REG,2,Luke Tenuta,TenuLu00,T,IND,KC,3,0.05,0,0,6,0.18
2026_02_IND_KC,202609200kan,2026,REG,2,Deion Burks,BurkDe02,WR,IND,KC,3,0.05,0,0,2,0.06
2026_02_IND_KC,202609200kan,2026,REG,2,Camryn Bynum,BynuCa00,S,IND,KC,0,0,80,1,8,0.24
2026_02_IND_KC,202609200kan,2026,REG,2,Sauce Gardner,GardSa00,CB,IND,KC,0,0,76,0.95,1,0.03
2026_02_IND_KC,202609200kan,2026,REG,2,Akeem Davis-Gaither,DaviAk01,LB,IND,KC,0,0,75,0.94,7,0.21
2026_02_IND_KC,202609200kan,2026,REG,2,Justin Walley,WallJu00,CB,IND,KC,0,0,68,0.85,8,0.24
2026_02_IND_KC,202609200kan,2026,REG,2,DeForest Buckner,BuckDe00,DT,IND,KC,0,0,64,0.8,0,0
2026_02_IND_KC,202609200kan,2026,REG,2,Laiatu Latu,LatuLa00,DE,IND,KC,0,0,60,0.75,0,0
2026_02_IND_KC,202609200kan,2026,REG,2,Arden Key,KeyxAr00,DE,IND,KC,0,0,53,0.66,7,0.21
2026_02_IND_KC,202609200kan,2026,REG,2,Jaylon Carlies,CarlJa01,LB,IND,KC,0,0,50,0.62,2,0.06
2026_02_IND_KC,202609200kan,2026,REG,2,Grover Stewart,StewGr00,DT,IND,KC,0,0,49,0.61,14,0.42
2026_02_IND_KC,202609200kan,2026,REG,2,Hunter Wohler,WohlHu00,S,IND,KC,0,0,42,0.52,17,0.52
2026_02_IND_KC,202609200kan,2026,REG,2,A.J. Haulcy,HaulAJ00,S,IND,KC,0,0,37,0.46,0,0
2026_02_IND_KC,202609200kan,2026,REG,2,Charvarius Ward,WardCh01,CB,IND,KC,0,0,36,0.45,0,0
2026_02_IND_KC,202609200kan,2026,REG,2,Cam Taylor-Britt,TaylCa01,CB,IND,KC,0,0,33,0.41,19,0.58
2026_02_IND_KC,202609200kan,2026,REG,2,Jerry Tillery,TillJe00,DT,IND,KC,0,0,33,0.41,8,0.24
2026_02_IND_KC,202609200kan,2026,REG,2,JT Tuimoloau,TuimJT00,DE,IND,KC,0,0,29,0.36,19,0.58
2026_02_IND_KC,202609200kan,2026,REG,2,Adetomiwa Adebawore,AdebAd00,DT,IND,KC,0,0,24,0.3,27,0.82
2026_02_IND_KC,202609200kan,2026,REG,2,Micheal Clemons,ClemMi03,DE,IND,KC,0,0,24,0.3,2,0.06
2026_02_IND_KC,202609200kan,2026,REG,2,Bryce Boettcher,BoetBr00,LB,IND,KC,0,0,22,0.28,17,0.52
2026_02_IND_KC,202609200kan,2026,REG,2,Kapena Gushiken,GushKa00,CB,IND,KC,0,0,8,0.1,8,0.24
2026_02_IND_KC,202609200kan,2026,REG,2,Caden Curry,CurrCa00,DE,IND,KC,0,0,7,0.09,19,0.58
2026_02_IND_KC,202609200kan,2026,REG,2,CJ Allen,AlleCJ00,LB,IND,KC,0,0,6,0.08,0,0
2026_02_IND_KC,202609200kan,2026,REG,2,Tim Smith,SmitTi02,DT,IND,KC,0,0,3,0.04,0,0
2026_02_IND_KC,202609200kan,2026,REG,2,Tahj Chambers,ChamTa00,LB,IND,KC,0,0,0,0,27,0.82
2026_02_IND_KC,202609200kan,2026,REG,2,Jonathan Owens,OwenJo01,S,IND,KC,0,0,0,0,20,0.61
2026_02_IND_KC,202609200kan,2026,REG,2,Spencer Shrader,ShraSp00,K,IND,KC,0,0,0,0,14,0.42
2026_02_IND_KC,202609200kan,2026,REG,2,Anthony Gould,GoulAn00,WR,IND,KC,0,0,0,0,9,0.27
2026_02_IND_KC,202609200kan,2026,REG,2,Rigoberto Sanchez,SancRi00,P,IND,KC,0,0,0,0,8,0.24
2026_02_IND_KC,202609200kan,2026,REG,2,Luke Rhodes,RhodLu00,LS,IND,KC,0,0,0,0,8,0.24
2026_02_IND_KC,202609200kan,2026,REG,2,Sedrick Van Pran-Granger,VanPSe00,C,IND,KC,0,0,0,0,6,0.18
2026_02_IND_KC,202609200kan,2026,REG,2,Jalen Farmer,FarmJa00,G,IND,KC,0,0,0,0,6,0.18
2026_02_JAX_DEN,202609200den,2026,REG,2,Ben Powers,PoweBe00,G,DEN,JAX,62,1,0,0,4,0.17
2026_02_JAX_DEN,202609200den,2026,REG,2,Garett Bolles,BollGa00,T,DEN,JAX,62,1,0,0,4,0.17
2026_02_JAX_DEN,202609200den,2026,REG,2,Mike McGlinchey,McGlMi00,T,DEN,JAX,62,1,0,0,4,0.17
2026_02_JAX_DEN,202609200den,2026,REG,2,Luke Wattenberg,WattLu00,C,DEN,JAX,62,1,0,0,0,0
2026_02_JAX_DEN,202609200den,2026,REG,2,Bo Nix,NixxBo00,QB,DEN,JAX,62,1,0,0,0,0
2026_02_JAX_DEN,202609200den,2026,REG,2,Quinn Meinerz,MeinQu02,G,DEN,JAX,60,0.97,0,0,4,0.17
2026_02_JAX_DEN,202609200den,2026,REG,2,Courtland Sutton,SuttCo00,WR,DEN,JAX,45,0.73,0,0,0,0
2026_02_JAX_DEN,202609200den,2026,REG,2,Pat Bryant,BryaPa00,WR,DEN,JAX,41,0.66,0,0,0,0
2026_02_JAX_DEN,202609200den,2026,REG,2,Adam Trautman,TrauAd00,TE,DEN,JAX,40,0.65,0,0,4,0.17
2026_02_JAX_DEN,202609200den,2026,REG,2,Jaylen Waddle,WaddJa00,WR,DEN,JAX,38,0.61,0,0,0,0
2026_02_JAX_DEN,202609200den,2026,REG,2,Evan Engram,EngrEv00,TE,DEN,JAX,32,0.52,0,0,0,0
2026_02_JAX_DEN,202609200den,2026,REG,2,Jonah Coleman,ColeJo00,RB,DEN,JAX,25,0.4,0,0,3,0.13
2026_02_JAX_DEN,202609200den,2026,REG,2,Nate Adkins,AdkiNa00,TE,DEN,JAX,23,0.37,0,0,6,0.26
2026_02_JAX_DEN,202609200den,2026,REG,2,J.K. Dobbins,DobbJK00,RB,DEN,JAX,21,0.34,0,0,0,0
2026_02_JAX_DEN,202609200den,2026,REG,2,Tyler Badie,BadiTy00,RB,DEN,JAX,16,0.26,0,0,11,0.48
2026_02_JAX_DEN,202609200den,2026,REG,2,Troy Franklin,FranTr00,WR,DEN,JAX,13,0.21,0,0,0,0
2026_02_JAX_DEN,202609200den,2026,REG,2,Adam Prentice,PrenAd00,FB,DEN,JAX,8,0.13,0,0,15,0.65
2026_02_JAX_DEN,202609200den,2026,REG,2,Alex Palczewski,PalcAl00,T,DEN,JAX,4,0.06,0,0,4,0.17
2026_02_JAX_DEN,202609200den,2026,REG,2,Talanoa Hufanga,HufaTa00,S,DEN,JAX,3,0.05,59,1,4,0.17
2026_02_JAX_DEN,202609200den,2026,REG,2,Lil'Jordan Humphrey,HumpLi01,WR,DEN,JAX,3,0.05,0,0,0,0
2026_02_JAX_DEN,202609200den,2026,REG,2,Patrick Surtain II,SurtPa01,CB,DEN,JAX,0,0,59,1,0,0
2026_02_JAX_DEN,202609200den,2026,REG,2,Alex Singleton,SingAl00,LB,DEN,JAX,0,0,59,1,0,0
2026_02_JAX_DEN,202609200den,2026,REG,2,Riley Moss,MossRi00,CB,DEN,JAX,0,0,58,0.98,4,0.17
2026_02_JAX_DEN,202609200den,2026,REG,2,Brandon Jones,JoneBr06,S,DEN,JAX,0,0,58,0.98,0,0
2026_02_JAX_DEN,202609200den,2026,REG,2,Justin Strnad,StrnJu00,LB,DEN,JAX,0,0,55,0.93,0,0
2026_02_JAX_DEN,202609200den,2026,REG,2,Zach Allen,AlleZa01,DL,DEN,JAX,0,0,48,0.81,4,0.17
2026_02_JAX_DEN,202609200den,2026,REG,2,Jonah Elliss,ElliJo03,LB,DEN,JAX,0,0,41,0.69,3,0.13
2026_02_JAX_DEN,202609200den,2026,REG,2,Ja'Quan McMillian,McMiJa00,CB,DEN,JAX,0,0,40,0.68,0,0
2026_02_JAX_DEN,202609200den,2026,REG,2,Nik Bonitto,BoniNi00,LB,DEN,JAX,0,0,40,0.68,0,0
2026_02_JAX_DEN,202609200den,2026,REG,2,Malcolm Roach,RoacMa01,DT,DEN,JAX,0,0,34,0.58,4,0.17
2026_02_JAX_DEN,202609200den,2026,REG,2,Eyioma Uwazurike,UwazEy00,DL,DEN,JAX,0,0,27,0.46,4,0.17
2026_02_JAX_DEN,202609200den,2026,REG,2,D.J. Jones,JoneD.01,DT,DEN,JAX,0,0,25,0.42,0,0
2026_02_JAX_DEN,202609200den,2026,REG,2,Quandarrius Robinson,RobiQu00,LB,DEN,JAX,0,0,19,0.32,17,0.74
2026_02_JAX_DEN,202609200den,2026,REG,2,Dondrea Tillman,TillDo00,LB,DEN,JAX,0,0,18,0.31,16,0.7
2026_02_JAX_DEN,202609200den,2026,REG,2,Sai'vion Jones,JoneSa01,DE,DEN,JAX,0,0,6,0.1,4,0.17
2026_02_JAX_DEN,202609200den,2026,REG,2,Jahdae Barron,BarrJa01,CB,DEN,JAX,0,0,2,0.03,10,0.43
2026_02_JAX_DEN,202609200den,2026,REG,2,JL Skinner,SkinJL00,S,DEN,JAX,0,0,1,0.02,15,0.65
2026_02_JAX_DEN,202609200den,2026,REG,2,Devon Key,KeyxDe00,DB,DEN,JAX,0,0,0,0,19,0.83
2026_02_JAX_DEN,202609200den,2026,REG,2,Jordan Turner,TurnJo00,LB,DEN,JAX,0,0,0,0,19,0.83
2026_02_JAX_DEN,202609200den,2026,REG,2,Tycen Anderson,AndeTy00,S,DEN,JAX,0,0,0,0,15,0.65
2026_02_JAX_DEN,202609200den,2026,REG,2,Kris Abrams-Draine,AbraKr00,CB,DEN,JAX,0,0,0,0,13,0.57
2026_02_JAX_DEN,202609200den,2026,REG,2,Karene Reid,ReidKa00,LB,DEN,JAX,0,0,0,0,12,0.52
2026_02_JAX_DEN,202609200den,2026,REG,2,Wil Lutz,LutzWi00,K,DEN,JAX,0,0,0,0,9,0.39
2026_02_JAX_DEN,202609200den,2026,REG,2,Jeremy Crawshaw,CrawJe00,P,DEN,JAX,0,0,0,0,7,0.3
2026_02_JAX_DEN,202609200den,2026,REG,2,Mitchell Fraboni,FrabMi00,LS,DEN,JAX,0,0,0,0,7,0.3
2026_02_JAX_DEN,202609200den,2026,REG,2,Matt Peart,PearMa00,T,DEN,JAX,0,0,0,0,4,0.17
2026_02_JAX_DEN,202609200den,2026,REG,2,Alex Forsyth,ForsAl00,C,DEN,JAX,0,0,0,0,4,0.17
2026_02_JAX_DEN,202609200den,2026,REG,2,Ezra Cleveland,ClevEz00,OL,JAX,DEN,59,1,0,0,4,0.17
2026_02_JAX_DEN,202609200den,2026,REG,2,Anton Harrison,HarrAn00,OL,JAX,DEN,59,1,0,0,4,0.17
2026_02_JAX_DEN,202609200den,2026,REG,2,Emmanuel Pregnon,PregEm00,OL,JAX,DEN,59,1,0,0,4,0.17
2026_02_JAX_DEN,202609200den,2026,REG,2,Trevor Lawrence,LawrTr00,QB,JAX,DEN,59,1,0,0,0,0
2026_02_JAX_DEN,202609200den,2026,REG,2,Cole Van Lanen,VanxCo00,OL,JAX,DEN,59,1,0,0,0,0
2026_02_JAX_DEN,202609200den,2026,REG,2,Robert Hainsey,HainRo00,OL,JAX,DEN,59,1,0,0,0,0
2026_02_JAX_DEN,202609200den,2026,REG,2,Jakobi Meyers,MeyeJa01,WR,JAX,DEN,53,0.9,0,0,0,0
2026_02_JAX_DEN,202609200den,2026,REG,2,Brenton Strange,StraBr00,TE,JAX,DEN,49,0.83,0,0,0,0
2026_02_JAX_DEN,202609200den,2026,REG,2,Parker Washington,WashPa01,WR,JAX,DEN,48,0.81,0,0,3,0.13
2026_02_JAX_DEN,202609200den,2026,REG,2,Brian Thomas,ThomBr06,WR,JAX,DEN,32,0.54,0,0,0,0
2026_02_JAX_DEN,202609200den,2026,REG,2,Bhayshul Tuten,TuteBh00,RB,JAX,DEN,30,0.51,0,0,0,0
2026_02_JAX_DEN,202609200den,2026,REG,2,Nate Boerkircher,BoerNa00,TE,JAX,DEN,23,0.39,0,0,0,0
2026_02_JAX_DEN,202609200den,2026,REG,2,Quintin Morris,MorrQu00,TE,JAX,DEN,13,0.22,0,0,16,0.7
2026_02_JAX_DEN,202609200den,2026,REG,2,Chris Rodriguez,RodrCh00,RB,JAX,DEN,13,0.22,0,0,0,0
2026_02_JAX_DEN,202609200den,2026,REG,2,Josh Cameron,CameJo01,WR,JAX,DEN,10,0.17,0,0,14,0.61
2026_02_JAX_DEN,202609200den,2026,REG,2,LeQuint Allen,AlleLe01,RB,JAX,DEN,9,0.15,0,0,0,0
2026_02_JAX_DEN,202609200den,2026,REG,2,Travis Hunter,HuntTr00,WR,JAX,DEN,6,0.1,37,0.6,1,0.04
2026_02_JAX_DEN,202609200den,2026,REG,2,Ameer Abdullah,AbduAm00,RB,JAX,DEN,6,0.1,0,0,11,0.48
2026_02_JAX_DEN,202609200den,2026,REG,2,Wyatt Milum,MiluWy00,OL,JAX,DEN,3,0.05,0,0,4,0.17
2026_02_JAX_DEN,202609200den,2026,REG,2,Antonio Johnson,JohnAn07,S,JAX,DEN,0,0,62,1,1,0.04
2026_02_JAX_DEN,202609200den,2026,REG,2,Eric Murray,MurrEr00,S,JAX,DEN,0,0,60,0.97,4,0.17
2026_02_JAX_DEN,202609200den,2026,REG,2,Foyesade Oluokun,OluoFo00,LB,JAX,DEN,0,0,59,0.95,5,0.22
2026_02_JAX_DEN,202609200den,2026,REG,2,Josh Hines-Allen,AlleJo03,DE,JAX,DEN,0,0,53,0.85,5,0.22
2026_02_JAX_DEN,202609200den,2026,REG,2,Travon Walker,WalkTr03,DE,JAX,DEN,0,0,51,0.82,5,0.22
2026_02_JAX_DEN,202609200den,2026,REG,2,Montaric Brown,BrowMo00,CB,JAX,DEN,0,0,49,0.79,7,0.3
2026_02_JAX_DEN,202609200den,2026,REG,2,Ventrell Miller,MillVe00,LB,JAX,DEN,0,0,47,0.76,8,0.35
2026_02_JAX_DEN,202609200den,2026,REG,2,Arik Armstead,ArmsAr01,DT,JAX,DEN,0,0,42,0.68,0,0
2026_02_JAX_DEN,202609200den,2026,REG,2,Jarrian Jones,JoneJa14,CB,JAX,DEN,0,0,39,0.63,3,0.13
2026_02_JAX_DEN,202609200den,2026,REG,2,DaVon Hamilton,HamiDa02,DT,JAX,DEN,0,0,37,0.6,4,0.17
2026_02_JAX_DEN,202609200den,2026,REG,2,Jourdan Lewis,LewiJo01,CB,JAX,DEN,0,0,32,0.52,0,0
2026_02_JAX_DEN,202609200den,2026,REG,2,Matt Dickerson,DickMa00,DT,JAX,DEN,0,0,26,0.42,4,0.17
2026_02_JAX_DEN,202609200den,2026,REG,2,Dennis Gardeck,GardDe01,LB,JAX,DEN,0,0,24,0.39,14,0.61
2026_02_JAX_DEN,202609200den,2026,REG,2,Ruke Orhorhoro,OrhoRu00,DT,JAX,DEN,0,0,18,0.29,5,0.22
2026_02_JAX_DEN,202609200den,2026,REG,2,Branson Combs,CombBr00,LB,JAX,DEN,0,0,13,0.21,15,0.65
2026_02_JAX_DEN,202609200den,2026,REG,2,Danny Striggow,StriDa01,DE,JAX,DEN,0,0,12,0.19,5,0.22
2026_02_JAX_DEN,202609200den,2026,REG,2,Bryan Thomas,ThomBr08,DE,JAX,DEN,0,0,8,0.13,9,0.39
2026_02_JAX_DEN,202609200den,2026,REG,2,Caleb Ransaw,RansCa00,S,JAX,DEN,0,0,7,0.11,18,0.78
2026_02_JAX_DEN,202609200den,2026,REG,2,Albert Regis,RegiAl00,DT,JAX,DEN,0,0,6,0.1,1,0.04
2026_02_JAX_DEN,202609200den,2026,REG,2,Rayuan Lane,LaneRa00,S,JAX,DEN,0,0,0,0,18,0.78
2026_02_JAX_DEN,202609200den,2026,REG,2,Jahlani Tavai,TavaJa00,LB,JAX,DEN,0,0,0,0,14,0.61
2026_02_JAX_DEN,202609200den,2026,REG,2,Jalen McLeod,McLeJa00,LB,JAX,DEN,0,0,0,0,10,0.43
2026_02_JAX_DEN,202609200den,2026,REG,2,Logan Cooke,CookLo00,P,JAX,DEN,0,0,0,0,8,0.35
2026_02_JAX_DEN,202609200den,2026,REG,2,Ross Matiscik,MatiRo00,LS,JAX,DEN,0,0,0,0,8,0.35
2026_02_JAX_DEN,202609200den,2026,REG,2,Cam Little,LittCa00,K,JAX,DEN,0,0,0,0,7,0.3
2026_02_JAX_DEN,202609200den,2026,REG,2,Christian Braswell,BrasCh00,CB,JAX,DEN,0,0,0,0,6,0.26
2026_02_JAX_DEN,202609200den,2026,REG,2,Walker Little,LittWa00,OL,JAX,DEN,0,0,0,0,4,0.17
2026_02_JAX_DEN,202609200den,2026,REG,2,Jonah Monheim,MonhJo00,OL,JAX,DEN,0,0,0,0,4,0.17
2026_02_LV_LAC,202609200sdg,2026,REG,2,Jake Slaughter,SlauJa02,OL,LAC,LV,68,1,0,0,3,0.11
2026_02_LV_LAC,202609200sdg,2026,REG,2,Rashawn Slater,SlatRa00,T,LAC,LV,68,1,0,0,3,0.11
2026_02_LV_LAC,202609200sdg,2026,REG,2,Joe Alt,AltxJo01,T,LAC,LV,68,1,0,0,3,0.11
2026_02_LV_LAC,202609200sdg,2026,REG,2,Justin Herbert,HerbJu00,QB,LAC,LV,68,1,0,0,0,0
2026_02_LV_LAC,202609200sdg,2026,REG,2,Cole Strange,StraCo01,G,LAC,LV,57,0.84,0,0,3,0.11
2026_02_LV_LAC,202609200sdg,2026,REG,2,Tre Harris,HarrTr03,WR,LAC,LV,56,0.82,0,0,5,0.19
2026_02_LV_LAC,202609200sdg,2026,REG,2,Quentin Johnston,JohnQu02,WR,LAC,LV,55,0.81,0,0,0,0
2026_02_LV_LAC,202609200sdg,2026,REG,2,Kayode Awosika,AwosKa00,G,LAC,LV,50,0.74,0,0,3,0.11
2026_02_LV_LAC,202609200sdg,2026,REG,2,Omarion Hampton,HampOm00,RB,LAC,LV,43,0.63,0,0,0,0
2026_02_LV_LAC,202609200sdg,2026,REG,2,Charlie Kolar,KolaCh00,TE,LAC,LV,42,0.62,0,0,14,0.52
2026_02_LV_LAC,202609200sdg,2026,REG,2,Ladd McConkey,McCoLa00,WR,LAC,LV,31,0.46,0,0,0,0
2026_02_LV_LAC,202609200sdg,2026,REG,2,Oronde Gadsden II,GadsOr01,TE,LAC,LV,30,0.44,0,0,11,0.41
2026_02_LV_LAC,202609200sdg,2026,REG,2,Trevor Penning,PennTr00,OL,LAC,LV,29,0.43,0,0,3,0.11
2026_02_LV_LAC,202609200sdg,2026,REG,2,Alec Ingold,IngoAl01,FB,LAC,LV,28,0.41,0,0,9,0.33
2026_02_LV_LAC,202609200sdg,2026,REG,2,Keaton Mitchell,MitcKe01,RB,LAC,LV,17,0.25,0,0,4,0.15
2026_02_LV_LAC,202609200sdg,2026,REG,2,Brenen Thompson,ThomBr07,WR,LAC,LV,12,0.18,0,0,0,0
2026_02_LV_LAC,202609200sdg,2026,REG,2,David Njoku,NjokDa00,TE,LAC,LV,11,0.16,0,0,0,0
2026_02_LV_LAC,202609200sdg,2026,REG,2,Derius Davis,DaviDe02,WR,LAC,LV,8,0.12,0,0,7,0.26
2026_02_LV_LAC,202609200sdg,2026,REG,2,Kimani Vidal,VidaKi00,RB,LAC,LV,7,0.1,0,0,12,0.44
2026_02_LV_LAC,202609200sdg,2026,REG,2,Daiyan Henley,HenlDa00,LB,LAC,LV,0,0,53,0.84,0,0
2026_02_LV_LAC,202609200sdg,2026,REG,2,Derwin James,JameDe00,S,LAC,LV,0,0,52,0.83,0,0
2026_02_LV_LAC,202609200sdg,2026,REG,2,Tarheeb Still,StilTa00,CB,LAC,LV,0,0,50,0.79,7,0.26
2026_02_LV_LAC,202609200sdg,2026,REG,2,Cam Hart,HartCa00,CB,LAC,LV,0,0,49,0.78,8,0.3
2026_02_LV_LAC,202609200sdg,2026,REG,2,Tony Jefferson,JeffTo00,S,LAC,LV,0,0,48,0.76,9,0.33
2026_02_LV_LAC,202609200sdg,2026,REG,2,Tuli Tuipulotu,TuipTu00,LB,LAC,LV,0,0,46,0.73,4,0.15
2026_02_LV_LAC,202609200sdg,2026,REG,2,Khalil Mack,MackKh00,LB,LAC,LV,0,0,42,0.67,0,0
2026_02_LV_LAC,202609200sdg,2026,REG,2,Del'Shawn Phillips,PhilDe00,LB,LAC,LV,0,0,40,0.63,14,0.52
2026_02_LV_LAC,202609200sdg,2026,REG,2,Donte Jackson,JackDo02,CB,LAC,LV,0,0,37,0.59,0,0
2026_02_LV_LAC,202609200sdg,2026,REG,2,Genesis Smith,SmitGe01,S,LAC,LV,0,0,36,0.57,18,0.67
2026_02_LV_LAC,202609200sdg,2026,REG,2,Justin Eboigbe,EboiJu00,DL,LAC,LV,0,0,36,0.57,7,0.26
2026_02_LV_LAC,202609200sdg,2026,REG,2,Teair Tart,TartTe00,DL,LAC,LV,0,0,36,0.57,0,0
2026_02_LV_LAC,202609200sdg,2026,REG,2,Jamaree Caldwell,CaldJa00,DL,LAC,LV,0,0,35,0.56,5,0.19
2026_02_LV_LAC,202609200sdg,2026,REG,2,Akheem Mesidor,MesiAk01,LB,LAC,LV,0,0,31,0.49,15,0.56
2026_02_LV_LAC,202609200sdg,2026,REG,2,R.J. Mickens,MickRJ00,S,LAC,LV,0,0,27,0.43,3,0.11
2026_02_LV_LAC,202609200sdg,2026,REG,2,Dalvin Tomlinson,TomlDa00,DL,LAC,LV,0,0,25,0.4,3,0.11
2026_02_LV_LAC,202609200sdg,2026,REG,2,Bud Dupree,DuprAl00,LB,LAC,LV,0,0,19,0.3,8,0.3
2026_02_LV_LAC,202609200sdg,2026,REG,2,Troy Dye,DyexTr00,LB,LAC,LV,0,0,15,0.24,24,0.89
2026_02_LV_LAC,202609200sdg,2026,REG,2,Nick Barrett,BarrNi00,DL,LAC,LV,0,0,14,0.22,2,0.07
2026_02_LV_LAC,202609200sdg,2026,REG,2,Rodney Shelley,ShelRo00,CB,LAC,LV,0,0,2,0.03,15,0.56
2026_02_LV_LAC,202609200sdg,2026,REG,2,Kendall Williamson,WillKe07,S,LAC,LV,0,0,0,0,20,0.74
2026_02_LV_LAC,202609200sdg,2026,REG,2,Marlowe Wax,WaxxMa00,LB,LAC,LV,0,0,0,0,19,0.7
2026_02_LV_LAC,202609200sdg,2026,REG,2,Gary Jennings Jr,JennGa00,WR,LAC,LV,0,0,0,0,10,0.37
2026_02_LV_LAC,202609200sdg,2026,REG,2,JK Scott,ScotJK00,P,LAC,LV,0,0,0,0,9,0.33
2026_02_LV_LAC,202609200sdg,2026,REG,2,Josh Harris,HarrJo02,LS,LAC,LV,0,0,0,0,8,0.3
2026_02_LV_LAC,202609200sdg,2026,REG,2,Cameron Dicker,DickCa00,K,LAC,LV,0,0,0,0,6,0.22
2026_02_LV_LAC,202609200sdg,2026,REG,2,Travis Burke,BurkTr01,T,LAC,LV,0,0,0,0,3,0.11
2026_02_LV_LAC,202609200sdg,2026,REG,2,Spencer Burford,BurfSp00,G,LV,LAC,63,1,0,0,4,0.15
2026_02_LV_LAC,202609200sdg,2026,REG,2,Jackson Powers-Johnson,PoweJa00,G,LV,LAC,63,1,0,0,4,0.15
2026_02_LV_LAC,202609200sdg,2026,REG,2,Delmar Glaze,GlazDe00,T,LV,LAC,63,1,0,0,4,0.15
2026_02_LV_LAC,202609200sdg,2026,REG,2,Kolton Miller,MillKo00,T,LV,LAC,63,1,0,0,4,0.15
2026_02_LV_LAC,202609200sdg,2026,REG,2,Tyler Linderbaum,LindTy00,C,LV,LAC,63,1,0,0,0,0
2026_02_LV_LAC,202609200sdg,2026,REG,2,Kirk Cousins,CousKi00,QB,LV,LAC,63,1,0,0,0,0
2026_02_LV_LAC,202609200sdg,2026,REG,2,Michael Mayer,MayeMi00,TE,LV,LAC,53,0.84,0,0,1,0.04
2026_02_LV_LAC,202609200sdg,2026,REG,2,Ashton Jeanty,JeanAs00,RB,LV,LAC,51,0.81,0,0,0,0
2026_02_LV_LAC,202609200sdg,2026,REG,2,Jalen Nailor,NailJa00,WR,LV,LAC,38,0.6,0,0,0,0
2026_02_LV_LAC,202609200sdg,2026,REG,2,Tre Tucker,TuckTr00,WR,LV,LAC,37,0.59,0,0,1,0.04
2026_02_LV_LAC,202609200sdg,2026,REG,2,Jack Bech,BechJa00,WR,LV,LAC,34,0.54,0,0,3,0.11
2026_02_LV_LAC,202609200sdg,2026,REG,2,Ian Thomas,ThomIa00,TE,LV,LAC,31,0.49,0,0,0,0
2026_02_LV_LAC,202609200sdg,2026,REG,2,Connor Heyward,HeywCo00,FB,LV,LAC,19,0.3,0,0,12,0.44
2026_02_LV_LAC,202609200sdg,2026,REG,2,Dareke Young,YounDa02,WR,LV,LAC,12,0.19,0,0,17,0.63
2026_02_LV_LAC,202609200sdg,2026,REG,2,Mike Washington Jr.,WashMi00,RB,LV,LAC,12,0.19,0,0,0,0
2026_02_LV_LAC,202609200sdg,2026,REG,2,Dylan Laube,LaubDy00,RB,LV,LAC,8,0.13,0,0,23,0.85
2026_02_LV_LAC,202609200sdg,2026,REG,2,Malik Benson,BensMa00,WR,LV,LAC,8,0.13,0,0,5,0.19
2026_02_LV_LAC,202609200sdg,2026,REG,2,Cody White,WhitCo05,WR,LV,LAC,7,0.11,0,0,16,0.59
2026_02_LV_LAC,202609200sdg,2026,REG,2,Chris Myarick,MyarCh00,TE,LV,LAC,3,0.05,0,0,0,0
2026_02_LV_LAC,202609200sdg,2026,REG,2,Trey Zuhn,ZuhnTr01,G,LV,LAC,2,0.03,0,0,4,0.15
2026_02_LV_LAC,202609200sdg,2026,REG,2,Jeremy Chinn,ChinJe00,S,LV,LAC,0,0,68,1,2,0.07
2026_02_LV_LAC,202609200sdg,2026,REG,2,Quay Walker,WalkQu00,LB,LV,LAC,0,0,68,1,0,0
2026_02_LV_LAC,202609200sdg,2026,REG,2,Eric Stokes,StokEr00,CB,LV,LAC,0,0,68,1,0,0
2026_02_LV_LAC,202609200sdg,2026,REG,2,Nakobe Dean,DeanNa00,LB,LV,LAC,0,0,64,0.94,0,0
2026_02_LV_LAC,202609200sdg,2026,REG,2,Maxx Crosby,CrosMa00,DE,LV,LAC,0,0,59,0.87,4,0.15
2026_02_LV_LAC,202609200sdg,2026,REG,2,Tonka Hemingway,HemiTo00,DT,LV,LAC,0,0,50,0.74,8,0.3
2026_02_LV_LAC,202609200sdg,2026,REG,2,Hezekiah Masses,MassHe00,CB,LV,LAC,0,0,50,0.74,0,0
2026_02_LV_LAC,202609200sdg,2026,REG,2,Taron Johnson,JohnTa01,CB,LV,LAC,0,0,48,0.71,1,0.04
2026_02_LV_LAC,202609200sdg,2026,REG,2,Isaiah Pola-Mao,PolaIs00,S,LV,LAC,0,0,38,0.56,23,0.85
2026_02_LV_LAC,202609200sdg,2026,REG,2,Kwity Paye,PayeKw00,DE,LV,LAC,0,0,38,0.56,0,0
2026_02_LV_LAC,202609200sdg,2026,REG,2,Treydan Stukes,StukTr00,S,LV,LAC,0,0,31,0.46,5,0.19
2026_02_LV_LAC,202609200sdg,2026,REG,2,Malcolm Koonce,KoonMa00,DE,LV,LAC,0,0,28,0.41,0,0
2026_02_LV_LAC,202609200sdg,2026,REG,2,Thomas Booker,BookTh00,DT,LV,LAC,0,0,26,0.38,4,0.15
2026_02_LV_LAC,202609200sdg,2026,REG,2,Jonah Laulu,LaulJo00,DT,LV,LAC,0,0,26,0.38,4,0.15
2026_02_LV_LAC,202609200sdg,2026,REG,2,Tommy Eichenberg,EichTo00,LB,LV,LAC,0,0,24,0.35,23,0.85
2026_02_LV_LAC,202609200sdg,2026,REG,2,Folorunso Fatukasi,FatuFo00,DT,LV,LAC,0,0,24,0.35,0,0
2026_02_LV_LAC,202609200sdg,2026,REG,2,Adam Butler,ButlAd00,DT,LV,LAC,0,0,21,0.31,0,0
2026_02_LV_LAC,202609200sdg,2026,REG,2,Jermod McCoy,McCoJe00,CB,LV,LAC,0,0,18,0.26,3,0.11
2026_02_LV_LAC,202609200sdg,2026,REG,2,Segun Olubi,OlubSe00,LB,LV,LAC,0,0,0,0,23,0.85
2026_02_LV_LAC,202609200sdg,2026,REG,2,Darrell Luter,LuteDa00,CB,LV,LAC,0,0,0,0,22,0.81
2026_02_LV_LAC,202609200sdg,2026,REG,2,Patrick Johnson,JohnPa02,DE,LV,LAC,0,0,0,0,22,0.81
2026_02_LV_LAC,202609200sdg,2026,REG,2,Cody Lindenberg,LindCo00,LB,LV,LAC,0,0,0,0,18,0.67
2026_02_LV_LAC,202609200sdg,2026,REG,2,Alex Ward,WardAl00,LS,LV,LAC,0,0,0,0,10,0.37
2026_02_LV_LAC,202609200sdg,2026,REG,2,AJ Cole III,ColeAJ01,P,LV,LAC,0,0,0,0,10,0.37
2026_02_LV_LAC,202609200sdg,2026,REG,2,Matt Gay,GayxMa00,K,LV,LAC,0,0,0,0,9,0.33
2026_02_LV_LAC,202609200sdg,2026,REG,2,Charles Grant,GranCh00,T,LV,LAC,0,0,0,0,4,0.15
2026_02_LV_LAC,202609200sdg,2026,REG,2,Caleb Rogers,RogeCa01,G,LV,LAC,0,0,0,0,4,0.15
2026_02_MIA_SF,202609200sfo,2026,REG,2,Connor Colby,ColbCo00,OL,SF,MIA,52,1,0,0,5,0.2
2026_02_MIA_SF,202609200sfo,2026,REG,2,Colton McKivitz,McKiCo00,OL,SF,MIA,52,1,0,0,5,0.2
2026_02_MIA_SF,202609200sfo,2026,REG,2,Dominick Puni,PuniDo00,OL,SF,MIA,46,0.88,0,0,5,0.2
2026_02_MIA_SF,202609200sfo,2026,REG,2,Trent Williams,WillTr21,T,SF,MIA,44,0.85,0,0,0,0
2026_02_MIA_SF,202609200sfo,2026,REG,2,Jake Brendel,BrenJa01,OL,SF,MIA,44,0.85,0,0,0,0
2026_02_MIA_SF,202609200sfo,2026,REG,2,Brock Purdy,PurdBr00,QB,SF,MIA,44,0.85,0,0,0,0
2026_02_MIA_SF,202609200sfo,2026,REG,2,Deebo Samuel,SamuDe00,WR,SF,MIA,31,0.6,0,0,2,0.08
2026_02_MIA_SF,202609200sfo,2026,REG,2,Luke Farrell,FarrLu00,TE,SF,MIA,28,0.54,0,0,17,0.68
2026_02_MIA_SF,202609200sfo,2026,REG,2,Mike Evans,EvanMi00,WR,SF,MIA,28,0.54,0,0,0,0
2026_02_MIA_SF,202609200sfo,2026,REG,2,Christian McCaffrey,McCaCh01,RB,SF,MIA,27,0.52,0,0,0,0
2026_02_MIA_SF,202609200sfo,2026,REG,2,George Kittle,KittGe00,TE,SF,MIA,25,0.48,0,0,0,0
2026_02_MIA_SF,202609200sfo,2026,REG,2,Jacob Cowing,CowiJa00,WR,SF,MIA,24,0.46,0,0,5,0.2
2026_02_MIA_SF,202609200sfo,2026,REG,2,Kyle Juszczyk,JuszKy00,FB,SF,MIA,23,0.44,0,0,2,0.08
2026_02_MIA_SF,202609200sfo,2026,REG,2,KhaDarel Hodge,HodgKh00,WR,SF,MIA,20,0.38,0,0,16,0.64
2026_02_MIA_SF,202609200sfo,2026,REG,2,Kaelon Black,BlacKa00,RB,SF,MIA,17,0.33,0,0,0,0
2026_02_MIA_SF,202609200sfo,2026,REG,2,Demarcus Robinson,RobiDe01,WR,SF,MIA,16,0.31,0,0,0,0
2026_02_MIA_SF,202609200sfo,2026,REG,2,Brayden Willis,WillBr06,TE,SF,MIA,13,0.25,0,0,21,0.84
2026_02_MIA_SF,202609200sfo,2026,REG,2,Jordan James,JameJo01,RB,SF,MIA,8,0.15,0,0,8,0.32
2026_02_MIA_SF,202609200sfo,2026,REG,2,Jarrett Patterson,PattJa03,OL,SF,MIA,8,0.15,0,0,5,0.2
2026_02_MIA_SF,202609200sfo,2026,REG,2,Vederian Lowe,LoweVe00,OL,SF,MIA,8,0.15,0,0,5,0.2
2026_02_MIA_SF,202609200sfo,2026,REG,2,Mac Jones,JoneMa05,QB,SF,MIA,8,0.15,0,0,0,0
2026_02_MIA_SF,202609200sfo,2026,REG,2,Carver Willis,WillCa05,OL,SF,MIA,6,0.12,0,0,5,0.2
2026_02_MIA_SF,202609200sfo,2026,REG,2,Marques Sigle,SiglMa00,S,SF,MIA,0,0,59,1,10,0.4
2026_02_MIA_SF,202609200sfo,2026,REG,2,Renardo Green,GreeRe00,CB,SF,MIA,0,0,59,1,0,0
2026_02_MIA_SF,202609200sfo,2026,REG,2,Ji'Ayir Brown,BrowJi01,S,SF,MIA,0,0,56,0.95,6,0.24
2026_02_MIA_SF,202609200sfo,2026,REG,2,Deommodore Lenoir,LenoDe00,DB,SF,MIA,0,0,56,0.95,4,0.16
2026_02_MIA_SF,202609200sfo,2026,REG,2,Fred Warner,WarnFr00,LB,SF,MIA,0,0,49,0.83,3,0.12
2026_02_MIA_SF,202609200sfo,2026,REG,2,Osa Odighizuwa,OdigOs00,DL,SF,MIA,0,0,41,0.69,4,0.16
2026_02_MIA_SF,202609200sfo,2026,REG,2,Dre Greenlaw,GreeDr00,LB,SF,MIA,0,0,41,0.69,0,0
2026_02_MIA_SF,202609200sfo,2026,REG,2,Nick Bosa,BosaNi00,DL,SF,MIA,0,0,40,0.68,0,0
2026_02_MIA_SF,202609200sfo,2026,REG,2,Upton Stout,StouUp00,CB,SF,MIA,0,0,34,0.58,1,0.04
2026_02_MIA_SF,202609200sfo,2026,REG,2,Gracen Halton,HaltGr00,DL,SF,MIA,0,0,32,0.54,4,0.16
2026_02_MIA_SF,202609200sfo,2026,REG,2,Keion White,WhitKe03,DL,SF,MIA,0,0,32,0.54,4,0.16
2026_02_MIA_SF,202609200sfo,2026,REG,2,Romello Height,HeigRo00,DL,SF,MIA,0,0,32,0.54,0,0
2026_02_MIA_SF,202609200sfo,2026,REG,2,CJ West,WestCJ00,DL,SF,MIA,0,0,26,0.44,4,0.16
2026_02_MIA_SF,202609200sfo,2026,REG,2,James Thompson,ThomJa06,DL,SF,MIA,0,0,21,0.36,0,0
2026_02_MIA_SF,202609200sfo,2026,REG,2,Jaden Dugger,DuggJa00,LB,SF,MIA,0,0,18,0.31,10,0.4
2026_02_MIA_SF,202609200sfo,2026,REG,2,Ogbonnia Okoronkwo,OkorOg00,DL,SF,MIA,0,0,16,0.27,0,0
2026_02_MIA_SF,202609200sfo,2026,REG,2,Garret Wallow,WallGa00,LB,SF,MIA,0,0,12,0.2,20,0.8
2026_02_MIA_SF,202609200sfo,2026,REG,2,Khalid Kareem,KareKh00,DL,SF,MIA,0,0,11,0.19,0,0
2026_02_MIA_SF,202609200sfo,2026,REG,2,Jack Jones,JoneJa10,CB,SF,MIA,0,0,10,0.17,4,0.16
2026_02_MIA_SF,202609200sfo,2026,REG,2,Malik Mustapha,MustMa00,S,SF,MIA,0,0,3,0.05,13,0.52
2026_02_MIA_SF,202609200sfo,2026,REG,2,Luke Gifford,GiffLu00,LB,SF,MIA,0,0,1,0.02,20,0.8
2026_02_MIA_SF,202609200sfo,2026,REG,2,Ashtyn Davis,DaviAs00,S,SF,MIA,0,0,0,0,20,0.8
2026_02_MIA_SF,202609200sfo,2026,REG,2,Siran Neal,NealSi00,DB,SF,MIA,0,0,0,0,20,0.8
2026_02_MIA_SF,202609200sfo,2026,REG,2,Eddy Piñeiro,PineEd00,K,SF,MIA,0,0,0,0,11,0.44
2026_02_MIA_SF,202609200sfo,2026,REG,2,Jon Weeks,WeekJo00,LS,SF,MIA,0,0,0,0,8,0.32
2026_02_MIA_SF,202609200sfo,2026,REG,2,Corliss Waitman,WaitCo00,P,SF,MIA,0,0,0,0,8,0.32
2026_02_MIA_SF,202609200sfo,2026,REG,2,Jonah Savaiinaea,SavaJo00,G,MIA,SF,59,1,0,0,4,0.16
2026_02_MIA_SF,202609200sfo,2026,REG,2,Kadyn Proctor,ProcKa00,G,MIA,SF,59,1,0,0,4,0.16
2026_02_MIA_SF,202609200sfo,2026,REG,2,Patrick Paul,PaulPa01,T,MIA,SF,59,1,0,0,4,0.16
2026_02_MIA_SF,202609200sfo,2026,REG,2,Austin Jackson,JackAu00,T,MIA,SF,59,1,0,0,4,0.16
2026_02_MIA_SF,202609200sfo,2026,REG,2,Malik Willis,WillMa12,QB,MIA,SF,59,1,0,0,0,0
2026_02_MIA_SF,202609200sfo,2026,REG,2,Aaron Brewer,BrewAa01,C,MIA,SF,59,1,0,0,0,0
2026_02_MIA_SF,202609200sfo,2026,REG,2,Caleb Douglas,DougCa00,WR,MIA,SF,51,0.86,0,0,0,0
2026_02_MIA_SF,202609200sfo,2026,REG,2,De'Von Achane,AchaDe00,RB,MIA,SF,45,0.76,0,0,0,0
2026_02_MIA_SF,202609200sfo,2026,REG,2,Malik Washington,WashMa00,WR,MIA,SF,43,0.73,0,0,6,0.24
2026_02_MIA_SF,202609200sfo,2026,REG,2,Greg Dulcich,DulcGr00,TE,MIA,SF,36,0.61,0,0,4,0.16
2026_02_MIA_SF,202609200sfo,2026,REG,2,Will Kacmarek,KacmWi00,TE,MIA,SF,28,0.47,0,0,9,0.36
2026_02_MIA_SF,202609200sfo,2026,REG,2,Kevin Coleman,ColeKe03,WR,MIA,SF,27,0.46,0,0,0,0
2026_02_MIA_SF,202609200sfo,2026,REG,2,Chris Bell,BellCh00,WR,MIA,SF,24,0.41,0,0,3,0.12
2026_02_MIA_SF,202609200sfo,2026,REG,2,DJ Herman,HermDJ00,FB,MIA,SF,17,0.29,0,0,6,0.24
2026_02_MIA_SF,202609200sfo,2026,REG,2,Ollie Gordon,GordOl00,RB,MIA,SF,11,0.19,0,0,8,0.32
2026_02_MIA_SF,202609200sfo,2026,REG,2,Ryan Miller,MillRy01,WR,MIA,SF,7,0.12,0,0,14,0.56
2026_02_MIA_SF,202609200sfo,2026,REG,2,Caedan Wallace,WallCa00,G,MIA,SF,3,0.05,0,0,4,0.16
2026_02_MIA_SF,202609200sfo,2026,REG,2,Jaylen Wright,WrigJa04,RB,MIA,SF,3,0.05,0,0,3,0.12
2026_02_MIA_SF,202609200sfo,2026,REG,2,Jason Marshall,MarsJa00,CB,MIA,SF,0,0,49,0.94,8,0.32
2026_02_MIA_SF,202609200sfo,2026,REG,2,Jacob Rodriguez,RodrJa00,LB,MIA,SF,0,0,48,0.92,5,0.2
2026_02_MIA_SF,202609200sfo,2026,REG,2,Michael Taaffe,TaafMi00,S,MIA,SF,0,0,44,0.85,8,0.32
2026_02_MIA_SF,202609200sfo,2026,REG,2,Jordyn Brooks,BrooJo01,LB,MIA,SF,0,0,44,0.85,5,0.2
2026_02_MIA_SF,202609200sfo,2026,REG,2,Chris Johnson,JohnCh09,CB,MIA,SF,0,0,42,0.81,5,0.2
2026_02_MIA_SF,202609200sfo,2026,REG,2,Dante Trader,TradDa00,S,MIA,SF,0,0,40,0.77,12,0.48
2026_02_MIA_SF,202609200sfo,2026,REG,2,Zeek Biggers,BiggZe01,DL,MIA,SF,0,0,35,0.67,9,0.36
2026_02_MIA_SF,202609200sfo,2026,REG,2,Zach Sieler,SielZa00,DL,MIA,SF,0,0,34,0.65,9,0.36
2026_02_MIA_SF,202609200sfo,2026,REG,2,Julius Brents,BrenJu00,CB,MIA,SF,0,0,32,0.62,0,0
2026_02_MIA_SF,202609200sfo,2026,REG,2,Joshua Uche,UcheJo00,DE,MIA,SF,0,0,32,0.62,0,0
2026_02_MIA_SF,202609200sfo,2026,REG,2,Willie Gay Jr.,GayJWi00,LB,MIA,SF,0,0,32,0.62,0,0
2026_02_MIA_SF,202609200sfo,2026,REG,2,Jordan Phillips,PhilJo02,DL,MIA,SF,0,0,31,0.6,5,0.2
2026_02_MIA_SF,202609200sfo,2026,REG,2,Malik Herring,HerrMa02,DE,MIA,SF,0,0,23,0.44,0,0
2026_02_MIA_SF,202609200sfo,2026,REG,2,Clelin Ferrell,FerrCl00,DE,MIA,SF,0,0,21,0.4,3,0.12
2026_02_MIA_SF,202609200sfo,2026,REG,2,Robert Beal,BealRo00,DE,MIA,SF,0,0,20,0.38,13,0.52
2026_02_MIA_SF,202609200sfo,2026,REG,2,Zayne Anderson,AndeZa02,S,MIA,SF,0,0,13,0.25,3,0.12
2026_02_MIA_SF,202609200sfo,2026,REG,2,Keith Cooper Jr.,CoopKe00,DL,MIA,SF,0,0,10,0.19,5,0.2
2026_02_MIA_SF,202609200sfo,2026,REG,2,Jackson Woodard,WoodJa02,LB,MIA,SF,0,0,8,0.15,16,0.64
2026_02_MIA_SF,202609200sfo,2026,REG,2,Julius Wood,WoodJu00,S,MIA,SF,0,0,8,0.15,16,0.64
2026_02_MIA_SF,202609200sfo,2026,REG,2,Liam Anderson,AndeLi00,LB,MIA,SF,0,0,4,0.08,12,0.48
2026_02_MIA_SF,202609200sfo,2026,REG,2,Max Llewellyn,LlewMa00,DE,MIA,SF,0,0,2,0.04,3,0.12
2026_02_MIA_SF,202609200sfo,2026,REG,2,Seydou Traore,TraoSe00,TE,MIA,SF,0,0,0,0,21,0.84
2026_02_MIA_SF,202609200sfo,2026,REG,2,Bradley Pinion,PiniBr00,P,MIA,SF,0,0,0,0,8,0.32
2026_02_MIA_SF,202609200sfo,2026,REG,2,Tucker Addington,AddiTu00,LS,MIA,SF,0,0,0,0,8,0.32
2026_02_MIA_SF,202609200sfo,2026,REG,2,Jaylin Simpson,SimpJa00,CB,MIA,SF,0,0,0,0,7,0.28
2026_02_MIA_SF,202609200sfo,2026,REG,2,Riley Patterson,PattRi01,K,MIA,SF,0,0,0,0,7,0.28
2026_02_MIA_SF,202609200sfo,2026,REG,2,Reese Taylor,TaylRe01,CB,MIA,SF,0,0,0,0,6,0.24
2026_02_MIA_SF,202609200sfo,2026,REG,2,Jarrett Kingston,KingJa02,T,MIA,SF,0,0,0,0,6,0.24
2026_02_MIA_SF,202609200sfo,2026,REG,2,Andrew Meyer,MeyeAn00,C,MIA,SF,0,0,0,0,2,0.08
2026_02_MIN_CHI,202609200chi,2026,REG,2,Darnell Wright,WrigDa00,OL,CHI,MIN,74,1,0,0,2,0.1
2026_02_MIN_CHI,202609200chi,2026,REG,2,Jonah Jackson,JackJo03,OL,CHI,MIN,74,1,0,0,2,0.1
2026_02_MIN_CHI,202609200chi,2026,REG,2,Joe Thuney,ThunJo00,OL,CHI,MIN,74,1,0,0,0,0
2026_02_MIN_CHI,202609200chi,2026,REG,2,Garrett Bradbury,BradGa00,OL,CHI,MIN,74,1,0,0,0,0
2026_02_MIN_CHI,202609200chi,2026,REG,2,Caleb Williams,WillCa03,QB,CHI,MIN,64,0.86,0,0,0,0
2026_02_MIN_CHI,202609200chi,2026,REG,2,Colston Loveland,LoveCo00,TE,CHI,MIN,64,0.86,0,0,0,0
2026_02_MIN_CHI,202609200chi,2026,REG,2,Rome Odunze,OdunRo00,WR,CHI,MIN,62,0.84,0,0,0,0
2026_02_MIN_CHI,202609200chi,2026,REG,2,Braxton Jones,JoneBr08,OL,CHI,MIN,55,0.74,0,0,2,0.1
2026_02_MIN_CHI,202609200chi,2026,REG,2,Cole Kmet,KmetCo00,TE,CHI,MIN,51,0.69,0,0,2,0.1
2026_02_MIN_CHI,202609200chi,2026,REG,2,D'Andre Swift,SwifDA00,RB,CHI,MIN,50,0.68,0,0,0,0
2026_02_MIN_CHI,202609200chi,2026,REG,2,Kalif Raymond,RaymKa00,WR,CHI,MIN,46,0.62,0,0,6,0.29
2026_02_MIN_CHI,202609200chi,2026,REG,2,Luther Burden,BurdLu00,WR,CHI,MIN,42,0.57,0,0,0,0
2026_02_MIN_CHI,202609200chi,2026,REG,2,Kyle Monangai,MonaKy00,RB,CHI,MIN,25,0.34,0,0,0,0
2026_02_MIN_CHI,202609200chi,2026,REG,2,Sam Roush,RousSa00,TE,CHI,MIN,20,0.27,0,0,9,0.43
2026_02_MIN_CHI,202609200chi,2026,REG,2,Theo Benedet,BeneTh00,OL,CHI,MIN,19,0.26,0,0,2,0.1
2026_02_MIN_CHI,202609200chi,2026,REG,2,Tyson Bagent,BageTy00,QB,CHI,MIN,10,0.14,0,0,0,0
2026_02_MIN_CHI,202609200chi,2026,REG,2,Jahdae Walker,WalkJa03,WR,CHI,MIN,7,0.09,0,0,13,0.62
2026_02_MIN_CHI,202609200chi,2026,REG,2,Zavion Thomas,ThomZa05,WR,CHI,MIN,2,0.03,0,0,4,0.19
2026_02_MIN_CHI,202609200chi,2026,REG,2,Roschon Johnson,JohnRo07,RB,CHI,MIN,1,0.01,0,0,13,0.62
2026_02_MIN_CHI,202609200chi,2026,REG,2,Dillon Thieneman,ThieDi00,DB,CHI,MIN,0,0,52,1,5,0.24
2026_02_MIN_CHI,202609200chi,2026,REG,2,T.J. Edwards,EdwaTJ02,LB,CHI,MIN,0,0,52,1,0,0
2026_02_MIN_CHI,202609200chi,2026,REG,2,Devin Bush Jr.,BushDe01,LB,CHI,MIN,0,0,52,1,0,0
2026_02_MIN_CHI,202609200chi,2026,REG,2,Jaylon Johnson,JohnJa13,DB,CHI,MIN,0,0,52,1,0,0
2026_02_MIN_CHI,202609200chi,2026,REG,2,Tyrique Stevenson,StevTy01,DB,CHI,MIN,0,0,45,0.87,2,0.1
2026_02_MIN_CHI,202609200chi,2026,REG,2,Cameron Lewis,LewiCa00,DB,CHI,MIN,0,0,41,0.79,11,0.52
2026_02_MIN_CHI,202609200chi,2026,REG,2,Grady Jarrett,JarrGr00,DL,CHI,MIN,0,0,37,0.71,0,0
2026_02_MIN_CHI,202609200chi,2026,REG,2,Montez Sweat,SweaMo00,DL,CHI,MIN,0,0,36,0.69,0,0
2026_02_MIN_CHI,202609200chi,2026,REG,2,Malik Muhammad,MuhaMa00,DB,CHI,MIN,0,0,32,0.62,1,0.05
2026_02_MIN_CHI,202609200chi,2026,REG,2,Dayo Odeyingbo,OdeyDa00,DL,CHI,MIN,0,0,31,0.6,3,0.14
2026_02_MIN_CHI,202609200chi,2026,REG,2,Kentavius Street,StreKe00,DL,CHI,MIN,0,0,28,0.54,6,0.29
2026_02_MIN_CHI,202609200chi,2026,REG,2,James Lynch,LyncJa00,DL,CHI,MIN,0,0,28,0.54,3,0.14
2026_02_MIN_CHI,202609200chi,2026,REG,2,D'Marco Jackson,JackDM00,LB,CHI,MIN,0,0,25,0.48,10,0.48
2026_02_MIN_CHI,202609200chi,2026,REG,2,Neville Gallimore,GallNe00,DL,CHI,MIN,0,0,19,0.37,3,0.14
2026_02_MIN_CHI,202609200chi,2026,REG,2,Austin Booker,BookAu00,DL,CHI,MIN,0,0,19,0.37,0,0
2026_02_MIN_CHI,202609200chi,2026,REG,2,Xavier Woods,WoodXa00,DB,CHI,MIN,0,0,14,0.27,0,0
2026_02_MIN_CHI,202609200chi,2026,REG,2,Jordan van den Berg,vandJo00,DL,CHI,MIN,0,0,9,0.17,6,0.29
2026_02_MIN_CHI,202609200chi,2026,REG,2,Daniel Hardy,HardDa01,DL,CHI,MIN,0,0,0,0,19,0.9
2026_02_MIN_CHI,202609200chi,2026,REG,2,Elijah Hicks,HickEl00,DB,CHI,MIN,0,0,0,0,19,0.9
2026_02_MIN_CHI,202609200chi,2026,REG,2,Jack Sanborn,SanbJa00,LB,CHI,MIN,0,0,0,0,19,0.9
2026_02_MIN_CHI,202609200chi,2026,REG,2,Josh Blackwell,BlacJo00,DB,CHI,MIN,0,0,0,0,17,0.81
2026_02_MIN_CHI,202609200chi,2026,REG,2,Skyler Thomas,ThomSk01,DB,CHI,MIN,0,0,0,0,13,0.62
2026_02_MIN_CHI,202609200chi,2026,REG,2,Keyshaun Elliott,ElliKe03,LB,CHI,MIN,0,0,0,0,13,0.62
2026_02_MIN_CHI,202609200chi,2026,REG,2,Tory Taylor,TaylTo01,P,CHI,MIN,0,0,0,0,6,0.29
2026_02_MIN_CHI,202609200chi,2026,REG,2,Beau Gardner,GardBe01,LS,CHI,MIN,0,0,0,0,6,0.29
2026_02_MIN_CHI,202609200chi,2026,REG,2,Clark Phillips,PhilCl00,DB,CHI,MIN,0,0,0,0,6,0.29
2026_02_MIN_CHI,202609200chi,2026,REG,2,Cairo Santos,SantCa01,K,CHI,MIN,0,0,0,0,4,0.19
2026_02_MIN_CHI,202609200chi,2026,REG,2,Luke Newman,NewmLu00,OL,CHI,MIN,0,0,0,0,2,0.1
2026_02_MIN_CHI,202609200chi,2026,REG,2,Logan Jones,JoneLo01,OL,CHI,MIN,0,0,0,0,2,0.1
2026_02_MIN_CHI,202609200chi,2026,REG,2,Will Fries,FrieWi00,G,MIN,CHI,52,1,0,0,3,0.14
2026_02_MIN_CHI,202609200chi,2026,REG,2,Blake Brandel,BranBl00,C,MIN,CHI,52,1,0,0,3,0.14
2026_02_MIN_CHI,202609200chi,2026,REG,2,Donovan Jackson,JackDo03,G,MIN,CHI,52,1,0,0,3,0.14
2026_02_MIN_CHI,202609200chi,2026,REG,2,Carson Wentz,WentCa00,QB,MIN,CHI,52,1,0,0,0,0
2026_02_MIN_CHI,202609200chi,2026,REG,2,Brian O'Neill,ONeiBr00,T,MIN,CHI,52,1,0,0,0,0
2026_02_MIN_CHI,202609200chi,2026,REG,2,Justin Jefferson,JeffJu00,WR,MIN,CHI,52,1,0,0,0,0
2026_02_MIN_CHI,202609200chi,2026,REG,2,Christian Darrisaw,DarrCh00,T,MIN,CHI,52,1,0,0,0,0
2026_02_MIN_CHI,202609200chi,2026,REG,2,Jordan Addison,AddiJo00,WR,MIN,CHI,46,0.88,0,0,0,0
2026_02_MIN_CHI,202609200chi,2026,REG,2,Aaron Jones,JoneAa00,RB,MIN,CHI,42,0.81,0,0,0,0
2026_02_MIN_CHI,202609200chi,2026,REG,2,T.J. Hockenson,HockTJ00,TE,MIN,CHI,36,0.69,0,0,0,0
2026_02_MIN_CHI,202609200chi,2026,REG,2,Josh Oliver,OlivJo00,TE,MIN,CHI,31,0.6,0,0,5,0.24
2026_02_MIN_CHI,202609200chi,2026,REG,2,Myles Price,PricMy00,WR,MIN,CHI,26,0.5,0,0,6,0.29
2026_02_MIN_CHI,202609200chi,2026,REG,2,Max Bredeson,BredMa00,FB,MIN,CHI,17,0.33,0,0,8,0.38
2026_02_MIN_CHI,202609200chi,2026,REG,2,DeeJay Dallas,DallDe00,RB,MIN,CHI,8,0.15,0,0,15,0.71
2026_02_MIN_CHI,202609200chi,2026,REG,2,Demond Claiborne,ClaiDe00,RB,MIN,CHI,2,0.04,0,0,0,0
2026_02_MIN_CHI,202609200chi,2026,REG,2,Josh Metellus,MeteJo00,S,MIN,CHI,0,0,74,1,1,0.05
2026_02_MIN_CHI,202609200chi,2026,REG,2,Byron Murphy,MurpBy00,CB,MIN,CHI,0,0,74,1,0,0
2026_02_MIN_CHI,202609200chi,2026,REG,2,Isaiah Rodgers,RodgIs00,CB,MIN,CHI,0,0,72,0.97,2,0.1
2026_02_MIN_CHI,202609200chi,2026,REG,2,Eric Wilson,WilsEr00,LB,MIN,CHI,0,0,66,0.89,3,0.14
2026_02_MIN_CHI,202609200chi,2026,REG,2,Blake Cashman,CashBl00,LB,MIN,CHI,0,0,66,0.89,1,0.05
2026_02_MIN_CHI,202609200chi,2026,REG,2,Andrew Van Ginkel,VanGAn00,LB,MIN,CHI,0,0,64,0.86,0,0
2026_02_MIN_CHI,202609200chi,2026,REG,2,Jalen Redmond,RedmJa01,DL,MIN,CHI,0,0,62,0.84,2,0.1
2026_02_MIN_CHI,202609200chi,2026,REG,2,Levi Drake Rodriguez,RodrLe00,DL,MIN,CHI,0,0,60,0.81,3,0.14
2026_02_MIN_CHI,202609200chi,2026,REG,2,Dallas Turner,TurnDa01,LB,MIN,CHI,0,0,59,0.8,0,0
2026_02_MIN_CHI,202609200chi,2026,REG,2,Theo Jackson,JackTh00,S,MIN,CHI,0,0,50,0.68,2,0.1
2026_02_MIN_CHI,202609200chi,2026,REG,2,Caleb Banks,BankCa01,DL,MIN,CHI,0,0,36,0.49,3,0.14
2026_02_MIN_CHI,202609200chi,2026,REG,2,Harrison Smith,SmitHa00,S,MIN,CHI,0,0,29,0.39,0,0
2026_02_MIN_CHI,202609200chi,2026,REG,2,James Pierre,PierJa01,CB,MIN,CHI,0,0,26,0.35,4,0.19
2026_02_MIN_CHI,202609200chi,2026,REG,2,Domonique Orange,OranDo00,DL,MIN,CHI,0,0,24,0.32,3,0.14
2026_02_MIN_CHI,202609200chi,2026,REG,2,Kyle Van Noy,VanNKy00,LB,MIN,CHI,0,0,18,0.24,0,0
2026_02_MIN_CHI,202609200chi,2026,REG,2,Ivan Pace,PaceIv00,LB,MIN,CHI,0,0,14,0.19,18,0.86
2026_02_MIN_CHI,202609200chi,2026,REG,2,Tyrion Ingram-Dawkins,IngrTy00,DL,MIN,CHI,0,0,12,0.16,3,0.14
2026_02_MIN_CHI,202609200chi,2026,REG,2,Jacob Thomas,ThomJa08,S,MIN,CHI,0,0,8,0.11,14,0.67
2026_02_MIN_CHI,202609200chi,2026,REG,2,Bo Richter,RichBo01,LB,MIN,CHI,0,0,0,0,17,0.81
2026_02_MIN_CHI,202609200chi,2026,REG,2,Jake Golday,GoldJa01,LB,MIN,CHI,0,0,0,0,15,0.71
2026_02_MIN_CHI,202609200chi,2026,REG,2,Chaz Chambliss,ChamCh01,LB,MIN,CHI,0,0,0,0,15,0.71
2026_02_MIN_CHI,202609200chi,2026,REG,2,Tai Felton,FeltTa00,WR,MIN,CHI,0,0,0,0,14,0.67
2026_02_MIN_CHI,202609200chi,2026,REG,2,Jay Ward,WardJa00,S,MIN,CHI,0,0,0,0,12,0.57
2026_02_MIN_CHI,202609200chi,2026,REG,2,Gavin Bartholomew,BartGa00,TE,MIN,CHI,0,0,0,0,10,0.48
2026_02_MIN_CHI,202609200chi,2026,REG,2,Brett Thorson,ThorBr01,P,MIN,CHI,0,0,0,0,9,0.43
2026_02_MIN_CHI,202609200chi,2026,REG,2,Charles Demmings,DemmCh00,CB,MIN,CHI,0,0,0,0,9,0.43
2026_02_MIN_CHI,202609200chi,2026,REG,2,Andrew DePaola,DePaAn00,LS,MIN,CHI,0,0,0,0,9,0.43
2026_02_MIN_CHI,202609200chi,2026,REG,2,Will Reichard,ReicWi00,K,MIN,CHI,0,0,0,0,7,0.33
2026_02_MIN_CHI,202609200chi,2026,REG,2,Ryan Van Demark,VanDRy00,T,MIN,CHI,0,0,0,0,3,0.14
2026_02_MIN_CHI,202609200chi,2026,REG,2,Joe Huber,HubeJo00,G,MIN,CHI,0,0,0,0,3,0.14
2026_02_MIN_CHI,202609200chi,2026,REG,2,Dillon Bell,BellDi02,WR,MIN,CHI,0,0,0,0,3,0.14
2026_02_MIN_CHI,202609200chi,2026,REG,2,Trevor Keegan,KeegTr00,G,MIN,CHI,0,0,0,0,3,0.14
2026_02_NO_BAL,202609200rav,2026,REG,2,Roger Rosengarten,RoseRo01,T,BAL,NO,58,1,0,0,4,0.17
2026_02_NO_BAL,202609200rav,2026,REG,2,John Simpson,SimpJo00,G,BAL,NO,58,1,0,0,4,0.17
2026_02_NO_BAL,202609200rav,2026,REG,2,Olaivavega Ioane,IoanOl00,G,BAL,NO,58,1,0,0,4,0.17
2026_02_NO_BAL,202609200rav,2026,REG,2,Jovaughn Gwyn,GwynJo00,OL,BAL,NO,58,1,0,0,0,0
2026_02_NO_BAL,202609200rav,2026,REG,2,Lamar Jackson,JackLa00,QB,BAL,NO,58,1,0,0,0,0
2026_02_NO_BAL,202609200rav,2026,REG,2,Rashod Bateman,BateRa00,WR,BAL,NO,54,0.93,0,0,0,0
2026_02_NO_BAL,202609200rav,2026,REG,2,Ronnie Stanley,StanRo00,T,BAL,NO,46,0.79,0,0,0,0
2026_02_NO_BAL,202609200rav,2026,REG,2,Mark Andrews,AndrMa00,TE,BAL,NO,41,0.71,0,0,0,0
2026_02_NO_BAL,202609200rav,2026,REG,2,Chris Moore,MoorCh00,WR,BAL,NO,32,0.55,0,0,8,0.35
2026_02_NO_BAL,202609200rav,2026,REG,2,Durham Smythe,SmytDu00,TE,BAL,NO,32,0.55,0,0,7,0.3
2026_02_NO_BAL,202609200rav,2026,REG,2,LaJohntay Wester,WestLa01,WR,BAL,NO,31,0.53,0,0,8,0.35
2026_02_NO_BAL,202609200rav,2026,REG,2,Derrick Henry,HenrDe00,RB,BAL,NO,31,0.53,0,0,0,0
2026_02_NO_BAL,202609200rav,2026,REG,2,Justice Hill,HillJu00,RB,BAL,NO,27,0.47,0,0,0,0
2026_02_NO_BAL,202609200rav,2026,REG,2,Matthew Hibner,HibnMa00,TE,BAL,NO,19,0.33,0,0,7,0.3
2026_02_NO_BAL,202609200rav,2026,REG,2,Devontez Walker,WalkDe01,WR,BAL,NO,17,0.29,0,0,8,0.35
2026_02_NO_BAL,202609200rav,2026,REG,2,Carson Vinson,VinsCa00,T,BAL,NO,13,0.22,0,0,4,0.17
2026_02_NO_BAL,202609200rav,2026,REG,2,Josh Cuevas,CuevJo00,TE,BAL,NO,5,0.09,0,0,1,0.04
2026_02_NO_BAL,202609200rav,2026,REG,2,Malaki Starks,StarMa00,S,BAL,NO,0,0,68,1,12,0.52
2026_02_NO_BAL,202609200rav,2026,REG,2,Roquan Smith,SmitRo07,LB,BAL,NO,0,0,68,1,0,0
2026_02_NO_BAL,202609200rav,2026,REG,2,Nate Wiggins,WiggNa00,CB,BAL,NO,0,0,67,0.99,0,0
2026_02_NO_BAL,202609200rav,2026,REG,2,Marlon Humphrey,HumpMa00,CB,BAL,NO,0,0,67,0.99,0,0
2026_02_NO_BAL,202609200rav,2026,REG,2,Kyle Hamilton,HamiKy00,S,BAL,NO,0,0,67,0.99,0,0
2026_02_NO_BAL,202609200rav,2026,REG,2,Jaylinn Hawkins,HawkJa00,S,BAL,NO,0,0,64,0.94,3,0.13
2026_02_NO_BAL,202609200rav,2026,REG,2,Tavius Robinson,RobiTa00,LB,BAL,NO,0,0,53,0.78,14,0.61
2026_02_NO_BAL,202609200rav,2026,REG,2,Trenton Simpson,SimpTr00,LB,BAL,NO,0,0,42,0.62,7,0.3
2026_02_NO_BAL,202609200rav,2026,REG,2,Calais Campbell,CampCa99,DL,BAL,NO,0,0,40,0.59,8,0.35
2026_02_NO_BAL,202609200rav,2026,REG,2,Travis Jones,JoneTr00,DL,BAL,NO,0,0,38,0.56,8,0.35
2026_02_NO_BAL,202609200rav,2026,REG,2,Trey Hendrickson,HendTr00,LB,BAL,NO,0,0,36,0.53,0,0
2026_02_NO_BAL,202609200rav,2026,REG,2,Mike Green,GreeMi02,LB,BAL,NO,0,0,32,0.47,0,0
2026_02_NO_BAL,202609200rav,2026,REG,2,Broderick Washington Jr.,WashBr01,DL,BAL,NO,0,0,27,0.4,6,0.26
2026_02_NO_BAL,202609200rav,2026,REG,2,Chandler Rivers,RiveCh00,CB,BAL,NO,0,0,24,0.35,11,0.48
2026_02_NO_BAL,202609200rav,2026,REG,2,Zion Young,YounZi00,LB,BAL,NO,0,0,23,0.34,7,0.3
2026_02_NO_BAL,202609200rav,2026,REG,2,John Jenkins,JenkJo00,NT,BAL,NO,0,0,21,0.31,0,0
2026_02_NO_BAL,202609200rav,2026,REG,2,Aeneas Peebles,PeebAe00,DL,BAL,NO,0,0,8,0.12,0,0
2026_02_NO_BAL,202609200rav,2026,REG,2,Keondre Jackson,JackKe03,S,BAL,NO,0,0,1,0.01,18,0.78
2026_02_NO_BAL,202609200rav,2026,REG,2,Keyon Martin,MartKe03,CB,BAL,NO,0,0,1,0.01,14,0.61
2026_02_NO_BAL,202609200rav,2026,REG,2,Chidobe Awuzie,AwuzCh00,CB,BAL,NO,0,0,1,0.01,0,0
2026_02_NO_BAL,202609200rav,2026,REG,2,Jay Higgins,HiggJa01,LB,BAL,NO,0,0,0,0,19,0.83
2026_02_NO_BAL,202609200rav,2026,REG,2,Ethan Burke,BurkEt00,LB,BAL,NO,0,0,0,0,16,0.7
2026_02_NO_BAL,202609200rav,2026,REG,2,Carl Jones,JoneCa05,LB,BAL,NO,0,0,0,0,14,0.61
2026_02_NO_BAL,202609200rav,2026,REG,2,Rasheen Ali,AlixRa00,RB,BAL,NO,0,0,0,0,14,0.61
2026_02_NO_BAL,202609200rav,2026,REG,2,Tyler Loop,LoopTy00,K,BAL,NO,0,0,0,0,8,0.35
2026_02_NO_BAL,202609200rav,2026,REG,2,Nick Moore,MoorNi00,LS,BAL,NO,0,0,0,0,7,0.3
2026_02_NO_BAL,202609200rav,2026,REG,2,Ryan Eckley,EcklRy00,P,BAL,NO,0,0,0,0,7,0.3
2026_02_NO_BAL,202609200rav,2026,REG,2,Emery Jones,JoneEm02,G,BAL,NO,0,0,0,0,4,0.17
2026_02_NO_BAL,202609200rav,2026,REG,2,Cesar Ruiz,RuizCe00,C,NO,BAL,68,1,0,0,4,0.17
2026_02_NO_BAL,202609200rav,2026,REG,2,Taliese Fuaga,FuagTa00,T,NO,BAL,68,1,0,0,4,0.17
2026_02_NO_BAL,202609200rav,2026,REG,2,David Edwards,EdwaDa01,G,NO,BAL,68,1,0,0,4,0.17
2026_02_NO_BAL,202609200rav,2026,REG,2,Erik McCoy,McCoEr01,C,NO,BAL,68,1,0,0,1,0.04
2026_02_NO_BAL,202609200rav,2026,REG,2,Tyler Shough,ShouTy00,QB,NO,BAL,68,1,0,0,0,0
2026_02_NO_BAL,202609200rav,2026,REG,2,Devaughn Vele,VeleDe00,WR,NO,BAL,65,0.96,0,0,0,0
2026_02_NO_BAL,202609200rav,2026,REG,2,Chris Olave,OlavCh00,WR,NO,BAL,57,0.84,0,0,0,0
2026_02_NO_BAL,202609200rav,2026,REG,2,Bryce Lance,LancBr00,WR,NO,BAL,54,0.79,0,0,0,0
2026_02_NO_BAL,202609200rav,2026,REG,2,Kelvin Banks,BankKe01,T,NO,BAL,40,0.59,0,0,3,0.13
2026_02_NO_BAL,202609200rav,2026,REG,2,Travis Etienne,EtieTr00,RB,NO,BAL,37,0.54,0,0,0,0
2026_02_NO_BAL,202609200rav,2026,REG,2,Juwan Johnson,JohnJu02,TE,NO,BAL,36,0.53,0,0,4,0.17
2026_02_NO_BAL,202609200rav,2026,REG,2,Noah Fant,FantNo00,TE,NO,BAL,30,0.44,0,0,0,0
2026_02_NO_BAL,202609200rav,2026,REG,2,Asim Richards,RichAs00,OL,NO,BAL,28,0.41,0,0,4,0.17
2026_02_NO_BAL,202609200rav,2026,REG,2,CJ Donaldson,DonaCJ00,RB,NO,BAL,20,0.29,0,0,14,0.61
2026_02_NO_BAL,202609200rav,2026,REG,2,Alvin Kamara,KamaAl00,RB,NO,BAL,20,0.29,0,0,0,0
2026_02_NO_BAL,202609200rav,2026,REG,2,Oscar Delp,DelpOs01,TE,NO,BAL,9,0.13,0,0,6,0.26
2026_02_NO_BAL,202609200rav,2026,REG,2,Treyton Welch,WelcTr00,TE,NO,BAL,5,0.07,0,0,7,0.3
2026_02_NO_BAL,202609200rav,2026,REG,2,Kevin Austin,AustKe00,WR,NO,BAL,5,0.07,0,0,4,0.17
2026_02_NO_BAL,202609200rav,2026,REG,2,Barion Brown,BrowBa02,WR,NO,BAL,2,0.03,0,0,7,0.3
2026_02_NO_BAL,202609200rav,2026,REG,2,Julian Blackmon,BlacJu01,S,NO,BAL,0,0,58,1,9,0.39
2026_02_NO_BAL,202609200rav,2026,REG,2,Justin Reid,ReidJu00,S,NO,BAL,0,0,58,1,4,0.17
2026_02_NO_BAL,202609200rav,2026,REG,2,Kaden Elliss,ElliKa00,LB,NO,BAL,0,0,58,1,1,0.04
2026_02_NO_BAL,202609200rav,2026,REG,2,Kool-Aid McKinstry,McKiKo00,CB,NO,BAL,0,0,58,1,0,0
2026_02_NO_BAL,202609200rav,2026,REG,2,Pete Werner,WernPe00,LB,NO,BAL,0,0,54,0.93,4,0.17
2026_02_NO_BAL,202609200rav,2026,REG,2,Quincy Riley,RileQu00,CB,NO,BAL,0,0,52,0.9,2,0.09
2026_02_NO_BAL,202609200rav,2026,REG,2,Carl Granderson,GranCa01,DE,NO,BAL,0,0,39,0.67,5,0.22
2026_02_NO_BAL,202609200rav,2026,REG,2,Nathan Shepherd,ShepNa00,DL,NO,BAL,0,0,39,0.67,4,0.17
2026_02_NO_BAL,202609200rav,2026,REG,2,Chase Young,YounCh04,DE,NO,BAL,0,0,39,0.67,0,0
2026_02_NO_BAL,202609200rav,2026,REG,2,Jonas Sanker,SankJo00,S,NO,BAL,0,0,34,0.59,7,0.3
2026_02_NO_BAL,202609200rav,2026,REG,2,Vernon Broughton,BrouVe00,DL,NO,BAL,0,0,33,0.57,3,0.13
2026_02_NO_BAL,202609200rav,2026,REG,2,Cameron Jordan,JordCa00,DE,NO,BAL,0,0,29,0.5,0,0
2026_02_NO_BAL,202609200rav,2026,REG,2,Davon Godchaux,GodcDa00,DL,NO,BAL,0,0,23,0.4,0,0
2026_02_NO_BAL,202609200rav,2026,REG,2,Khristian Boyd,BoydKh00,DL,NO,BAL,0,0,20,0.34,0,0
2026_02_NO_BAL,202609200rav,2026,REG,2,Anfernee Jennings,JennAn00,DE,NO,BAL,0,0,17,0.29,15,0.65
2026_02_NO_BAL,202609200rav,2026,REG,2,Colby Wooden,WoodCo01,DL,NO,BAL,0,0,16,0.28,4,0.17
2026_02_NO_BAL,202609200rav,2026,REG,2,Martin Emerson,EmerMa00,CB,NO,BAL,0,0,6,0.1,1,0.04
2026_02_NO_BAL,202609200rav,2026,REG,2,Chris Rumph,RumpCh00,LB,NO,BAL,0,0,3,0.05,19,0.83
2026_02_NO_BAL,202609200rav,2026,REG,2,Danny Stutsman,StutDa00,LB,NO,BAL,0,0,2,0.03,19,0.83
2026_02_NO_BAL,202609200rav,2026,REG,2,Jayden Price,PricJa01,CB,NO,BAL,0,0,0,0,19,0.83
2026_02_NO_BAL,202609200rav,2026,REG,2,Jordan Howden,HowdJo00,DB,NO,BAL,0,0,0,0,18,0.78
2026_02_NO_BAL,202609200rav,2026,REG,2,Michael Reid,ReidMi01,S,NO,BAL,0,0,0,0,15,0.65
2026_02_NO_BAL,202609200rav,2026,REG,2,Tyree Wilson,WilsTy01,DE,NO,BAL,0,0,0,0,10,0.43
2026_02_NO_BAL,202609200rav,2026,REG,2,Daniel Carlson,CarlDa00,K,NO,BAL,0,0,0,0,9,0.39
2026_02_NO_BAL,202609200rav,2026,REG,2,Scott Daly,DalySc01,LS,NO,BAL,0,0,0,0,7,0.3
2026_02_NO_BAL,202609200rav,2026,REG,2,Ryan Wright,WrigRy00,P,NO,BAL,0,0,0,0,7,0.3
2026_02_NO_BAL,202609200rav,2026,REG,2,William Sherman,SherWi01,G,NO,BAL,0,0,0,0,4,0.17
2026_02_NO_BAL,202609200rav,2026,REG,2,Jeremiah Wright,WrigJe00,G,NO,BAL,0,0,0,0,4,0.17
2026_02_NYG_LA,202609210ram,2026,REG,2,Alaric Jackson,JackAl01,OL,LA,NYG,62,1,0,0,5,0.21
2026_02_NYG_LA,202609210ram,2026,REG,2,Warren McClendon,McClWa00,OL,LA,NYG,62,1,0,0,5,0.21
2026_02_NYG_LA,202609210ram,2026,REG,2,Steve Avila,AvilSt00,OL,LA,NYG,62,1,0,0,5,0.21
2026_02_NYG_LA,202609210ram,2026,REG,2,Coleman Shelton,ShelCo00,OL,LA,NYG,62,1,0,0,5,0.21
2026_02_NYG_LA,202609210ram,2026,REG,2,Kevin Dotson,DotsKe00,OL,LA,NYG,62,1,0,0,5,0.21
2026_02_NYG_LA,202609210ram,2026,REG,2,Matthew Stafford,StafMa00,QB,LA,NYG,62,1,0,0,0,0
2026_02_NYG_LA,202609210ram,2026,REG,2,Colby Parkinson,ParkCo02,TE,LA,NYG,44,0.71,0,0,0,0
2026_02_NYG_LA,202609210ram,2026,REG,2,Konata Mumpfield,MumpKo00,WR,LA,NYG,43,0.69,0,0,4,0.17
2026_02_NYG_LA,202609210ram,2026,REG,2,Davante Adams,AdamDa01,WR,LA,NYG,40,0.65,0,0,0,0
2026_02_NYG_LA,202609210ram,2026,REG,2,Terrance Ferguson,FergTe00,TE,LA,NYG,36,0.58,0,0,3,0.12
2026_02_NYG_LA,202609210ram,2026,REG,2,Kyren Williams,WillKy02,RB,LA,NYG,34,0.55,0,0,3,0.12
2026_02_NYG_LA,202609210ram,2026,REG,2,Davis Allen,AlleDa02,TE,LA,NYG,32,0.52,0,0,11,0.46
2026_02_NYG_LA,202609210ram,2026,REG,2,Blake Corum,CoruBl00,RB,LA,NYG,28,0.45,0,0,3,0.12
2026_02_NYG_LA,202609210ram,2026,REG,2,Xavier Smith,SmitXa00,WR,LA,NYG,26,0.42,0,0,11,0.46
2026_02_NYG_LA,202609210ram,2026,REG,2,Tyler Higbee,HigbTy00,TE,LA,NYG,16,0.26,0,0,11,0.46
2026_02_NYG_LA,202609210ram,2026,REG,2,Tutu Atwell,AtweTu00,WR,LA,NYG,11,0.18,0,0,0,0
2026_02_NYG_LA,202609210ram,2026,REG,2,Quentin Lake,LakeQu00,S,LA,NYG,0,0,58,1,9,0.38
2026_02_NYG_LA,202609210ram,2026,REG,2,Trent McDuffie,McDuTr00,CB,LA,NYG,0,0,58,1,2,0.08
2026_02_NYG_LA,202609210ram,2026,REG,2,Kamren Curl,CurlKa00,S,LA,NYG,0,0,58,1,1,0.04
2026_02_NYG_LA,202609210ram,2026,REG,2,Jaylen Watson,WatsJa02,CB,LA,NYG,0,0,55,0.95,1,0.04
2026_02_NYG_LA,202609210ram,2026,REG,2,Nathan Landman,LandNa01,LB,LA,NYG,0,0,49,0.84,2,0.08
2026_02_NYG_LA,202609210ram,2026,REG,2,Josaiah Stewart,StewJo03,LB,LA,NYG,0,0,46,0.79,1,0.04
2026_02_NYG_LA,202609210ram,2026,REG,2,Byron Young,YounBy01,LB,LA,NYG,0,0,41,0.71,1,0.04
2026_02_NYG_LA,202609210ram,2026,REG,2,Josh Wallace,WallJo00,CB,LA,NYG,0,0,36,0.62,15,0.62
2026_02_NYG_LA,202609210ram,2026,REG,2,Kobie Turner,TurnKo00,DE,LA,NYG,0,0,34,0.59,2,0.08
2026_02_NYG_LA,202609210ram,2026,REG,2,Aaron Donald,DonaAa00,DE,LA,NYG,0,0,33,0.57,1,0.04
2026_02_NYG_LA,202609210ram,2026,REG,2,Jaylen McCollough,McCoJa02,S,LA,NYG,0,0,30,0.52,12,0.5
2026_02_NYG_LA,202609210ram,2026,REG,2,Braden Fiske,FiskBr00,DE,LA,NYG,0,0,30,0.52,6,0.25
2026_02_NYG_LA,202609210ram,2026,REG,2,Omar Speights,SpeiOm00,LB,LA,NYG,0,0,25,0.43,9,0.38
2026_02_NYG_LA,202609210ram,2026,REG,2,Tyler Davis,DaviTy05,DE,LA,NYG,0,0,23,0.4,4,0.17
2026_02_NYG_LA,202609210ram,2026,REG,2,Wesley Bailey,BailWe00,LB,LA,NYG,0,0,19,0.33,9,0.38
2026_02_NYG_LA,202609210ram,2026,REG,2,Poona Ford,FordPo00,NT,LA,NYG,0,0,18,0.31,3,0.12
2026_02_NYG_LA,202609210ram,2026,REG,2,Desjuan Johnson,JohnDe08,LB,LA,NYG,0,0,10,0.17,7,0.29
2026_02_NYG_LA,202609210ram,2026,REG,2,Ty Hamilton,HamiTy00,NT,LA,NYG,0,0,8,0.14,0,0
2026_02_NYG_LA,202609210ram,2026,REG,2,Emmanuel Forbes,ForbEm00,CB,LA,NYG,0,0,7,0.12,9,0.38
2026_02_NYG_LA,202609210ram,2026,REG,2,Shaun Dolac,DolaSh00,LB,LA,NYG,0,0,0,0,18,0.75
2026_02_NYG_LA,202609210ram,2026,REG,2,Grant Stuard,StuaGr00,LB,LA,NYG,0,0,0,0,17,0.71
2026_02_NYG_LA,202609210ram,2026,REG,2,Tanner Ingle,InglTa00,S,LA,NYG,0,0,0,0,15,0.62
2026_02_NYG_LA,202609210ram,2026,REG,2,Elias Neal,NealEl00,LB,LA,NYG,0,0,0,0,12,0.5
2026_02_NYG_LA,202609210ram,2026,REG,2,Harrison Mevis,MeviHa00,K,LA,NYG,0,0,0,0,10,0.42
2026_02_NYG_LA,202609210ram,2026,REG,2,Ethan Evans,EvanEt00,P,LA,NYG,0,0,0,0,8,0.33
2026_02_NYG_LA,202609210ram,2026,REG,2,Joe Cardona,CardJo00,LS,LA,NYG,0,0,0,0,8,0.33
2026_02_NYG_LA,202609210ram,2026,REG,2,David Quessenberry,QuesDa00,OL,LA,NYG,0,0,0,0,5,0.21
2026_02_NYG_LA,202609210ram,2026,REG,2,Ronnie Rivers,RiveRo01,RB,LA,NYG,0,0,0,0,2,0.08
2026_02_NYG_LA,202609210ram,2026,REG,2,Max Klare,KlarMa00,TE,LA,NYG,0,0,0,0,2,0.08
2026_02_NYG_LA,202609210ram,2026,REG,2,Jon Runyan Jr.,RunyJo00,G,NYG,LA,58,1,0,0,2,0.08
2026_02_NYG_LA,202609210ram,2026,REG,2,Jermaine Eluemunor,ElueJe00,OL,NYG,LA,58,1,0,0,2,0.08
2026_02_NYG_LA,202609210ram,2026,REG,2,Francis Mauigoa,MauiFr01,OL,NYG,LA,58,1,0,0,2,0.08
2026_02_NYG_LA,202609210ram,2026,REG,2,John Michael Schmitz,MichJo00,C,NYG,LA,58,1,0,0,0,0
2026_02_NYG_LA,202609210ram,2026,REG,2,Andrew Thomas,ThomAn02,T,NYG,LA,58,1,0,0,0,0
2026_02_NYG_LA,202609210ram,2026,REG,2,Jameis Winston,WinsJa00,QB,NYG,LA,51,0.88,0,0,0,0
2026_02_NYG_LA,202609210ram,2026,REG,2,Malachi Fields,FielMa00,WR,NYG,LA,47,0.81,0,0,7,0.29
2026_02_NYG_LA,202609210ram,2026,REG,2,Malik Nabers,NabeMa00,WR,NYG,LA,43,0.74,0,0,0,0
2026_02_NYG_LA,202609210ram,2026,REG,2,Darnell Mooney,MoonDa00,WR,NYG,LA,42,0.72,0,0,0,0
2026_02_NYG_LA,202609210ram,2026,REG,2,Isaiah Likely,LikeIs00,TE,NYG,LA,40,0.69,0,0,0,0
2026_02_NYG_LA,202609210ram,2026,REG,2,Cam Skattebo,SkatCa00,RB,NYG,LA,34,0.59,0,0,0,0
2026_02_NYG_LA,202609210ram,2026,REG,2,Chris Manhertz,ManhCh00,TE,NYG,LA,18,0.31,0,0,7,0.29
2026_02_NYG_LA,202609210ram,2026,REG,2,Patrick Ricard,RicaPa00,FB,NYG,LA,18,0.31,0,0,5,0.21
2026_02_NYG_LA,202609210ram,2026,REG,2,Theo Johnson,JohnTh00,TE,NYG,LA,16,0.28,0,0,12,0.5
2026_02_NYG_LA,202609210ram,2026,REG,2,Devin Singletary,SingDe00,RB,NYG,LA,15,0.26,0,0,0,0
2026_02_NYG_LA,202609210ram,2026,REG,2,Najee Harris,HarrNa00,RB,NYG,LA,8,0.14,0,0,0,0
2026_02_NYG_LA,202609210ram,2026,REG,2,Jaxson Dart,DartJa00,QB,NYG,LA,7,0.12,0,0,0,0
2026_02_NYG_LA,202609210ram,2026,REG,2,Braxton Berrios,BerrBr00,WR,NYG,LA,5,0.09,0,0,8,0.33
2026_02_NYG_LA,202609210ram,2026,REG,2,Odell Beckham Jr.,BeckOd00,WR,NYG,LA,3,0.05,0,0,0,0
2026_02_NYG_LA,202609210ram,2026,REG,2,Tyrone Tracy Jr.,TracTy00,RB,NYG,LA,1,0.02,0,0,16,0.67
2026_02_NYG_LA,202609210ram,2026,REG,2,Tyler Nubin,NubiTy00,S,NYG,LA,0,0,62,1,11,0.46
2026_02_NYG_LA,202609210ram,2026,REG,2,Jevon Holland,HollJe02,S,NYG,LA,0,0,62,1,3,0.12
2026_02_NYG_LA,202609210ram,2026,REG,2,Colton Hood,HoodCo00,CB,NYG,LA,0,0,62,1,0,0
2026_02_NYG_LA,202609210ram,2026,REG,2,Tremaine Edmunds,EdmuTr01,LB,NYG,LA,0,0,62,1,0,0
2026_02_NYG_LA,202609210ram,2026,REG,2,Greg Newsome II,NewsGr00,CB,NYG,LA,0,0,60,0.97,5,0.21
2026_02_NYG_LA,202609210ram,2026,REG,2,Arvell Reese,ReesAr00,LB,NYG,LA,0,0,59,0.95,6,0.25
2026_02_NYG_LA,202609210ram,2026,REG,2,Abdul Carter,CartAb00,LB,NYG,LA,0,0,55,0.89,0,0
2026_02_NYG_LA,202609210ram,2026,REG,2,Brian Burns,BurnBr00,LB,NYG,LA,0,0,42,0.68,5,0.21
2026_02_NYG_LA,202609210ram,2026,REG,2,Chauncey Golston,GolsCh00,DL,NYG,LA,0,0,39,0.63,10,0.42
2026_02_NYG_LA,202609210ram,2026,REG,2,D.J. Reader,ReadD.00,DL,NYG,LA,0,0,33,0.53,1,0.04
2026_02_NYG_LA,202609210ram,2026,REG,2,Kayvon Thibodeaux,ThibKa00,LB,NYG,LA,0,0,32,0.52,5,0.21
2026_02_NYG_LA,202609210ram,2026,REG,2,Andru Phillips,PhilAn02,CB,NYG,LA,0,0,30,0.48,1,0.04
2026_02_NYG_LA,202609210ram,2026,REG,2,Shelby Harris,HarrSh00,DL,NYG,LA,0,0,29,0.47,6,0.25
2026_02_NYG_LA,202609210ram,2026,REG,2,Josh Tupou,TupoJo00,DL,NYG,LA,0,0,26,0.42,0,0
2026_02_NYG_LA,202609210ram,2026,REG,2,CJ Okoye,OkoyCJ00,DL,NYG,LA,0,0,23,0.37,6,0.25
2026_02_NYG_LA,202609210ram,2026,REG,2,Zaire Barnes,BarnZa00,LB,NYG,LA,0,0,3,0.05,17,0.71
2026_02_NYG_LA,202609210ram,2026,REG,2,Nic Jones,JoneNi00,CB,NYG,LA,0,0,2,0.03,22,0.92
2026_02_NYG_LA,202609210ram,2026,REG,2,Ar'Darius Washington,WashAr00,S,NYG,LA,0,0,1,0.02,6,0.25
2026_02_NYG_LA,202609210ram,2026,REG,2,Malik Harrison,HarrMa06,LB,NYG,LA,0,0,0,0,22,0.92
2026_02_NYG_LA,202609210ram,2026,REG,2,Elijah Campbell,CampEl00,DB,NYG,LA,0,0,0,0,22,0.92
2026_02_NYG_LA,202609210ram,2026,REG,2,Jack Kelly,KellJa00,LB,NYG,LA,0,0,0,0,21,0.88
2026_02_NYG_LA,202609210ram,2026,REG,2,Ben Mann,MannBe00,LS,NYG,LA,0,0,0,0,8,0.33
2026_02_NYG_LA,202609210ram,2026,REG,2,Jordan Stout,StouJo00,P,NYG,LA,0,0,0,0,8,0.33
2026_02_NYG_LA,202609210ram,2026,REG,2,Nikko Reed,ReedNi00,CB,NYG,LA,0,0,0,0,6,0.25
2026_02_NYG_LA,202609210ram,2026,REG,2,Dominic Zvada,ZvadDo00,K,NYG,LA,0,0,0,0,5,0.21
2026_02_NYG_LA,202609210ram,2026,REG,2,Aaron Stinnie,StinAa00,OL,NYG,LA,0,0,0,0,2,0.08
2026_02_NYG_LA,202609210ram,2026,REG,2,Marcus Mbow,MbowMa00,OL,NYG,LA,0,0,0,0,2,0.08
2026_02_NYG_LA,202609210ram,2026,REG,2,Bryan Hudson,HudsBr00,C,NYG,LA,0,0,0,0,2,0.08
2026_02_PHI_TEN,202609200oti,2026,REG,2,Peter Skoronski,SkorPe00,G,TEN,PHI,53,1,0,0,4,0.17
2026_02_PHI_TEN,202609200oti,2026,REG,2,Dan Moore,MoorDa05,T,TEN,PHI,53,1,0,0,4,0.17
2026_02_PHI_TEN,202609200oti,2026,REG,2,JC Latham,LathJC00,T,TEN,PHI,53,1,0,0,4,0.17
2026_02_PHI_TEN,202609200oti,2026,REG,2,Cam Ward,WardCa00,QB,TEN,PHI,53,1,0,0,0,0
2026_02_PHI_TEN,202609200oti,2026,REG,2,Austin Schlottmann,SchlAu00,C,TEN,PHI,53,1,0,0,0,0
2026_02_PHI_TEN,202609200oti,2026,REG,2,Fernando Carmona,CarmFe00,G,TEN,PHI,53,1,0,0,0,0
2026_02_PHI_TEN,202609200oti,2026,REG,2,Gunnar Helm,HelmGu00,TE,TEN,PHI,46,0.87,0,0,6,0.26
2026_02_PHI_TEN,202609200oti,2026,REG,2,Carnell Tate,TateCa00,WR,TEN,PHI,40,0.75,0,0,0,0
2026_02_PHI_TEN,202609200oti,2026,REG,2,Calvin Ridley,RidlCa00,WR,TEN,PHI,33,0.62,0,0,0,0
2026_02_PHI_TEN,202609200oti,2026,REG,2,Tony Pollard,PollTo00,RB,TEN,PHI,29,0.55,0,0,0,0
2026_02_PHI_TEN,202609200oti,2026,REG,2,Elic Ayomanor,AyomEl00,WR,TEN,PHI,28,0.53,0,0,4,0.17
2026_02_PHI_TEN,202609200oti,2026,REG,2,Wan'Dale Robinson,RobiWa01,WR,TEN,PHI,28,0.53,0,0,0,0
2026_02_PHI_TEN,202609200oti,2026,REG,2,Daniel Bellinger,BellDa00,TE,TEN,PHI,24,0.45,0,0,4,0.17
2026_02_PHI_TEN,202609200oti,2026,REG,2,Tyjae Spears,SpeaTy00,RB,TEN,PHI,19,0.36,0,0,0,0
2026_02_PHI_TEN,202609200oti,2026,REG,2,David Martin-Robinson,MartDa01,TE,TEN,PHI,7,0.13,0,0,19,0.83
2026_02_PHI_TEN,202609200oti,2026,REG,2,Nicholas Singleton,SingNi01,RB,TEN,PHI,6,0.11,0,0,6,0.26
2026_02_PHI_TEN,202609200oti,2026,REG,2,James Hudson,HudsJa00,T,TEN,PHI,3,0.06,0,0,4,0.17
2026_02_PHI_TEN,202609200oti,2026,REG,2,Chimere Dike,DikeCh00,WR,TEN,PHI,2,0.04,0,0,7,0.3
2026_02_PHI_TEN,202609200oti,2026,REG,2,Kevin Winston,WinsKe02,S,TEN,PHI,0,0,76,1,0,0
2026_02_PHI_TEN,202609200oti,2026,REG,2,Micah Robinson,RobiMi01,CB,TEN,PHI,0,0,76,1,0,0
2026_02_PHI_TEN,202609200oti,2026,REG,2,Amani Hooker,HookAm00,S,TEN,PHI,0,0,76,1,0,0
2026_02_PHI_TEN,202609200oti,2026,REG,2,Anthony Hill,HillAn01,LB,TEN,PHI,0,0,76,1,0,0
2026_02_PHI_TEN,202609200oti,2026,REG,2,Alontae Taylor,TaylAl01,CB,TEN,PHI,0,0,76,1,0,0
2026_02_PHI_TEN,202609200oti,2026,REG,2,Jeffery Simmons,SimmJe01,DT,TEN,PHI,0,0,66,0.87,4,0.17
2026_02_PHI_TEN,202609200oti,2026,REG,2,Cody Barton,BartCo00,LB,TEN,PHI,0,0,59,0.78,0,0
2026_02_PHI_TEN,202609200oti,2026,REG,2,Jermaine Johnson II,JohnJe07,DE,TEN,PHI,0,0,52,0.68,4,0.17
2026_02_PHI_TEN,202609200oti,2026,REG,2,Jacob Martin,MartJa02,DE,TEN,PHI,0,0,50,0.66,4,0.17
2026_02_PHI_TEN,202609200oti,2026,REG,2,Marcus Harris,HarrMa10,CB,TEN,PHI,0,0,48,0.63,5,0.22
2026_02_PHI_TEN,202609200oti,2026,REG,2,John Franklin-Myers,FranJo02,DL,TEN,PHI,0,0,33,0.43,0,0
2026_02_PHI_TEN,202609200oti,2026,REG,2,Cedric Gray,GrayCe00,LB,TEN,PHI,0,0,30,0.39,14,0.61
2026_02_PHI_TEN,202609200oti,2026,REG,2,Jordan Elliott,ElliJo02,DL,TEN,PHI,0,0,24,0.32,4,0.17
2026_02_PHI_TEN,202609200oti,2026,REG,2,Keldric Faulk,FaulKe01,DE,TEN,PHI,0,0,20,0.26,0,0
2026_02_PHI_TEN,202609200oti,2026,REG,2,Solomon Thomas,ThomSo00,DT,TEN,PHI,0,0,20,0.26,0,0
2026_02_PHI_TEN,202609200oti,2026,REG,2,Nazir Stackhouse,StacNa00,DT,TEN,PHI,0,0,17,0.22,0,0
2026_02_PHI_TEN,202609200oti,2026,REG,2,Oluwafemi Oladejo,OladOl00,DE,TEN,PHI,0,0,15,0.2,13,0.57
2026_02_PHI_TEN,202609200oti,2026,REG,2,Truman Jones,JoneTr01,DE,TEN,PHI,0,0,11,0.14,19,0.83
2026_02_PHI_TEN,202609200oti,2026,REG,2,Erick Hallett,HallEr00,S,TEN,PHI,0,0,11,0.14,16,0.7
2026_02_PHI_TEN,202609200oti,2026,REG,2,Owen Pappoe,PappOw00,LB,TEN,PHI,0,0,0,0,19,0.83
2026_02_PHI_TEN,202609200oti,2026,REG,2,Terrell Burgess,BurgTe00,S,TEN,PHI,0,0,0,0,19,0.83
2026_02_PHI_TEN,202609200oti,2026,REG,2,Jaylon Jones,JoneJa13,CB,TEN,PHI,0,0,0,0,17,0.74
2026_02_PHI_TEN,202609200oti,2026,REG,2,Julius Chestnut,ChesJu00,RB,TEN,PHI,0,0,0,0,15,0.65
2026_02_PHI_TEN,202609200oti,2026,REG,2,Joey Slye,SlyeJo00,K,TEN,PHI,0,0,0,0,8,0.35
2026_02_PHI_TEN,202609200oti,2026,REG,2,Morgan Cox,CoxxMo00,LS,TEN,PHI,0,0,0,0,8,0.35
2026_02_PHI_TEN,202609200oti,2026,REG,2,Tommy Townsend,TownTo01,P,TEN,PHI,0,0,0,0,8,0.35
2026_02_PHI_TEN,202609200oti,2026,REG,2,Tony Adams,AdamTo03,S,TEN,PHI,0,0,0,0,6,0.26
2026_02_PHI_TEN,202609200oti,2026,REG,2,Jackson Slater,SlatJa01,G,TEN,PHI,0,0,0,0,4,0.17
2026_02_PHI_TEN,202609200oti,2026,REG,2,Pat Coogan,CoogPa01,C,TEN,PHI,0,0,0,0,4,0.17
2026_02_PHI_TEN,202609200oti,2026,REG,2,Drew Kendall,KendDr00,C,PHI,TEN,76,1,0,0,4,0.17
2026_02_PHI_TEN,202609200oti,2026,REG,2,Tyler Steen,SteeTy00,G,PHI,TEN,76,1,0,0,4,0.17
2026_02_PHI_TEN,202609200oti,2026,REG,2,Jordan Mailata,MailJo00,T,PHI,TEN,76,1,0,0,4,0.17
2026_02_PHI_TEN,202609200oti,2026,REG,2,Jalen Hurts,HurtJa00,QB,PHI,TEN,76,1,0,0,0,0
2026_02_PHI_TEN,202609200oti,2026,REG,2,Lane Johnson,JohnLa01,T,PHI,TEN,76,1,0,0,0,0
2026_02_PHI_TEN,202609200oti,2026,REG,2,Cam Jurgens,JurgCa01,C,PHI,TEN,76,1,0,0,0,0
2026_02_PHI_TEN,202609200oti,2026,REG,2,DeVonta Smith,SmitDe07,WR,PHI,TEN,67,0.88,0,0,0,0
2026_02_PHI_TEN,202609200oti,2026,REG,2,Johnny Mundt,MundJo00,TE,PHI,TEN,49,0.64,0,0,6,0.26
2026_02_PHI_TEN,202609200oti,2026,REG,2,Makai Lemon,LemoMa00,WR,PHI,TEN,48,0.63,0,0,0,0
2026_02_PHI_TEN,202609200oti,2026,REG,2,Dontayvion Wicks,WickDo00,WR,PHI,TEN,47,0.62,0,0,0,0
2026_02_PHI_TEN,202609200oti,2026,REG,2,Will Shipley,ShipWi00,RB,PHI,TEN,39,0.51,0,0,8,0.35
2026_02_PHI_TEN,202609200oti,2026,REG,2,Darius Cooper,CoopDa01,WR,PHI,TEN,31,0.41,0,0,15,0.65
2026_02_PHI_TEN,202609200oti,2026,REG,2,Tank Bigsby,BigsTa00,RB,PHI,TEN,26,0.34,0,0,2,0.09
2026_02_PHI_TEN,202609200oti,2026,REG,2,E.J. Jenkins,JenkEJ00,TE,PHI,TEN,25,0.33,0,0,17,0.74
2026_02_PHI_TEN,202609200oti,2026,REG,2,Dallas Goedert,GoedDa00,TE,PHI,TEN,19,0.25,0,0,0,0
2026_02_PHI_TEN,202609200oti,2026,REG,2,Marquise Brown,BrowMa04,WR,PHI,TEN,17,0.22,0,0,0,0
2026_02_PHI_TEN,202609200oti,2026,REG,2,Saquon Barkley,BarkSa00,RB,PHI,TEN,12,0.16,0,0,0,0
2026_02_PHI_TEN,202609200oti,2026,REG,2,Zack Baun,BaunZa00,LB,PHI,TEN,0,0,53,1,0,0
2026_02_PHI_TEN,202609200oti,2026,REG,2,Quinyon Mitchell,MitcQu00,CB,PHI,TEN,0,0,53,1,0,0
2026_02_PHI_TEN,202609200oti,2026,REG,2,Cooper DeJean,DeJeCo00,DB,PHI,TEN,0,0,53,1,0,0
2026_02_PHI_TEN,202609200oti,2026,REG,2,Andrew Mukuba,MukuAn00,S,PHI,TEN,0,0,52,0.98,0,0
2026_02_PHI_TEN,202609200oti,2026,REG,2,Riq Woolen,WoolTa00,CB,PHI,TEN,0,0,51,0.96,4,0.17
2026_02_PHI_TEN,202609200oti,2026,REG,2,Jihaad Campbell,CampJi00,LB,PHI,TEN,0,0,47,0.89,2,0.09
2026_02_PHI_TEN,202609200oti,2026,REG,2,Moro Ojomo,OjomMo00,DT,PHI,TEN,0,0,43,0.81,4,0.17
2026_02_PHI_TEN,202609200oti,2026,REG,2,Jalyx Hunt,HuntJa02,LB,PHI,TEN,0,0,42,0.79,4,0.17
2026_02_PHI_TEN,202609200oti,2026,REG,2,Jalen Carter,CartJa05,DT,PHI,TEN,0,0,41,0.77,4,0.17
2026_02_PHI_TEN,202609200oti,2026,REG,2,Nolan Smith,SmitNo02,LB,PHI,TEN,0,0,41,0.77,0,0
2026_02_PHI_TEN,202609200oti,2026,REG,2,Marcus Epps,EppsMa00,S,PHI,TEN,0,0,39,0.74,5,0.22
2026_02_PHI_TEN,202609200oti,2026,REG,2,Jordan Davis,DaviJo03,DT,PHI,TEN,0,0,23,0.43,8,0.35
2026_02_PHI_TEN,202609200oti,2026,REG,2,Arnold Ebiketie,EbikAr00,LB,PHI,TEN,0,0,15,0.28,9,0.39
2026_02_PHI_TEN,202609200oti,2026,REG,2,Byron Young,YounBy00,DT,PHI,TEN,0,0,13,0.25,4,0.17
2026_02_PHI_TEN,202609200oti,2026,REG,2,A.J. Epenesa,EpenAJ00,LB,PHI,TEN,0,0,8,0.15,5,0.22
2026_02_PHI_TEN,202609200oti,2026,REG,2,Michael Carter II,CartMi02,DB,PHI,TEN,0,0,4,0.08,17,0.74
2026_02_PHI_TEN,202609200oti,2026,REG,2,Ty Robinson,RobiTy02,DT,PHI,TEN,0,0,3,0.06,17,0.74
2026_02_PHI_TEN,202609200oti,2026,REG,2,Jonathan Jones,JoneJo03,CB,PHI,TEN,0,0,2,0.04,4,0.17
2026_02_PHI_TEN,202609200oti,2026,REG,2,Jeremiah Trotter Jr.,TrotJe01,LB,PHI,TEN,0,0,0,0,19,0.83
2026_02_PHI_TEN,202609200oti,2026,REG,2,Kelee Ringo,RingKe00,CB,PHI,TEN,0,0,0,0,19,0.83
2026_02_PHI_TEN,202609200oti,2026,REG,2,Smael Mondon,MondSm01,LB,PHI,TEN,0,0,0,0,15,0.65
2026_02_PHI_TEN,202609200oti,2026,REG,2,Jake Elliott,ElliJa03,K,PHI,TEN,0,0,0,0,9,0.39
2026_02_PHI_TEN,202609200oti,2026,REG,2,Britain Covey,CoveBr00,WR,PHI,TEN,0,0,0,0,8,0.35
2026_02_PHI_TEN,202609200oti,2026,REG,2,Maximus Pulley,PullMa00,S,PHI,TEN,0,0,0,0,6,0.26
2026_02_PHI_TEN,202609200oti,2026,REG,2,Mac McWilliams,McWiMa01,CB,PHI,TEN,0,0,0,0,6,0.26
2026_02_PHI_TEN,202609200oti,2026,REG,2,Braden Mann,MannBr01,P,PHI,TEN,0,0,0,0,6,0.26
2026_02_PHI_TEN,202609200oti,2026,REG,2,Rocco Underwood,UndeRo00,LS,PHI,TEN,0,0,0,0,6,0.26
2026_02_PHI_TEN,202609200oti,2026,REG,2,Markel Bell,BellMa02,T,PHI,TEN,0,0,0,0,4,0.17
2026_02_PHI_TEN,202609200oti,2026,REG,2,Willie Lampkin,LampWi00,C,PHI,TEN,0,0,0,0,4,0.17
2026_02_PHI_TEN,202609200oti,2026,REG,2,Fred Johnson,JohnFr01,T,PHI,TEN,0,0,0,0,4,0.17
2026_02_PIT_NE,202609200nwe,2026,REG,2,Will Campbell,CampWi01,T,NE,PIT,55,1,0,0,5,0.2
2026_02_PIT_NE,202609200nwe,2026,REG,2,Alijah Vera-Tucker,VeraAl00,G,NE,PIT,55,1,0,0,5,0.2
2026_02_PIT_NE,202609200nwe,2026,REG,2,Jared Wilson,WilsJa02,OL,NE,PIT,55,1,0,0,0,0
2026_02_PIT_NE,202609200nwe,2026,REG,2,Drake Maye,MayeDr00,QB,NE,PIT,55,1,0,0,0,0
2026_02_PIT_NE,202609200nwe,2026,REG,2,Morgan Moses,MoseMo00,T,NE,PIT,51,0.93,0,0,0,0
2026_02_PIT_NE,202609200nwe,2026,REG,2,Hunter Henry,HenrHu00,TE,NE,PIT,50,0.91,0,0,0,0
2026_02_PIT_NE,202609200nwe,2026,REG,2,Greg Van Roten,VanRGr00,OL,NE,PIT,40,0.73,0,0,5,0.2
2026_02_PIT_NE,202609200nwe,2026,REG,2,Mack Hollins,HollMa00,WR,NE,PIT,39,0.71,0,0,1,0.04
2026_02_PIT_NE,202609200nwe,2026,REG,2,Romeo Doubs,DoubRo00,WR,NE,PIT,37,0.67,0,0,0,0
2026_02_PIT_NE,202609200nwe,2026,REG,2,TreVeyon Henderson,HendTr02,RB,NE,PIT,33,0.6,0,0,0,0
2026_02_PIT_NE,202609200nwe,2026,REG,2,DeMario Douglas,DougDe00,WR,NE,PIT,26,0.47,0,0,0,0
2026_02_PIT_NE,202609200nwe,2026,REG,2,Reggie Gilliam,GillRe00,FB,NE,PIT,20,0.36,0,0,14,0.56
2026_02_PIT_NE,202609200nwe,2026,REG,2,Rhamondre Stevenson,StevRh00,RB,NE,PIT,20,0.36,0,0,0,0
2026_02_PIT_NE,202609200nwe,2026,REG,2,Michael Onwenu,OnweMi00,OL,NE,PIT,15,0.27,0,0,1,0.04
2026_02_PIT_NE,202609200nwe,2026,REG,2,Cameron Latu,LatuCa01,TE,NE,PIT,14,0.25,0,0,21,0.84
2026_02_PIT_NE,202609200nwe,2026,REG,2,Kyle Williams,WillKy03,WR,NE,PIT,11,0.2,0,0,1,0.04
2026_02_PIT_NE,202609200nwe,2026,REG,2,Eli Raridon,RariEl00,TE,NE,PIT,11,0.2,0,0,0,0
2026_02_PIT_NE,202609200nwe,2026,REG,2,Efton Chism,ChisEf00,WR,NE,PIT,10,0.18,0,0,8,0.32
2026_02_PIT_NE,202609200nwe,2026,REG,2,Caleb Lomu,LomuCa00,T,NE,PIT,4,0.07,0,0,5,0.2
2026_02_PIT_NE,202609200nwe,2026,REG,2,Corey Kiner,KineCo00,RB,NE,PIT,4,0.07,0,0,0,0
2026_02_PIT_NE,202609200nwe,2026,REG,2,Robert Spillane,SpilRo00,LB,NE,PIT,0,0,70,1,2,0.08
2026_02_PIT_NE,202609200nwe,2026,REG,2,Christian Gonzalez,GonzCh00,CB,NE,PIT,0,0,70,1,0,0
2026_02_PIT_NE,202609200nwe,2026,REG,2,Christian Elliss,ElliCh00,LB,NE,PIT,0,0,70,1,0,0
2026_02_PIT_NE,202609200nwe,2026,REG,2,Kevin Byard,ByarKe01,S,NE,PIT,0,0,70,1,0,0
2026_02_PIT_NE,202609200nwe,2026,REG,2,Marcus Jones,JoneMa06,CB,NE,PIT,0,0,69,0.99,8,0.32
2026_02_PIT_NE,202609200nwe,2026,REG,2,Charles Woods,WoodCh01,CB,NE,PIT,0,0,60,0.86,11,0.44
2026_02_PIT_NE,202609200nwe,2026,REG,2,Elijah Ponder,PondEl02,LB,NE,PIT,0,0,54,0.77,9,0.36
2026_02_PIT_NE,202609200nwe,2026,REG,2,Gabe Jacas,JacaGa00,LB,NE,PIT,0,0,49,0.7,12,0.48
2026_02_PIT_NE,202609200nwe,2026,REG,2,Craig Woodson,WoodCr00,S,NE,PIT,0,0,46,0.66,5,0.2
2026_02_PIT_NE,202609200nwe,2026,REG,2,Milton Williams,WillMi08,DT,NE,PIT,0,0,44,0.63,4,0.16
2026_02_PIT_NE,202609200nwe,2026,REG,2,Christian Barmore,BarmCh00,DT,NE,PIT,0,0,36,0.51,4,0.16
2026_02_PIT_NE,202609200nwe,2026,REG,2,Cory Durden,DurdCo00,DT,NE,PIT,0,0,34,0.49,9,0.36
2026_02_PIT_NE,202609200nwe,2026,REG,2,Jaylen Reed,ReedJa04,S,NE,PIT,0,0,28,0.4,18,0.72
2026_02_PIT_NE,202609200nwe,2026,REG,2,Joshua Farmer,FarmJo00,DT,NE,PIT,0,0,24,0.34,0,0
2026_02_PIT_NE,202609200nwe,2026,REG,2,Dre'Mont Jones,JoneDr00,LB,NE,PIT,0,0,18,0.26,0,0
2026_02_PIT_NE,202609200nwe,2026,REG,2,Quintayvious Hutchins,HutcQu00,LB,NE,PIT,0,0,16,0.23,9,0.36
2026_02_PIT_NE,202609200nwe,2026,REG,2,DaQuan Jones,JoneDa04,DT,NE,PIT,0,0,10,0.14,0,0
2026_02_PIT_NE,202609200nwe,2026,REG,2,Channing Canada,CanaCh00,CB,NE,PIT,0,0,2,0.03,16,0.64
2026_02_PIT_NE,202609200nwe,2026,REG,2,Namdi Obiazor,ObiaNa00,LB,NE,PIT,0,0,0,0,20,0.8
2026_02_PIT_NE,202609200nwe,2026,REG,2,Darius Muasau,MuasDa00,LB,NE,PIT,0,0,0,0,16,0.64
2026_02_PIT_NE,202609200nwe,2026,REG,2,Karon Prunty,PrunKa00,CB,NE,PIT,0,0,0,0,13,0.52
2026_02_PIT_NE,202609200nwe,2026,REG,2,Erick Hunter,HuntEr00,LB,NE,PIT,0,0,0,0,12,0.48
2026_02_PIT_NE,202609200nwe,2026,REG,2,Andres Borregales,BorrAn00,K,NE,PIT,0,0,0,0,10,0.4
2026_02_PIT_NE,202609200nwe,2026,REG,2,Mitch Wishnowsky,WishMi00,P,NE,PIT,0,0,0,0,9,0.36
2026_02_PIT_NE,202609200nwe,2026,REG,2,Julian Ashby,AshbJu00,LS,NE,PIT,0,0,0,0,9,0.36
2026_02_PIT_NE,202609200nwe,2026,REG,2,Dell Pettus,PettDe00,S,NE,PIT,0,0,0,0,8,0.32
2026_02_PIT_NE,202609200nwe,2026,REG,2,Ben Brown,BrowBe01,C,NE,PIT,0,0,0,0,5,0.2
2026_02_PIT_NE,202609200nwe,2026,REG,2,Mason McCormick,McCoMa00,G,PIT,NE,70,1,0,0,2,0.08
2026_02_PIT_NE,202609200nwe,2026,REG,2,Zach Frazier,FrazZa00,C,PIT,NE,70,1,0,0,0,0
2026_02_PIT_NE,202609200nwe,2026,REG,2,Troy Fautanu,FautTr00,T,PIT,NE,70,1,0,0,0,0
2026_02_PIT_NE,202609200nwe,2026,REG,2,D.K. Metcalf,MetcDK00,WR,PIT,NE,68,0.97,0,0,0,0
2026_02_PIT_NE,202609200nwe,2026,REG,2,Dylan Cook,CookDy00,T,PIT,NE,67,0.96,0,0,2,0.08
2026_02_PIT_NE,202609200nwe,2026,REG,2,Spencer Anderson,AndeSp00,OL,PIT,NE,67,0.96,0,0,0,0
2026_02_PIT_NE,202609200nwe,2026,REG,2,Aaron Rodgers,RodgAa00,QB,PIT,NE,67,0.96,0,0,0,0
2026_02_PIT_NE,202609200nwe,2026,REG,2,Germie Bernard,BernGe00,WR,PIT,NE,55,0.79,0,0,0,0
2026_02_PIT_NE,202609200nwe,2026,REG,2,Roman Wilson,WilsRo02,WR,PIT,NE,55,0.79,0,0,0,0
2026_02_PIT_NE,202609200nwe,2026,REG,2,Jaylen Warren,WarrJa01,RB,PIT,NE,50,0.71,0,0,0,0
2026_02_PIT_NE,202609200nwe,2026,REG,2,Pat Freiermuth,FreiPa00,TE,PIT,NE,46,0.66,0,0,5,0.2
2026_02_PIT_NE,202609200nwe,2026,REG,2,Darnell Washington,WashDa03,TE,PIT,NE,37,0.53,0,0,2,0.08
2026_02_PIT_NE,202609200nwe,2026,REG,2,Rico Dowdle,DowdRi01,RB,PIT,NE,18,0.26,0,0,0,0
2026_02_PIT_NE,202609200nwe,2026,REG,2,Ben Skowronek,SkowBe00,WR,PIT,NE,15,0.21,0,0,18,0.72
2026_02_PIT_NE,202609200nwe,2026,REG,2,Brock Hoffman,HoffBr00,G,PIT,NE,3,0.04,0,0,2,0.08
2026_02_PIT_NE,202609200nwe,2026,REG,2,Max Iheanachor,IheaMa00,T,PIT,NE,3,0.04,0,0,0,0
2026_02_PIT_NE,202609200nwe,2026,REG,2,Mason Rudolph,RudoMa00,QB,PIT,NE,3,0.04,0,0,0,0
2026_02_PIT_NE,202609200nwe,2026,REG,2,Riley Nowakowski,NowaRi00,FB,PIT,NE,2,0.03,0,0,18,0.72
2026_02_PIT_NE,202609200nwe,2026,REG,2,Travis Homer,HomeTr00,RB,PIT,NE,2,0.03,0,0,10,0.4
2026_02_PIT_NE,202609200nwe,2026,REG,2,Robert Tonyan,TonyRo00,TE,PIT,NE,2,0.03,0,0,5,0.2
2026_02_PIT_NE,202609200nwe,2026,REG,2,Patrick Queen,QueePa00,LB,PIT,NE,0,0,55,1,0,0
2026_02_PIT_NE,202609200nwe,2026,REG,2,Jalen Ramsey,RamsJa00,CB,PIT,NE,0,0,55,1,0,0
2026_02_PIT_NE,202609200nwe,2026,REG,2,Asante Samuel Jr.,SamuAs00,CB,PIT,NE,0,0,55,1,0,0
2026_02_PIT_NE,202609200nwe,2026,REG,2,Jaquan Brisker,BrisJa01,S,PIT,NE,0,0,54,0.98,0,0
2026_02_PIT_NE,202609200nwe,2026,REG,2,Jamel Dean,DeanJa00,CB,PIT,NE,0,0,47,0.85,0,0
2026_02_PIT_NE,202609200nwe,2026,REG,2,Payton Wilson,WilsPa00,LB,PIT,NE,0,0,43,0.78,8,0.32
2026_02_PIT_NE,202609200nwe,2026,REG,2,Cameron Heyward,HeywCa01,DT,PIT,NE,0,0,41,0.75,5,0.2
2026_02_PIT_NE,202609200nwe,2026,REG,2,Keeanu Benton,BentKe00,DT,PIT,NE,0,0,36,0.65,2,0.08
2026_02_PIT_NE,202609200nwe,2026,REG,2,Rayshawn Jenkins,JenkRa00,S,PIT,NE,0,0,34,0.62,5,0.2
2026_02_PIT_NE,202609200nwe,2026,REG,2,Alex Highsmith,HighAl02,LB,PIT,NE,0,0,33,0.6,0,0
2026_02_PIT_NE,202609200nwe,2026,REG,2,Derrick Harmon,HarmDe01,DT,PIT,NE,0,0,32,0.58,7,0.28
2026_02_PIT_NE,202609200nwe,2026,REG,2,T.J. Watt,WattT.00,LB,PIT,NE,0,0,31,0.56,0,0
2026_02_PIT_NE,202609200nwe,2026,REG,2,Nick Herbig,HerbNi00,LB,PIT,NE,0,0,29,0.53,13,0.52
2026_02_PIT_NE,202609200nwe,2026,REG,2,Yahya Black,BlacYa00,DL,PIT,NE,0,0,20,0.36,7,0.28
2026_02_PIT_NE,202609200nwe,2026,REG,2,Jack Sawyer,SawyJa00,LB,PIT,NE,0,0,19,0.35,23,0.92
2026_02_PIT_NE,202609200nwe,2026,REG,2,Daylen Everette,EverDa00,CB,PIT,NE,0,0,8,0.15,11,0.44
2026_02_PIT_NE,202609200nwe,2026,REG,2,Sebastian Joseph-Day,JoseSe00,DT,PIT,NE,0,0,7,0.13,5,0.2
2026_02_PIT_NE,202609200nwe,2026,REG,2,Brandin Echols,EchoBr00,CB,PIT,NE,0,0,5,0.09,17,0.68
2026_02_PIT_NE,202609200nwe,2026,REG,2,Robert Spears-Jennings,SpeaRo01,S,PIT,NE,0,0,1,0.02,23,0.92
2026_02_PIT_NE,202609200nwe,2026,REG,2,Carson Bruener,BrueCa00,LB,PIT,NE,0,0,0,0,23,0.92
2026_02_PIT_NE,202609200nwe,2026,REG,2,Cole Holcomb,HolcCo00,LB,PIT,NE,0,0,0,0,18,0.72
2026_02_PIT_NE,202609200nwe,2026,REG,2,Cameron Johnston,JohnCa02,P,PIT,NE,0,0,0,0,10,0.4
2026_02_PIT_NE,202609200nwe,2026,REG,2,Christian Kuntz,KuntCh02,LS,PIT,NE,0,0,0,0,10,0.4
2026_02_PIT_NE,202609200nwe,2026,REG,2,Kaden Wetjen,WetjKa00,WR,PIT,NE,0,0,0,0,9,0.36
2026_02_PIT_NE,202609200nwe,2026,REG,2,Eli Heidenreich,HeidEl00,RB,PIT,NE,0,0,0,0,5,0.2
2026_02_PIT_NE,202609200nwe,2026,REG,2,Doneiko Slaughter,SlauDo00,DB,PIT,NE,0,0,0,0,4,0.16
2026_02_PIT_NE,202609200nwe,2026,REG,2,Chris Boswell,BoswCh00,K,PIT,NE,0,0,0,0,3,0.12
2026_02_PIT_NE,202609200nwe,2026,REG,2,Ryan McCollum,McCoRy00,C,PIT,NE,0,0,0,0,2,0.08
2026_02_SEA_ARI,202609200crd,2026,REG,2,Paris Johnson,JohnPa03,OL,ARI,SEA,50,1,0,0,1,0.04
2026_02_SEA_ARI,202609200crd,2026,REG,2,Isaiah Adams,AdamIs01,OL,ARI,SEA,50,1,0,0,1,0.04
2026_02_SEA_ARI,202609200crd,2026,REG,2,Isaac Seumalo,SeumIs00,OL,ARI,SEA,50,1,0,0,1,0.04
2026_02_SEA_ARI,202609200crd,2026,REG,2,Elijah Wilkinson,WilkEl00,OL,ARI,SEA,50,1,0,0,1,0.04
2026_02_SEA_ARI,202609200crd,2026,REG,2,Hjalte Froholdt,FrohHj00,OL,ARI,SEA,50,1,0,0,0,0
2026_02_SEA_ARI,202609200crd,2026,REG,2,Jacoby Brissett,BrisJa00,QB,ARI,SEA,50,1,0,0,0,0
2026_02_SEA_ARI,202609200crd,2026,REG,2,Michael Wilson,WilsMi02,WR,ARI,SEA,47,0.94,1,0.01,0,0
2026_02_SEA_ARI,202609200crd,2026,REG,2,Trey McBride,McBrTr01,TE,ARI,SEA,44,0.88,0,0,0,0
2026_02_SEA_ARI,202609200crd,2026,REG,2,Marvin Harrison Jr.,HarrMa09,WR,ARI,SEA,37,0.74,0,0,0,0
2026_02_SEA_ARI,202609200crd,2026,REG,2,Tyler Allgeier,AllgTy00,RB,ARI,SEA,32,0.64,0,0,0,0
2026_02_SEA_ARI,202609200crd,2026,REG,2,Kendrick Bourne,BourKe00,WR,ARI,SEA,30,0.6,0,0,0,0
2026_02_SEA_ARI,202609200crd,2026,REG,2,Jeremiyah Love,LoveJe00,RB,ARI,SEA,20,0.4,0,0,0,0
2026_02_SEA_ARI,202609200crd,2026,REG,2,Hunter Long,LongHu00,TE,ARI,SEA,15,0.3,0,0,14,0.61
2026_02_SEA_ARI,202609200crd,2026,REG,2,Elijah Higgins,HiggEl00,TE,ARI,SEA,13,0.26,0,0,15,0.65
2026_02_SEA_ARI,202609200crd,2026,REG,2,Simi Fehoko,FehoSi00,WR,ARI,SEA,6,0.12,0,0,17,0.74
2026_02_SEA_ARI,202609200crd,2026,REG,2,Zonovan Knight,KnigZo00,RB,ARI,SEA,3,0.06,0,0,6,0.26
2026_02_SEA_ARI,202609200crd,2026,REG,2,Jalen Brooks,BrooJa03,WR,ARI,SEA,2,0.04,0,0,8,0.35
2026_02_SEA_ARI,202609200crd,2026,REG,2,Jayden Williams,WillJa16,OL,ARI,SEA,1,0.02,0,0,1,0.04
2026_02_SEA_ARI,202609200crd,2026,REG,2,Andrew Wingard,WingAn01,S,ARI,SEA,0,0,70,1,7,0.3
2026_02_SEA_ARI,202609200crd,2026,REG,2,Budda Baker,BakeBu00,S,ARI,SEA,0,0,70,1,1,0.04
2026_02_SEA_ARI,202609200crd,2026,REG,2,Jack Gibbens,GibbJa00,LB,ARI,SEA,0,0,69,0.99,12,0.52
2026_02_SEA_ARI,202609200crd,2026,REG,2,Mack Wilson,WilsMa03,LB,ARI,SEA,0,0,65,0.93,0,0
2026_02_SEA_ARI,202609200crd,2026,REG,2,Denzel Burke,BurkDe01,CB,ARI,SEA,0,0,59,0.84,0,0
2026_02_SEA_ARI,202609200crd,2026,REG,2,Will Johnson,JohnWi02,CB,ARI,SEA,0,0,58,0.83,2,0.09
2026_02_SEA_ARI,202609200crd,2026,REG,2,Roy Lopez,LopeRo00,DL,ARI,SEA,0,0,50,0.71,0,0
2026_02_SEA_ARI,202609200crd,2026,REG,2,Dante Stills,StilDa01,DT,ARI,SEA,0,0,41,0.59,5,0.22
2026_02_SEA_ARI,202609200crd,2026,REG,2,Walter Nolen,NoleWa00,DL,ARI,SEA,0,0,40,0.57,0,0
2026_02_SEA_ARI,202609200crd,2026,REG,2,Jordan Burch,BurcJo00,LB,ARI,SEA,0,0,34,0.49,15,0.65
2026_02_SEA_ARI,202609200crd,2026,REG,2,Baron Browning,BrowBa01,LB,ARI,SEA,0,0,34,0.49,3,0.13
2026_02_SEA_ARI,202609200crd,2026,REG,2,Josh Sweat,SweaJo00,LB,ARI,SEA,0,0,34,0.49,0,0
2026_02_SEA_ARI,202609200crd,2026,REG,2,L.J. Collier,CollLJ00,DL,ARI,SEA,0,0,30,0.43,5,0.22
2026_02_SEA_ARI,202609200crd,2026,REG,2,Darius Robinson,RobiDa01,DL,ARI,SEA,0,0,30,0.43,5,0.22
2026_02_SEA_ARI,202609200crd,2026,REG,2,Zaven Collins,CollZa00,LB,ARI,SEA,0,0,28,0.4,11,0.48
2026_02_SEA_ARI,202609200crd,2026,REG,2,Max Melton,MeltMa00,CB,ARI,SEA,0,0,21,0.3,7,0.3
2026_02_SEA_ARI,202609200crd,2026,REG,2,Eku Leota,LeotEk00,LB,ARI,SEA,0,0,11,0.16,10,0.43
2026_02_SEA_ARI,202609200crd,2026,REG,2,Kei'Trel Clark,ClarKe02,CB,ARI,SEA,0,0,10,0.14,9,0.39
2026_02_SEA_ARI,202609200crd,2026,REG,2,Cody Simon,SimoCo01,LB,ARI,SEA,0,0,5,0.07,22,0.96
2026_02_SEA_ARI,202609200crd,2026,REG,2,Kalen King,KingKa00,CB,ARI,SEA,0,0,5,0.07,4,0.17
2026_02_SEA_ARI,202609200crd,2026,REG,2,Wydett Williams,WillWy00,S,ARI,SEA,0,0,4,0.06,4,0.17
2026_02_SEA_ARI,202609200crd,2026,REG,2,Dadrion Taylor-Demerson,TaylDa02,S,ARI,SEA,0,0,2,0.03,15,0.65
2026_02_SEA_ARI,202609200crd,2026,REG,2,Karson Sharar,SharKa00,LB,ARI,SEA,0,0,0,0,22,0.96
2026_02_SEA_ARI,202609200crd,2026,REG,2,Blake Gillikin,GillBl00,P,ARI,SEA,0,0,0,0,8,0.35
2026_02_SEA_ARI,202609200crd,2026,REG,2,Casey Kreiter,KreiCa00,LS,ARI,SEA,0,0,0,0,8,0.35
2026_02_SEA_ARI,202609200crd,2026,REG,2,Devin Duvernay,DuveDe00,WR,ARI,SEA,0,0,0,0,8,0.35
2026_02_SEA_ARI,202609200crd,2026,REG,2,Chad Ryland,RylaCh00,K,ARI,SEA,0,0,0,0,3,0.13
2026_02_SEA_ARI,202609200crd,2026,REG,2,Hayden Conner,ConnHa00,OL,ARI,SEA,0,0,0,0,1,0.04
2026_02_SEA_ARI,202609200crd,2026,REG,2,Jon Gaines,GainJo00,OL,ARI,SEA,0,0,0,0,1,0.04
2026_02_SEA_ARI,202609200crd,2026,REG,2,Grey Zabel,ZabeGr00,G,SEA,ARI,70,1,0,0,5,0.22
2026_02_SEA_ARI,202609200crd,2026,REG,2,Charles Cross,CrosCh00,T,SEA,ARI,70,1,0,0,5,0.22
2026_02_SEA_ARI,202609200crd,2026,REG,2,Jalen Sundell,SundJa00,C,SEA,ARI,70,1,0,0,5,0.22
2026_02_SEA_ARI,202609200crd,2026,REG,2,Abraham Lucas,LucaAb00,T,SEA,ARI,70,1,0,0,5,0.22
2026_02_SEA_ARI,202609200crd,2026,REG,2,Drew Lock,LockDr00,QB,SEA,ARI,70,1,0,0,0,0
2026_02_SEA_ARI,202609200crd,2026,REG,2,AJ Barner,BarnAJ00,TE,SEA,ARI,56,0.8,0,0,0,0
2026_02_SEA_ARI,202609200crd,2026,REG,2,Jaxon Smith-Njigba,SmitJa06,WR,SEA,ARI,47,0.67,0,0,0,0
2026_02_SEA_ARI,202609200crd,2026,REG,2,Christian Haynes,HaynCh00,G,SEA,ARI,43,0.61,0,0,5,0.22
2026_02_SEA_ARI,202609200crd,2026,REG,2,Rashid Shaheed,ShahRa00,WR,SEA,ARI,39,0.56,0,0,9,0.39
2026_02_SEA_ARI,202609200crd,2026,REG,2,Brady Russell,RussBr00,FB,SEA,ARI,31,0.44,0,0,22,0.96
2026_02_SEA_ARI,202609200crd,2026,REG,2,Cooper Kupp,KuppCo00,WR,SEA,ARI,30,0.43,0,0,0,0
2026_02_SEA_ARI,202609200crd,2026,REG,2,Emanuel Wilson,WilsEm00,RB,SEA,ARI,29,0.41,0,0,0,0
2026_02_SEA_ARI,202609200crd,2026,REG,2,Beau Stephens,StepBe00,G,SEA,ARI,27,0.39,0,0,5,0.22
2026_02_SEA_ARI,202609200crd,2026,REG,2,Jadarian Price,PricJa02,RB,SEA,ARI,24,0.34,0,0,0,0
2026_02_SEA_ARI,202609200crd,2026,REG,2,Tory Horton,HortTo00,WR,SEA,ARI,22,0.31,0,0,1,0.04
2026_02_SEA_ARI,202609200crd,2026,REG,2,Nick Kallerup,KallNi00,TE,SEA,ARI,19,0.27,0,0,15,0.65
2026_02_SEA_ARI,202609200crd,2026,REG,2,George Holani,HolaGe00,RB,SEA,ARI,18,0.26,0,0,17,0.74
2026_02_SEA_ARI,202609200crd,2026,REG,2,Eric Saubert,SaubEr00,TE,SEA,ARI,17,0.24,0,0,15,0.65
2026_02_SEA_ARI,202609200crd,2026,REG,2,Elijah Arroyo,ArroEl00,TE,SEA,ARI,15,0.21,0,0,13,0.57
2026_02_SEA_ARI,202609200crd,2026,REG,2,Josh Jones,JoneJo07,G,SEA,ARI,2,0.03,0,0,0,0
2026_02_SEA_ARI,202609200crd,2026,REG,2,Olusegun Oluwatimi,OluwOl00,C,SEA,ARI,1,0.01,0,0,0,0
2026_02_SEA_ARI,202609200crd,2026,REG,2,Rodney Thomas II,ThomRo07,S,SEA,ARI,0,0,50,1,0,0
2026_02_SEA_ARI,202609200crd,2026,REG,2,Julian Love,LoveJu00,S,SEA,ARI,0,0,48,0.96,1,0.04
2026_02_SEA_ARI,202609200crd,2026,REG,2,Devon Witherspoon,WithDe00,CB,SEA,ARI,0,0,48,0.96,1,0.04
2026_02_SEA_ARI,202609200crd,2026,REG,2,Ernest Jones,JoneEr01,LB,SEA,ARI,0,0,48,0.96,1,0.04
2026_02_SEA_ARI,202609200crd,2026,REG,2,Josh Jobe,JobeJo00,CB,SEA,ARI,0,0,48,0.96,0,0
2026_02_SEA_ARI,202609200crd,2026,REG,2,Drake Thomas,ThomDr00,LB,SEA,ARI,0,0,47,0.94,2,0.09
2026_02_SEA_ARI,202609200crd,2026,REG,2,Nehemiah Pritchett,PritNe00,CB,SEA,ARI,0,0,38,0.76,1,0.04
2026_02_SEA_ARI,202609200crd,2026,REG,2,Leonard Williams,WillLe02,DT,SEA,ARI,0,0,35,0.7,1,0.04
2026_02_SEA_ARI,202609200crd,2026,REG,2,Byron Murphy,MurpBy01,DE,SEA,ARI,0,0,33,0.66,1,0.04
2026_02_SEA_ARI,202609200crd,2026,REG,2,DeMarcus Lawrence,LawrDe00,LB,SEA,ARI,0,0,30,0.6,1,0.04
2026_02_SEA_ARI,202609200crd,2026,REG,2,Derick Hall,HallDe04,LB,SEA,ARI,0,0,29,0.58,1,0.04
2026_02_SEA_ARI,202609200crd,2026,REG,2,Uchenna Nwosu,NwosUc00,LB,SEA,ARI,0,0,24,0.48,0,0
2026_02_SEA_ARI,202609200crd,2026,REG,2,Jarran Reed,ReedJa02,DE,SEA,ARI,0,0,22,0.44,1,0.04
2026_02_SEA_ARI,202609200crd,2026,REG,2,Rylie Mills,MillRy02,DT,SEA,ARI,0,0,15,0.3,2,0.09
2026_02_SEA_ARI,202609200crd,2026,REG,2,Dante Fowler,FowlDa00,LB,SEA,ARI,0,0,11,0.22,1,0.04
2026_02_SEA_ARI,202609200crd,2026,REG,2,Nick Emmanwori,EmmaNi00,S,SEA,ARI,0,0,9,0.18,0,0
2026_02_SEA_ARI,202609200crd,2026,REG,2,Tyrice Knight,KnigTy00,LB,SEA,ARI,0,0,7,0.14,17,0.74
2026_02_SEA_ARI,202609200crd,2026,REG,2,Patrick O'Connell,OConPa01,LB,SEA,ARI,0,0,2,0.04,17,0.74
2026_02_SEA_ARI,202609200crd,2026,REG,2,Chazz Surratt,SurrCh00,LB,SEA,ARI,0,0,2,0.04,17,0.74
2026_02_SEA_ARI,202609200crd,2026,REG,2,AJ Finley,FinlAJ00,S,SEA,ARI,0,0,2,0.04,16,0.7
2026_02_SEA_ARI,202609200crd,2026,REG,2,Julian Neal,NealJu00,CB,SEA,ARI,0,0,2,0.04,10,0.43
2026_02_SEA_ARI,202609200crd,2026,REG,2,Avery Smith,SmitAv00,CB,SEA,ARI,0,0,0,0,14,0.61
2026_02_SEA_ARI,202609200crd,2026,REG,2,Jason Myers,MyerJa00,K,SEA,ARI,0,0,0,0,11,0.48
2026_02_SEA_ARI,202609200crd,2026,REG,2,Chris Stoll,StolCh00,LS,SEA,ARI,0,0,0,0,7,0.3
2026_02_SEA_ARI,202609200crd,2026,REG,2,Michael Dickson,DickMi00,P,SEA,ARI,0,0,0,0,7,0.3
2026_02_SEA_ARI,202609200crd,2026,REG,2,Brandon Pili,PiliBr00,NT,SEA,ARI,0,0,0,0,1,0.04
2026_02_WAS_DAL,202609200dal,2026,REG,2,Terence Steele,SteeTe01,T,DAL,WAS,55,1,0,0,7,0.26
2026_02_WAS_DAL,202609200dal,2026,REG,2,T.J. Bass,BassTJ00,G,DAL,WAS,55,1,0,0,7,0.26
2026_02_WAS_DAL,202609200dal,2026,REG,2,Tyler Guyton,GuytTy00,T,DAL,WAS,55,1,0,0,7,0.26
2026_02_WAS_DAL,202609200dal,2026,REG,2,Tyler Booker,BookTy00,G,DAL,WAS,55,1,0,0,7,0.26
2026_02_WAS_DAL,202609200dal,2026,REG,2,Dak Prescott,PresDa01,QB,DAL,WAS,55,1,0,0,0,0
2026_02_WAS_DAL,202609200dal,2026,REG,2,Cooper Beebe,BeebCo00,C,DAL,WAS,55,1,0,0,0,0
2026_02_WAS_DAL,202609200dal,2026,REG,2,Javonte Williams,WillJa10,RB,DAL,WAS,44,0.8,0,0,0,0
2026_02_WAS_DAL,202609200dal,2026,REG,2,George Pickens,PickGe00,WR,DAL,WAS,42,0.76,0,0,0,0
2026_02_WAS_DAL,202609200dal,2026,REG,2,Ryan Flournoy,FlouRy00,WR,DAL,WAS,42,0.76,0,0,0,0
2026_02_WAS_DAL,202609200dal,2026,REG,2,CeeDee Lamb,LambCe00,WR,DAL,WAS,41,0.75,0,0,0,0
2026_02_WAS_DAL,202609200dal,2026,REG,2,Jake Ferguson,FergJa00,TE,DAL,WAS,33,0.6,0,0,0,0
2026_02_WAS_DAL,202609200dal,2026,REG,2,Brevyn Spann-Ford,SpanBr00,TE,DAL,WAS,21,0.38,0,0,14,0.52
2026_02_WAS_DAL,202609200dal,2026,REG,2,Luke Schoonmaker,SchoLu00,TE,DAL,WAS,16,0.29,0,0,12,0.44
2026_02_WAS_DAL,202609200dal,2026,REG,2,Jonathan Mingo,MingJo00,WR,DAL,WAS,11,0.2,0,0,6,0.22
2026_02_WAS_DAL,202609200dal,2026,REG,2,Hunter Luepke,LuepHu00,FB,DAL,WAS,10,0.18,0,0,15,0.56
2026_02_WAS_DAL,202609200dal,2026,REG,2,Emari Demercado,DemeEm00,RB,DAL,WAS,9,0.16,0,0,0,0
2026_02_WAS_DAL,202609200dal,2026,REG,2,KaVontae Turpin,TurpKa00,WR,DAL,WAS,5,0.09,0,0,6,0.22
2026_02_WAS_DAL,202609200dal,2026,REG,2,Drew Shelton,ShelDr00,T,DAL,WAS,1,0.02,0,0,7,0.26
2026_02_WAS_DAL,202609200dal,2026,REG,2,Caleb Downs,DownCa00,DB,DAL,WAS,0,0,71,1,8,0.3
2026_02_WAS_DAL,202609200dal,2026,REG,2,Jalen Thompson,ThomJa04,S,DAL,WAS,0,0,71,1,0,0
2026_02_WAS_DAL,202609200dal,2026,REG,2,DaRon Bland,BlanDa00,CB,DAL,WAS,0,0,67,0.94,0,0
2026_02_WAS_DAL,202609200dal,2026,REG,2,Markquese Bell,BellMa01,S,DAL,WAS,0,0,57,0.8,10,0.37
2026_02_WAS_DAL,202609200dal,2026,REG,2,Dee Winters,WintDe00,LB,DAL,WAS,0,0,53,0.75,0,0
2026_02_WAS_DAL,202609200dal,2026,REG,2,Quinnen Williams,WillQu00,DT,DAL,WAS,0,0,50,0.7,5,0.19
2026_02_WAS_DAL,202609200dal,2026,REG,2,Donovan Ezeiruaku,EzeiDo00,LB,DAL,WAS,0,0,49,0.69,5,0.19
2026_02_WAS_DAL,202609200dal,2026,REG,2,Kenny Clark,ClarKe01,DT,DAL,WAS,0,0,49,0.69,0,0
2026_02_WAS_DAL,202609200dal,2026,REG,2,Rashan Gary,GaryRa00,LB,DAL,WAS,0,0,46,0.65,0,0
2026_02_WAS_DAL,202609200dal,2026,REG,2,Jaishawn Barham,BarhJa01,LB,DAL,WAS,0,0,45,0.63,0,0
2026_02_WAS_DAL,202609200dal,2026,REG,2,Shemar James,JameSh00,LB,DAL,WAS,0,0,38,0.54,13,0.48
2026_02_WAS_DAL,202609200dal,2026,REG,2,Cobie Durant,DuraDe01,CB,DAL,WAS,0,0,37,0.52,0,0
2026_02_WAS_DAL,202609200dal,2026,REG,2,Shavon Revel,ReveSh00,CB,DAL,WAS,0,0,35,0.49,14,0.52
2026_02_WAS_DAL,202609200dal,2026,REG,2,Otito Ogbonnia,OgboOt00,DT,DAL,WAS,0,0,29,0.41,5,0.19
2026_02_WAS_DAL,202609200dal,2026,REG,2,Malachi Lawrence,LawrMa01,LB,DAL,WAS,0,0,23,0.32,6,0.22
2026_02_WAS_DAL,202609200dal,2026,REG,2,Von Miller,MillVo00,LB,DAL,WAS,0,0,21,0.3,0,0
2026_02_WAS_DAL,202609200dal,2026,REG,2,LT Overton,OverLT00,DT,DAL,WAS,0,0,15,0.21,5,0.19
2026_02_WAS_DAL,202609200dal,2026,REG,2,Jonathan Bullard,BullJo00,DT,DAL,WAS,0,0,12,0.17,0,0
2026_02_WAS_DAL,202609200dal,2026,REG,2,Ameer Speed,SpeeAm00,CB,DAL,WAS,0,0,4,0.06,20,0.74
2026_02_WAS_DAL,202609200dal,2026,REG,2,Tyrus Wheat,WheaTy02,LB,DAL,WAS,0,0,3,0.04,14,0.52
2026_02_WAS_DAL,202609200dal,2026,REG,2,P.J. Locke,LockPJ00,S,DAL,WAS,0,0,3,0.04,0,0
2026_02_WAS_DAL,202609200dal,2026,REG,2,Curtis Robinson,RobiCu00,LB,DAL,WAS,0,0,2,0.03,19,0.7
2026_02_WAS_DAL,202609200dal,2026,REG,2,Justin Barron,BarrJu00,LB,DAL,WAS,0,0,1,0.01,20,0.74
2026_02_WAS_DAL,202609200dal,2026,REG,2,Alijah Clark,ClarAl01,S,DAL,WAS,0,0,0,0,20,0.74
2026_02_WAS_DAL,202609200dal,2026,REG,2,Brandon Aubrey,AubrBr00,K,DAL,WAS,0,0,0,0,15,0.56
2026_02_WAS_DAL,202609200dal,2026,REG,2,Trent Sieg,SiegTr00,LS,DAL,WAS,0,0,0,0,8,0.3
2026_02_WAS_DAL,202609200dal,2026,REG,2,Bryan Anger,AngeBr00,P,DAL,WAS,0,0,0,0,8,0.3
2026_02_WAS_DAL,202609200dal,2026,REG,2,Nick Leverett,LeveNi00,OL,DAL,WAS,0,0,0,0,7,0.26
2026_02_WAS_DAL,202609200dal,2026,REG,2,Broderick Jones,JoneBr09,T,DAL,WAS,0,0,0,0,7,0.26
2026_02_WAS_DAL,202609200dal,2026,REG,2,Nick Allegretti,AlleNi00,C,WAS,DAL,71,1,0,0,5,0.19
2026_02_WAS_DAL,202609200dal,2026,REG,2,Chris Paul,PaulCh00,G,WAS,DAL,71,1,0,0,5,0.19
2026_02_WAS_DAL,202609200dal,2026,REG,2,Josh Conerly,ConeJo00,T,WAS,DAL,71,1,0,0,5,0.19
2026_02_WAS_DAL,202609200dal,2026,REG,2,Samuel Cosmi,CosmSa00,G,WAS,DAL,68,0.96,0,0,5,0.19
2026_02_WAS_DAL,202609200dal,2026,REG,2,Brandon Coleman,ColeBr02,T,WAS,DAL,61,0.86,0,0,4,0.15
2026_02_WAS_DAL,202609200dal,2026,REG,2,Terry McLaurin,McLaTe00,WR,WAS,DAL,50,0.7,0,0,0,0
2026_02_WAS_DAL,202609200dal,2026,REG,2,Ben Sinnott,SinnBe00,TE,WAS,DAL,48,0.68,0,0,9,0.33
2026_02_WAS_DAL,202609200dal,2026,REG,2,Dyami Brown,BrowDy00,WR,WAS,DAL,39,0.55,0,0,0,0
2026_02_WAS_DAL,202609200dal,2026,REG,2,Jayden Daniels,DaniJa02,QB,WAS,DAL,39,0.55,0,0,0,0
2026_02_WAS_DAL,202609200dal,2026,REG,2,Rachaad White,WhitRa01,RB,WAS,DAL,37,0.52,0,0,8,0.3
2026_02_WAS_DAL,202609200dal,2026,REG,2,Stefon Diggs,DiggSt00,WR,WAS,DAL,36,0.51,0,0,0,0
2026_02_WAS_DAL,202609200dal,2026,REG,2,Antonio Williams,WillAn04,WR,WAS,DAL,35,0.49,0,0,0,0
2026_02_WAS_DAL,202609200dal,2026,REG,2,Marcus Mariota,MariMa01,QB,WAS,DAL,32,0.45,0,0,0,0
2026_02_WAS_DAL,202609200dal,2026,REG,2,Jacory Croskey-Merritt,CrosJa00,RB,WAS,DAL,26,0.37,0,0,0,0
2026_02_WAS_DAL,202609200dal,2026,REG,2,John Bates,BateJo00,TE,WAS,DAL,22,0.31,0,0,14,0.52
2026_02_WAS_DAL,202609200dal,2026,REG,2,Colson Yankoff,YankCo00,TE,WAS,DAL,21,0.3,0,0,20,0.74
2026_02_WAS_DAL,202609200dal,2026,REG,2,Treylon Burks,BurkTr00,WR,WAS,DAL,21,0.3,0,0,1,0.04
2026_02_WAS_DAL,202609200dal,2026,REG,2,Andrew Wylie,WyliAn00,T,WAS,DAL,12,0.17,0,0,5,0.19
2026_02_WAS_DAL,202609200dal,2026,REG,2,Jaylin Lane,LaneJa00,WR,WAS,DAL,11,0.15,0,0,9,0.33
2026_02_WAS_DAL,202609200dal,2026,REG,2,Kaytron Allen,AlleKa01,RB,WAS,DAL,6,0.08,0,0,0,0
2026_02_WAS_DAL,202609200dal,2026,REG,2,Matt Gulbin,GulbMa00,C,WAS,DAL,4,0.06,0,0,0,0
2026_02_WAS_DAL,202609200dal,2026,REG,2,Sonny Styles,StylSo01,LB,WAS,DAL,0,0,55,1,7,0.26
2026_02_WAS_DAL,202609200dal,2026,REG,2,Nick Cross,CrosNi00,S,WAS,DAL,0,0,55,1,0,0
2026_02_WAS_DAL,202609200dal,2026,REG,2,Amik Robertson,RobeAm00,CB,WAS,DAL,0,0,55,1,0,0
2026_02_WAS_DAL,202609200dal,2026,REG,2,Jeremy Reaves,ReavJe00,S,WAS,DAL,0,0,50,0.91,13,0.48
2026_02_WAS_DAL,202609200dal,2026,REG,2,Leo Chenal,ChenLe00,LB,WAS,DAL,0,0,45,0.82,15,0.56
2026_02_WAS_DAL,202609200dal,2026,REG,2,Mike Sainristil,SainMi00,CB,WAS,DAL,0,0,45,0.82,13,0.48
2026_02_WAS_DAL,202609200dal,2026,REG,2,Daron Payne,PaynDa00,DT,WAS,DAL,0,0,37,0.67,6,0.22
2026_02_WAS_DAL,202609200dal,2026,REG,2,K'Lavon Chaisson,ChaiKL00,LB,WAS,DAL,0,0,36,0.65,7,0.26
2026_02_WAS_DAL,202609200dal,2026,REG,2,Odafe Oweh,OwehJa00,LB,WAS,DAL,0,0,35,0.64,0,0
2026_02_WAS_DAL,202609200dal,2026,REG,2,Javon Kinlaw,KinlJa00,DT,WAS,DAL,0,0,31,0.56,6,0.22
2026_02_WAS_DAL,202609200dal,2026,REG,2,Quan Martin,MartJa04,S,WAS,DAL,0,0,30,0.55,22,0.81
2026_02_WAS_DAL,202609200dal,2026,REG,2,Charles Omenihu,OmenCh00,DE,WAS,DAL,0,0,29,0.53,7,0.26
2026_02_WAS_DAL,202609200dal,2026,REG,2,Rasul Douglas,DougRa00,CB,WAS,DAL,0,0,24,0.44,0,0
2026_02_WAS_DAL,202609200dal,2026,REG,2,Dorance Armstrong Jr.,ArmsDo00,LB,WAS,DAL,0,0,24,0.44,0,0
2026_02_WAS_DAL,202609200dal,2026,REG,2,Tim Settle,SettTi00,DT,WAS,DAL,0,0,17,0.31,1,0.04
2026_02_WAS_DAL,202609200dal,2026,REG,2,Shy Tuttle,TuttSh00,DT,WAS,DAL,0,0,17,0.31,0,0
2026_02_WAS_DAL,202609200dal,2026,REG,2,Javontae Jean-Baptiste,JeanJa00,LB,WAS,DAL,0,0,13,0.24,6,0.22
2026_02_WAS_DAL,202609200dal,2026,REG,2,Joshua Josephs,JoseJo00,LB,WAS,DAL,0,0,7,0.13,1,0.04
2026_02_WAS_DAL,202609200dal,2026,REG,2,Tyler Owens,OwenTy00,S,WAS,DAL,0,0,0,0,22,0.81
2026_02_WAS_DAL,202609200dal,2026,REG,2,Kain Medrano,MedrKa00,LB,WAS,DAL,0,0,0,0,22,0.81
2026_02_WAS_DAL,202609200dal,2026,REG,2,Percy Butler,ButlPe00,S,WAS,DAL,0,0,0,0,15,0.56
2026_02_WAS_DAL,202609200dal,2026,REG,2,Ale Kaho,KahoAl00,LB,WAS,DAL,0,0,0,0,15,0.56
2026_02_WAS_DAL,202609200dal,2026,REG,2,Drew Stevens,StevDr00,K,WAS,DAL,0,0,0,0,10,0.37
2026_02_WAS_DAL,202609200dal,2026,REG,2,Tyler Ott,OttxTy00,LS,WAS,DAL,0,0,0,0,6,0.22
2026_02_WAS_DAL,202609200dal,2026,REG,2,Tress Way,WayxTr00,P,WAS,DAL,0,0,0,0,6,0.22
2026_02_WAS_DAL,202609200dal,2026,REG,2,Fabian Moreau,MoreFa00,CB,WAS,DAL,0,0,0,0,4,0.15
2026_02_WAS_DAL,202609200dal,2026,REG,2,Lucas Patrick,PatrLu00,G,WAS,DAL,0,0,0,0,1,0.04
2026_03_ARI_SF,202609270sfo,2026,REG,3,Connor Colby,ColbCo00,OL,SF,ARI,54,1,0,0,6,0.19
2026_03_ARI_SF,202609270sfo,2026,REG,3,Dominick Puni,PuniDo00,OL,SF,ARI,54,1,0,0,6,0.19
2026_03_ARI_SF,202609270sfo,2026,REG,3,Colton McKivitz,McKiCo00,OL,SF,ARI,54,1,0,0,6,0.19
2026_03_ARI_SF,202609270sfo,2026,REG,3,Jake Brendel,BrenJa01,OL,SF,ARI,54,1,0,0,0,0
2026_03_ARI_SF,202609270sfo,2026,REG,3,Brock Purdy,PurdBr00,QB,SF,ARI,54,1,0,0,0,0
2026_03_ARI_SF,202609270sfo,2026,REG,3,George Kittle,KittGe00,TE,SF,ARI,46,0.85,0,0,0,0
2026_03_ARI_SF,202609270sfo,2026,REG,3,Christian McCaffrey,McCaCh01,RB,SF,ARI,45,0.83,0,0,1,0.03
2026_03_ARI_SF,202609270sfo,2026,REG,3,Deebo Samuel,SamuDe00,WR,SF,ARI,41,0.76,0,0,7,0.22
2026_03_ARI_SF,202609270sfo,2026,REG,3,Trent Williams,WillTr21,T,SF,ARI,32,0.59,0,0,0,0
2026_03_ARI_SF,202609270sfo,2026,REG,3,KhaDarel Hodge,HodgKh00,WR,SF,ARI,30,0.56,0,0,9,0.28
2026_03_ARI_SF,202609270sfo,2026,REG,3,Kyle Juszczyk,JuszKy00,FB,SF,ARI,30,0.56,0,0,3,0.09
2026_03_ARI_SF,202609270sfo,2026,REG,3,Vederian Lowe,LoweVe00,OL,SF,ARI,22,0.41,0,0,6,0.19
2026_03_ARI_SF,202609270sfo,2026,REG,3,Luke Farrell,FarrLu00,TE,SF,ARI,18,0.33,0,0,24,0.75
2026_03_ARI_SF,202609270sfo,2026,REG,3,Mike Evans,EvanMi00,WR,SF,ARI,18,0.33,0,0,0,0
2026_03_ARI_SF,202609270sfo,2026,REG,3,Jacob Cowing,CowiJa00,WR,SF,ARI,17,0.31,0,0,5,0.16
2026_03_ARI_SF,202609270sfo,2026,REG,3,Jordan Watkins,WatkJo00,WR,SF,ARI,15,0.28,0,0,1,0.03
2026_03_ARI_SF,202609270sfo,2026,REG,3,Kaelon Black,BlacKa00,RB,SF,ARI,8,0.15,0,0,0,0
2026_03_ARI_SF,202609270sfo,2026,REG,3,Brayden Willis,WillBr06,TE,SF,ARI,2,0.04,0,0,25,0.78
2026_03_ARI_SF,202609270sfo,2026,REG,3,Fred Warner,WarnFr00,LB,SF,ARI,0,0,87,1,8,0.25
2026_03_ARI_SF,202609270sfo,2026,REG,3,Ji'Ayir Brown,BrowJi01,S,SF,ARI,0,0,83,0.95,6,0.19
2026_03_ARI_SF,202609270sfo,2026,REG,3,Renardo Green,GreeRe00,CB,SF,ARI,0,0,78,0.9,1,0.03
2026_03_ARI_SF,202609270sfo,2026,REG,3,Marques Sigle,SiglMa00,S,SF,ARI,0,0,72,0.83,13,0.41
2026_03_ARI_SF,202609270sfo,2026,REG,3,Deommodore Lenoir,LenoDe00,DB,SF,ARI,0,0,72,0.83,5,0.16
2026_03_ARI_SF,202609270sfo,2026,REG,3,Osa Odighizuwa,OdigOs00,DL,SF,ARI,0,0,71,0.82,7,0.22
2026_03_ARI_SF,202609270sfo,2026,REG,3,Dre Greenlaw,GreeDr00,LB,SF,ARI,0,0,62,0.71,1,0.03
2026_03_ARI_SF,202609270sfo,2026,REG,3,Keion White,WhitKe03,DL,SF,ARI,0,0,60,0.69,7,0.22
2026_03_ARI_SF,202609270sfo,2026,REG,3,Upton Stout,StouUp00,CB,SF,ARI,0,0,55,0.63,2,0.06
2026_03_ARI_SF,202609270sfo,2026,REG,3,Khalid Kareem,KareKh00,DL,SF,ARI,0,0,54,0.62,4,0.12
2026_03_ARI_SF,202609270sfo,2026,REG,3,Ogbonnia Okoronkwo,OkorOg00,DL,SF,ARI,0,0,48,0.55,1,0.03
2026_03_ARI_SF,202609270sfo,2026,REG,3,Jaden Dugger,DuggJa00,LB,SF,ARI,0,0,33,0.38,20,0.62
2026_03_ARI_SF,202609270sfo,2026,REG,3,Sebastian Valdez,ValdSe00,DL,SF,ARI,0,0,32,0.37,6,0.19
2026_03_ARI_SF,202609270sfo,2026,REG,3,Gracen Halton,HaltGr00,DL,SF,ARI,0,0,30,0.34,3,0.09
2026_03_ARI_SF,202609270sfo,2026,REG,3,Jack Jones,JoneJa10,CB,SF,ARI,0,0,28,0.32,3,0.09
2026_03_ARI_SF,202609270sfo,2026,REG,3,Garret Wallow,WallGa00,LB,SF,ARI,0,0,21,0.24,24,0.75
2026_03_ARI_SF,202609270sfo,2026,REG,3,Kevin Givens,GiveKe01,DL,SF,ARI,0,0,21,0.24,3,0.09
2026_03_ARI_SF,202609270sfo,2026,REG,3,Malik Mustapha,MustMa00,S,SF,ARI,0,0,19,0.22,13,0.41
2026_03_ARI_SF,202609270sfo,2026,REG,3,Naquan Jones,JoneNa01,DL,SF,ARI,0,0,18,0.21,0,0
2026_03_ARI_SF,202609270sfo,2026,REG,3,Viliami Fehoko,FehoVi00,DL,SF,ARI,0,0,13,0.15,0,0
2026_03_ARI_SF,202609270sfo,2026,REG,3,Luke Gifford,GiffLu00,LB,SF,ARI,0,0,0,0,25,0.78
2026_03_ARI_SF,202609270sfo,2026,REG,3,Ashtyn Davis,DaviAs00,S,SF,ARI,0,0,0,0,25,0.78
2026_03_ARI_SF,202609270sfo,2026,REG,3,Siran Neal,NealSi00,DB,SF,ARI,0,0,0,0,24,0.75
2026_03_ARI_SF,202609270sfo,2026,REG,3,Eddy Piñeiro,PineEd00,K,SF,ARI,0,0,0,0,12,0.38
2026_03_ARI_SF,202609270sfo,2026,REG,3,Corliss Waitman,WaitCo00,P,SF,ARI,0,0,0,0,9,0.28
2026_03_ARI_SF,202609270sfo,2026,REG,3,Jordan James,JameJo01,RB,SF,ARI,0,0,0,0,9,0.28
2026_03_ARI_SF,202609270sfo,2026,REG,3,Jon Weeks,WeekJo00,LS,SF,ARI,0,0,0,0,9,0.28
2026_03_ARI_SF,202609270sfo,2026,REG,3,Jarrett Patterson,PattJa03,OL,SF,ARI,0,0,0,0,6,0.19
2026_03_ARI_SF,202609270sfo,2026,REG,3,Carver Willis,WillCa05,OL,SF,ARI,0,0,0,0,6,0.19
2026_03_ARI_SF,202609270sfo,2026,REG,3,Isaiah Adams,AdamIs01,OL,ARI,SF,87,1,0,0,6,0.19
2026_03_ARI_SF,202609270sfo,2026,REG,3,Paris Johnson,JohnPa03,OL,ARI,SF,87,1,0,0,6,0.19
2026_03_ARI_SF,202609270sfo,2026,REG,3,Isaac Seumalo,SeumIs00,OL,ARI,SF,87,1,0,0,6,0.19
2026_03_ARI_SF,202609270sfo,2026,REG,3,Elijah Wilkinson,WilkEl00,OL,ARI,SF,87,1,0,0,6,0.19
2026_03_ARI_SF,202609270sfo,2026,REG,3,Hjalte Froholdt,FrohHj00,OL,ARI,SF,87,1,0,0,0,0
2026_03_ARI_SF,202609270sfo,2026,REG,3,Jacoby Brissett,BrisJa00,QB,ARI,SF,87,1,0,0,0,0
2026_03_ARI_SF,202609270sfo,2026,REG,3,Michael Wilson,WilsMi02,WR,ARI,SF,81,0.93,0,0,0,0
2026_03_ARI_SF,202609270sfo,2026,REG,3,Trey McBride,McBrTr01,TE,ARI,SF,79,0.91,0,0,0,0
2026_03_ARI_SF,202609270sfo,2026,REG,3,Marvin Harrison Jr.,HarrMa09,WR,ARI,SF,67,0.77,0,0,0,0
2026_03_ARI_SF,202609270sfo,2026,REG,3,Jeremiyah Love,LoveJe00,RB,ARI,SF,56,0.64,0,0,0,0
2026_03_ARI_SF,202609270sfo,2026,REG,3,Kendrick Bourne,BourKe00,WR,ARI,SF,48,0.55,0,0,0,0
2026_03_ARI_SF,202609270sfo,2026,REG,3,Elijah Higgins,HiggEl00,TE,ARI,SF,35,0.4,0,0,17,0.53
2026_03_ARI_SF,202609270sfo,2026,REG,3,Tyler Allgeier,AllgTy00,RB,ARI,SF,31,0.36,0,0,0,0
2026_03_ARI_SF,202609270sfo,2026,REG,3,Hunter Long,LongHu00,TE,ARI,SF,30,0.34,0,0,16,0.5
2026_03_ARI_SF,202609270sfo,2026,REG,3,Jalen Brooks,BrooJa03,WR,ARI,SF,4,0.05,0,0,17,0.53
2026_03_ARI_SF,202609270sfo,2026,REG,3,Jayden Williams,WillJa16,OL,ARI,SF,4,0.05,0,0,6,0.19
2026_03_ARI_SF,202609270sfo,2026,REG,3,Andrew Wingard,WingAn01,S,ARI,SF,0,0,54,1,4,0.12
2026_03_ARI_SF,202609270sfo,2026,REG,3,Budda Baker,BakeBu00,S,ARI,SF,0,0,54,1,0,0
2026_03_ARI_SF,202609270sfo,2026,REG,3,Max Melton,MeltMa00,CB,ARI,SF,0,0,53,0.98,7,0.22
2026_03_ARI_SF,202609270sfo,2026,REG,3,Denzel Burke,BurkDe01,CB,ARI,SF,0,0,53,0.98,0,0
2026_03_ARI_SF,202609270sfo,2026,REG,3,Mack Wilson,WilsMa03,LB,ARI,SF,0,0,52,0.96,0,0
2026_03_ARI_SF,202609270sfo,2026,REG,3,Jack Gibbens,GibbJa00,LB,ARI,SF,0,0,50,0.93,3,0.09
2026_03_ARI_SF,202609270sfo,2026,REG,3,Roy Lopez,LopeRo00,DL,ARI,SF,0,0,34,0.63,0,0
2026_03_ARI_SF,202609270sfo,2026,REG,3,Walter Nolen,NoleWa00,DL,ARI,SF,0,0,34,0.63,0,0
2026_03_ARI_SF,202609270sfo,2026,REG,3,Dante Stills,StilDa01,DT,ARI,SF,0,0,30,0.56,6,0.19
2026_03_ARI_SF,202609270sfo,2026,REG,3,Baron Browning,BrowBa01,LB,ARI,SF,0,0,27,0.5,3,0.09
2026_03_ARI_SF,202609270sfo,2026,REG,3,Jordan Burch,BurcJo00,LB,ARI,SF,0,0,24,0.44,21,0.66
2026_03_ARI_SF,202609270sfo,2026,REG,3,Josh Sweat,SweaJo00,LB,ARI,SF,0,0,24,0.44,0,0
2026_03_ARI_SF,202609270sfo,2026,REG,3,Zaven Collins,CollZa00,LB,ARI,SF,0,0,23,0.43,10,0.31
2026_03_ARI_SF,202609270sfo,2026,REG,3,L.J. Collier,CollLJ00,DL,ARI,SF,0,0,20,0.37,6,0.19
2026_03_ARI_SF,202609270sfo,2026,REG,3,Garrett Williams,WillGa00,CB,ARI,SF,0,0,19,0.35,0,0
2026_03_ARI_SF,202609270sfo,2026,REG,3,Darius Robinson,RobiDa01,DL,ARI,SF,0,0,17,0.31,6,0.19
2026_03_ARI_SF,202609270sfo,2026,REG,3,Wydett Williams,WillWy00,S,ARI,SF,0,0,12,0.22,16,0.5
2026_03_ARI_SF,202609270sfo,2026,REG,3,Eku Leota,LeotEk00,LB,ARI,SF,0,0,11,0.2,21,0.66
2026_03_ARI_SF,202609270sfo,2026,REG,3,Cody Simon,SimoCo01,LB,ARI,SF,0,0,2,0.04,26,0.81
2026_03_ARI_SF,202609270sfo,2026,REG,3,Kei'Trel Clark,ClarKe02,CB,ARI,SF,0,0,1,0.02,16,0.5
2026_03_ARI_SF,202609270sfo,2026,REG,3,Karson Sharar,SharKa00,LB,ARI,SF,0,0,0,0,26,0.81
2026_03_ARI_SF,202609270sfo,2026,REG,3,Simi Fehoko,FehoSi00,WR,ARI,SF,0,0,0,0,20,0.62
2026_03_ARI_SF,202609270sfo,2026,REG,3,Kalen King,KingKa00,CB,ARI,SF,0,0,0,0,16,0.5
2026_03_ARI_SF,202609270sfo,2026,REG,3,Chad Ryland,RylaCh00,K,ARI,SF,0,0,0,0,13,0.41
2026_03_ARI_SF,202609270sfo,2026,REG,3,Casey Kreiter,KreiCa00,LS,ARI,SF,0,0,0,0,10,0.31
2026_03_ARI_SF,202609270sfo,2026,REG,3,Blake Gillikin,GillBl00,P,ARI,SF,0,0,0,0,10,0.31
2026_03_ARI_SF,202609270sfo,2026,REG,3,Devin Duvernay,DuveDe00,WR,ARI,SF,0,0,0,0,9,0.28
2026_03_ARI_SF,202609270sfo,2026,REG,3,Zonovan Knight,KnigZo00,RB,ARI,SF,0,0,0,0,8,0.25
2026_03_ARI_SF,202609270sfo,2026,REG,3,Hayden Conner,ConnHa00,OL,ARI,SF,0,0,0,0,6,0.19
2026_03_ARI_SF,202609270sfo,2026,REG,3,Jon Gaines,GainJo00,OL,ARI,SF,0,0,0,0,6,0.19
2026_03_ARI_SF,202609270sfo,2026,REG,3,Starling Thomas,ThomSt01,CB,ARI,SF,0,0,0,0,3,0.09
2026_03_ATL_GB,202609240gnb,2026,REG,3,Anthony Belton,BeltAn00,T,GB,ATL,66,1,0,0,3,0.12
2026_03_ATL_GB,202609240gnb,2026,REG,3,Sean Rhyan,RhyaSe00,C,GB,ATL,66,1,0,0,3,0.12
2026_03_ATL_GB,202609240gnb,2026,REG,3,Jordan Morgan,MorgJo03,T,GB,ATL,66,1,0,0,3,0.12
2026_03_ATL_GB,202609240gnb,2026,REG,3,Jordan Love,LoveJo03,QB,GB,ATL,66,1,0,0,0,0
2026_03_ATL_GB,202609240gnb,2026,REG,3,Jager Burton,BurtJa02,C,GB,ATL,66,1,0,0,0,0
2026_03_ATL_GB,202609240gnb,2026,REG,3,Jacob Monk,MonkJa00,C,GB,ATL,59,0.89,0,0,3,0.12
2026_03_ATL_GB,202609240gnb,2026,REG,3,Matthew Golden,GoldMa02,WR,GB,ATL,54,0.82,0,0,0,0
2026_03_ATL_GB,202609240gnb,2026,REG,3,Christian Watson,WatsCh00,WR,GB,ATL,53,0.8,0,0,0,0
2026_03_ATL_GB,202609240gnb,2026,REG,3,Tucker Kraft,KrafTu00,TE,GB,ATL,50,0.76,0,0,0,0
2026_03_ATL_GB,202609240gnb,2026,REG,3,Skyy Moore,MoorSk01,WR,GB,ATL,34,0.52,0,0,9,0.36
2026_03_ATL_GB,202609240gnb,2026,REG,3,Chris Brooks,BrooCh00,RB,GB,ATL,27,0.41,0,0,15,0.6
2026_03_ATL_GB,202609240gnb,2026,REG,3,Kaleb Johnson,JohnKa03,RB,GB,ATL,24,0.36,0,0,0,0
2026_03_ATL_GB,202609240gnb,2026,REG,3,Jonnu Smith,SmitJo01,TE,GB,ATL,22,0.33,0,0,7,0.28
2026_03_ATL_GB,202609240gnb,2026,REG,3,Bo Melton,MeltBo00,WR,GB,ATL,21,0.32,0,0,21,0.84
2026_03_ATL_GB,202609240gnb,2026,REG,3,J. Michael Sturdivant,MichJ00,WR,GB,ATL,21,0.32,0,0,12,0.48
2026_03_ATL_GB,202609240gnb,2026,REG,3,MarShawn Lloyd,LloyMa00,RB,GB,ATL,15,0.23,0,0,0,0
2026_03_ATL_GB,202609240gnb,2026,REG,3,Mark Redman,RedmMa00,TE,GB,ATL,8,0.12,0,0,6,0.24
2026_03_ATL_GB,202609240gnb,2026,REG,3,Donovan Jennings,JennDo00,G,GB,ATL,7,0.11,0,0,0,0
2026_03_ATL_GB,202609240gnb,2026,REG,3,Josh Whyle,WhylJo01,TE,GB,ATL,1,0.02,0,0,13,0.52
2026_03_ATL_GB,202609240gnb,2026,REG,3,Evan Williams,WillEv00,S,GB,ATL,0,0,71,1,8,0.32
2026_03_ATL_GB,202609240gnb,2026,REG,3,Xavier McKinney,McKiXa00,S,GB,ATL,0,0,71,1,5,0.2
2026_03_ATL_GB,202609240gnb,2026,REG,3,Zaire Franklin,FranZa00,LB,GB,ATL,0,0,71,1,0,0
2026_03_ATL_GB,202609240gnb,2026,REG,3,Brandon Cisse,CissBr00,CB,GB,ATL,0,0,70,0.99,0,0
2026_03_ATL_GB,202609240gnb,2026,REG,3,Keisean Nixon,NixoKe00,CB,GB,ATL,0,0,70,0.99,0,0
2026_03_ATL_GB,202609240gnb,2026,REG,3,Edgerrin Cooper,CoopEd00,LB,GB,ATL,0,0,54,0.76,0,0
2026_03_ATL_GB,202609240gnb,2026,REG,3,Lukas Van Ness,VanNLu00,DE,GB,ATL,0,0,49,0.69,0,0
2026_03_ATL_GB,202609240gnb,2026,REG,3,Javon Bullard,BullJa00,S,GB,ATL,0,0,46,0.65,5,0.2
2026_03_ATL_GB,202609240gnb,2026,REG,3,Karl Brooks,BrooKa00,DT,GB,ATL,0,0,43,0.61,11,0.44
2026_03_ATL_GB,202609240gnb,2026,REG,3,Dani Dennis-Sutton,DennDa01,DE,GB,ATL,0,0,39,0.55,8,0.32
2026_03_ATL_GB,202609240gnb,2026,REG,3,Devonte Wyatt,WyatDe00,DT,GB,ATL,0,0,34,0.48,0,0
2026_03_ATL_GB,202609240gnb,2026,REG,3,Javon Hargrave,HargJa00,DT,GB,ATL,0,0,33,0.46,0,0
2026_03_ATL_GB,202609240gnb,2026,REG,3,Barryn Sorrell,SorrBa00,DE,GB,ATL,0,0,29,0.41,14,0.56
2026_03_ATL_GB,202609240gnb,2026,REG,3,Chris McClellan,McClCh01,DT,GB,ATL,0,0,29,0.41,6,0.24
2026_03_ATL_GB,202609240gnb,2026,REG,3,Jonathan Ford,FordJo00,DT,GB,ATL,0,0,28,0.39,4,0.16
2026_03_ATL_GB,202609240gnb,2026,REG,3,Brenton Cox,CoxxBr02,DE,GB,ATL,0,0,25,0.35,0,0
2026_03_ATL_GB,202609240gnb,2026,REG,3,Isaiah McDuffie,McDuIs00,LB,GB,ATL,0,0,18,0.25,22,0.88
2026_03_ATL_GB,202609240gnb,2026,REG,3,Ty'Ron Hopper,HoppTy00,LB,GB,ATL,0,0,1,0.01,22,0.88
2026_03_ATL_GB,202609240gnb,2026,REG,3,Nick Niemann,NiemNi00,LB,GB,ATL,0,0,0,0,22,0.88
2026_03_ATL_GB,202609240gnb,2026,REG,3,Kitan Oladapo,OladKi00,S,GB,ATL,0,0,0,0,12,0.48
2026_03_ATL_GB,202609240gnb,2026,REG,3,Benjamin St-Juste,StJuBe00,CB,GB,ATL,0,0,0,0,11,0.44
2026_03_ATL_GB,202609240gnb,2026,REG,3,Matthew Orzech,OrzeMa00,LS,GB,ATL,0,0,0,0,8,0.32
2026_03_ATL_GB,202609240gnb,2026,REG,3,Daniel Whelan,WhelDa00,P,GB,ATL,0,0,0,0,8,0.32
2026_03_ATL_GB,202609240gnb,2026,REG,3,Trey Smack,SmacTr00,K,GB,ATL,0,0,0,0,6,0.24
2026_03_ATL_GB,202609240gnb,2026,REG,3,Kamal Hadden,HaddKa00,CB,GB,ATL,0,0,0,0,5,0.2
2026_03_ATL_GB,202609240gnb,2026,REG,3,John Williams,WillJo11,G,GB,ATL,0,0,0,0,3,0.12
2026_03_ATL_GB,202609240gnb,2026,REG,3,Matthew Bergeron,BergMa00,OL,ATL,GB,71,1,0,0,5,0.2
2026_03_ATL_GB,202609240gnb,2026,REG,3,Jake Matthews,MattJa00,T,ATL,GB,71,1,0,0,5,0.2
2026_03_ATL_GB,202609240gnb,2026,REG,3,Ryan Neuzil,NeuzRy00,OL,ATL,GB,71,1,0,0,5,0.2
2026_03_ATL_GB,202609240gnb,2026,REG,3,Chris Lindstrom,LindCh00,G,ATL,GB,71,1,0,0,0,0
2026_03_ATL_GB,202609240gnb,2026,REG,3,Jawaan Taylor,TaylJa02,T,ATL,GB,71,1,0,0,0,0
2026_03_ATL_GB,202609240gnb,2026,REG,3,Michael Penix,PeniMi00,QB,ATL,GB,71,1,0,0,0,0
2026_03_ATL_GB,202609240gnb,2026,REG,3,Drake London,LondDr00,WR,ATL,GB,66,0.93,0,0,0,0
2026_03_ATL_GB,202609240gnb,2026,REG,3,Bijan Robinson,RobiBi01,RB,ATL,GB,51,0.72,0,0,0,0
2026_03_ATL_GB,202609240gnb,2026,REG,3,Jahan Dotson,DotsJa00,WR,ATL,GB,47,0.66,0,0,0,0
2026_03_ATL_GB,202609240gnb,2026,REG,3,Charlie Woerner,WoerCh00,TE,ATL,GB,43,0.61,0,0,10,0.4
2026_03_ATL_GB,202609240gnb,2026,REG,3,Kyle Pitts,PittKy00,TE,ATL,GB,42,0.59,0,0,0,0
2026_03_ATL_GB,202609240gnb,2026,REG,3,Olamide Zaccheaus,ZaccOl01,WR,ATL,GB,24,0.34,0,0,3,0.12
2026_03_ATL_GB,202609240gnb,2026,REG,3,Brian Robinson Jr.,RobiBr01,RB,ATL,GB,19,0.27,0,0,3,0.12
2026_03_ATL_GB,202609240gnb,2026,REG,3,Nick Muse,MuseNi00,TE,ATL,GB,17,0.24,0,0,21,0.84
2026_03_ATL_GB,202609240gnb,2026,REG,3,Austin Hooper,HoopAu00,TE,ATL,GB,16,0.23,0,0,3,0.12
2026_03_ATL_GB,202609240gnb,2026,REG,3,Chris Blair,BlaiCh00,WR,ATL,GB,13,0.18,0,0,14,0.56
2026_03_ATL_GB,202609240gnb,2026,REG,3,Zachariah Branch,BranZa00,WR,ATL,GB,13,0.18,0,0,5,0.2
2026_03_ATL_GB,202609240gnb,2026,REG,3,Corey Levin,LeviCo00,C,ATL,GB,2,0.03,0,0,5,0.2
2026_03_ATL_GB,202609240gnb,2026,REG,3,Michael Jerrell,JerrMi00,OL,ATL,GB,1,0.01,0,0,5,0.2
2026_03_ATL_GB,202609240gnb,2026,REG,3,Kyle Hinton,HintKy00,OL,ATL,GB,1,0.01,0,0,5,0.2
2026_03_ATL_GB,202609240gnb,2026,REG,3,Xavier Watts,WattXa00,S,ATL,GB,0,0,66,1,8,0.32
2026_03_ATL_GB,202609240gnb,2026,REG,3,Divine Deablo,DeabDi00,LB,ATL,GB,0,0,66,1,5,0.2
2026_03_ATL_GB,202609240gnb,2026,REG,3,Jessie Bates III,BateJe00,S,ATL,GB,0,0,65,0.98,0,0
2026_03_ATL_GB,202609240gnb,2026,REG,3,C.J. Henderson,HendCJ00,CB,ATL,GB,0,0,63,0.95,3,0.12
2026_03_ATL_GB,202609240gnb,2026,REG,3,Mike Hughes,HughMi00,CB,ATL,GB,0,0,56,0.85,0,0
2026_03_ATL_GB,202609240gnb,2026,REG,3,Cameron Thomas,ThomCa03,DE,ATL,GB,0,0,45,0.68,0,0
2026_03_ATL_GB,202609240gnb,2026,REG,3,Harold Perkins,PerkHa01,LB,ATL,GB,0,0,43,0.65,15,0.6
2026_03_ATL_GB,202609240gnb,2026,REG,3,Brandon Dorlus,DorlBr00,DL,ATL,GB,0,0,43,0.65,0,0
2026_03_ATL_GB,202609240gnb,2026,REG,3,Billy Bowman,BowmBi01,CB,ATL,GB,0,0,43,0.65,0,0
2026_03_ATL_GB,202609240gnb,2026,REG,3,Maason Smith,SmitMa07,DL,ATL,GB,0,0,34,0.52,4,0.16
2026_03_ATL_GB,202609240gnb,2026,REG,3,Za'Darius Smith,SmitZa00,DE,ATL,GB,0,0,33,0.5,0,0
2026_03_ATL_GB,202609240gnb,2026,REG,3,Gervon Dexter,DextGe00,DT,ATL,GB,0,0,30,0.45,4,0.16
2026_03_ATL_GB,202609240gnb,2026,REG,3,Kendal Daniels,DaniKe00,LB,ATL,GB,0,0,25,0.38,8,0.32
2026_03_ATL_GB,202609240gnb,2026,REG,3,Bralen Trice,TricBr00,DE,ATL,GB,0,0,21,0.32,1,0.04
2026_03_ATL_GB,202609240gnb,2026,REG,3,Zach Harrison,HarrZa00,DL,ATL,GB,0,0,19,0.29,5,0.2
2026_03_ATL_GB,202609240gnb,2026,REG,3,LaCale London,LondLa00,DL,ATL,GB,0,0,19,0.29,4,0.16
2026_03_ATL_GB,202609240gnb,2026,REG,3,Sydney Brown,BrowSy00,DB,ATL,GB,0,0,18,0.27,16,0.64
2026_03_ATL_GB,202609240gnb,2026,REG,3,Yasir Abdullah,AbduYa00,LB,ATL,GB,0,0,15,0.23,15,0.6
2026_03_ATL_GB,202609240gnb,2026,REG,3,Avieon Terrell,TerrAv00,CB,ATL,GB,0,0,13,0.2,0,0
2026_03_ATL_GB,202609240gnb,2026,REG,3,Jared Ivey,IveyJa00,LB,ATL,GB,0,0,8,0.12,0,0
2026_03_ATL_GB,202609240gnb,2026,REG,3,DeMarcco Hellams,HellDe00,S,ATL,GB,0,0,1,0.02,20,0.8
2026_03_ATL_GB,202609240gnb,2026,REG,3,Josh Woods,WoodJo02,LB,ATL,GB,0,0,0,0,20,0.8
2026_03_ATL_GB,202609240gnb,2026,REG,3,Mike Ford,FordMi01,CB,ATL,GB,0,0,0,0,17,0.68
2026_03_ATL_GB,202609240gnb,2026,REG,3,Christian Harris,HarrCh06,LB,ATL,GB,0,0,0,0,14,0.56
2026_03_ATL_GB,202609240gnb,2026,REG,3,Nick Folk,FolkNi20,K,ATL,GB,0,0,0,0,12,0.48
2026_03_ATL_GB,202609240gnb,2026,REG,3,Liam McCullough,McCuLi00,LS,ATL,GB,0,0,0,0,7,0.28
2026_03_ATL_GB,202609240gnb,2026,REG,3,Jake Bailey,BailJa00,P,ATL,GB,0,0,0,0,7,0.28
2026_03_BAL_DAL,202609270dal,2026,REG,3,Tyler Guyton,GuytTy00,T,DAL,BAL,74,1,0,0,6,0.2
2026_03_BAL_DAL,202609270dal,2026,REG,3,T.J. Bass,BassTJ00,G,DAL,BAL,74,1,0,0,6,0.2
2026_03_BAL_DAL,202609270dal,2026,REG,3,Tyler Booker,BookTy00,G,DAL,BAL,74,1,0,0,6,0.2
2026_03_BAL_DAL,202609270dal,2026,REG,3,Cooper Beebe,BeebCo00,C,DAL,BAL,74,1,0,0,0,0
2026_03_BAL_DAL,202609270dal,2026,REG,3,Dak Prescott,PresDa01,QB,DAL,BAL,74,1,0,0,0,0
2026_03_BAL_DAL,202609270dal,2026,REG,3,Terence Steele,SteeTe01,T,DAL,BAL,73,0.99,0,0,5,0.17
2026_03_BAL_DAL,202609270dal,2026,REG,3,George Pickens,PickGe00,WR,DAL,BAL,63,0.85,0,0,0,0
2026_03_BAL_DAL,202609270dal,2026,REG,3,CeeDee Lamb,LambCe00,WR,DAL,BAL,61,0.82,0,0,0,0
2026_03_BAL_DAL,202609270dal,2026,REG,3,Javonte Williams,WillJa10,RB,DAL,BAL,56,0.76,0,0,0,0
2026_03_BAL_DAL,202609270dal,2026,REG,3,Jake Ferguson,FergJa00,TE,DAL,BAL,51,0.69,0,0,0,0
2026_03_BAL_DAL,202609270dal,2026,REG,3,Ryan Flournoy,FlouRy00,WR,DAL,BAL,49,0.66,0,0,0,0
2026_03_BAL_DAL,202609270dal,2026,REG,3,Brevyn Spann-Ford,SpanBr00,TE,DAL,BAL,28,0.38,0,0,16,0.53
2026_03_BAL_DAL,202609270dal,2026,REG,3,Luke Schoonmaker,SchoLu00,TE,DAL,BAL,16,0.22,0,0,14,0.47
2026_03_BAL_DAL,202609270dal,2026,REG,3,Jonathan Mingo,MingJo00,WR,DAL,BAL,13,0.18,0,0,10,0.33
2026_03_BAL_DAL,202609270dal,2026,REG,3,KaVontae Turpin,TurpKa00,WR,DAL,BAL,12,0.16,0,0,9,0.3
2026_03_BAL_DAL,202609270dal,2026,REG,3,Tyler Goodson,GoodTy00,RB,DAL,BAL,11,0.15,0,0,0,0
2026_03_BAL_DAL,202609270dal,2026,REG,3,Hunter Luepke,LuepHu00,FB,DAL,BAL,10,0.14,0,0,18,0.6
2026_03_BAL_DAL,202609270dal,2026,REG,3,Broderick Jones,JoneBr09,T,DAL,BAL,1,0.01,0,0,6,0.2
2026_03_BAL_DAL,202609270dal,2026,REG,3,Caleb Downs,DownCa00,DB,DAL,BAL,0,0,64,1,7,0.23
2026_03_BAL_DAL,202609270dal,2026,REG,3,DaRon Bland,BlanDa00,CB,DAL,BAL,0,0,64,1,0,0
2026_03_BAL_DAL,202609270dal,2026,REG,3,Donovan Ezeiruaku,EzeiDo00,LB,DAL,BAL,0,0,50,0.78,6,0.2
2026_03_BAL_DAL,202609270dal,2026,REG,3,Jaishawn Barham,BarhJa01,LB,DAL,BAL,0,0,50,0.78,0,0
2026_03_BAL_DAL,202609270dal,2026,REG,3,Quinnen Williams,WillQu00,DT,DAL,BAL,0,0,48,0.75,6,0.2
2026_03_BAL_DAL,202609270dal,2026,REG,3,Rashan Gary,GaryRa00,LB,DAL,BAL,0,0,48,0.75,0,0
2026_03_BAL_DAL,202609270dal,2026,REG,3,Kenny Clark,ClarKe01,DT,DAL,BAL,0,0,45,0.7,0,0
2026_03_BAL_DAL,202609270dal,2026,REG,3,Markquese Bell,BellMa01,S,DAL,BAL,0,0,44,0.69,6,0.2
2026_03_BAL_DAL,202609270dal,2026,REG,3,Dee Winters,WintDe00,LB,DAL,BAL,0,0,44,0.69,0,0
2026_03_BAL_DAL,202609270dal,2026,REG,3,Shavon Revel,ReveSh00,CB,DAL,BAL,0,0,43,0.67,0,0
2026_03_BAL_DAL,202609270dal,2026,REG,3,Otito Ogbonnia,OgboOt00,DT,DAL,BAL,0,0,40,0.62,6,0.2
2026_03_BAL_DAL,202609270dal,2026,REG,3,Jalen Thompson,ThomJa04,S,DAL,BAL,0,0,27,0.42,0,0
2026_03_BAL_DAL,202609270dal,2026,REG,3,Jonathan Bullard,BullJo00,DT,DAL,BAL,0,0,23,0.36,0,0
2026_03_BAL_DAL,202609270dal,2026,REG,3,Shemar James,JameSh00,LB,DAL,BAL,0,0,21,0.33,24,0.8
2026_03_BAL_DAL,202609270dal,2026,REG,3,Alijah Clark,ClarAl01,S,DAL,BAL,0,0,20,0.31,15,0.5
2026_03_BAL_DAL,202609270dal,2026,REG,3,Malachi Lawrence,LawrMa01,LB,DAL,BAL,0,0,17,0.27,13,0.43
2026_03_BAL_DAL,202609270dal,2026,REG,3,Caelen Carson,CarsCa01,CB,DAL,BAL,0,0,17,0.27,12,0.4
2026_03_BAL_DAL,202609270dal,2026,REG,3,Von Miller,MillVo00,LB,DAL,BAL,0,0,16,0.25,0,0
2026_03_BAL_DAL,202609270dal,2026,REG,3,LT Overton,OverLT00,DT,DAL,BAL,0,0,15,0.23,6,0.2
2026_03_BAL_DAL,202609270dal,2026,REG,3,Ameer Speed,SpeeAm00,CB,DAL,BAL,0,0,4,0.06,24,0.8
2026_03_BAL_DAL,202609270dal,2026,REG,3,Tyrus Wheat,WheaTy02,LB,DAL,BAL,0,0,2,0.03,18,0.6
2026_03_BAL_DAL,202609270dal,2026,REG,3,Reddy Steward,StewRe00,CB,DAL,BAL,0,0,2,0.03,13,0.43
2026_03_BAL_DAL,202609270dal,2026,REG,3,Justin Barron,BarrJu00,LB,DAL,BAL,0,0,0,0,21,0.7
2026_03_BAL_DAL,202609270dal,2026,REG,3,James Houston,HousJa01,LB,DAL,BAL,0,0,0,0,16,0.53
2026_03_BAL_DAL,202609270dal,2026,REG,3,Brandon Aubrey,AubrBr00,K,DAL,BAL,0,0,0,0,13,0.43
2026_03_BAL_DAL,202609270dal,2026,REG,3,Bryan Anger,AngeBr00,P,DAL,BAL,0,0,0,0,8,0.27
2026_03_BAL_DAL,202609270dal,2026,REG,3,Trent Sieg,SiegTr00,LS,DAL,BAL,0,0,0,0,8,0.27
2026_03_BAL_DAL,202609270dal,2026,REG,3,Drew Shelton,ShelDr00,T,DAL,BAL,0,0,0,0,6,0.2
2026_03_BAL_DAL,202609270dal,2026,REG,3,Nick Leverett,LeveNi00,OL,DAL,BAL,0,0,0,0,6,0.2
2026_03_BAL_DAL,202609270dal,2026,REG,3,Carson Vinson,VinsCa00,T,BAL,DAL,64,1,0,0,6,0.2
2026_03_BAL_DAL,202609270dal,2026,REG,3,Roger Rosengarten,RoseRo01,T,BAL,DAL,64,1,0,0,6,0.2
2026_03_BAL_DAL,202609270dal,2026,REG,3,Olaivavega Ioane,IoanOl00,G,BAL,DAL,64,1,0,0,6,0.2
2026_03_BAL_DAL,202609270dal,2026,REG,3,John Simpson,SimpJo00,G,BAL,DAL,64,1,0,0,0,0
2026_03_BAL_DAL,202609270dal,2026,REG,3,Lamar Jackson,JackLa00,QB,BAL,DAL,64,1,0,0,0,0
2026_03_BAL_DAL,202609270dal,2026,REG,3,Rashod Bateman,BateRa00,WR,BAL,DAL,56,0.88,0,0,0,0
2026_03_BAL_DAL,202609270dal,2026,REG,3,Jovaughn Gwyn,GwynJo00,OL,BAL,DAL,46,0.72,0,0,0,0
2026_03_BAL_DAL,202609270dal,2026,REG,3,Derrick Henry,HenrDe00,RB,BAL,DAL,43,0.67,0,0,0,0
2026_03_BAL_DAL,202609270dal,2026,REG,3,Durham Smythe,SmytDu00,TE,BAL,DAL,34,0.53,0,0,10,0.33
2026_03_BAL_DAL,202609270dal,2026,REG,3,Chris Moore,MoorCh00,WR,BAL,DAL,33,0.52,0,0,1,0.03
2026_03_BAL_DAL,202609270dal,2026,REG,3,Mark Andrews,AndrMa00,TE,BAL,DAL,33,0.52,0,0,0,0
2026_03_BAL_DAL,202609270dal,2026,REG,3,Matthew Hibner,HibnMa00,TE,BAL,DAL,32,0.5,0,0,8,0.27
2026_03_BAL_DAL,202609270dal,2026,REG,3,Justice Hill,HillJu00,RB,BAL,DAL,21,0.33,0,0,8,0.27
2026_03_BAL_DAL,202609270dal,2026,REG,3,Zay Flowers,FlowZa00,WR,BAL,DAL,21,0.33,0,0,0,0
2026_03_BAL_DAL,202609270dal,2026,REG,3,Devontez Walker,WalkDe01,WR,BAL,DAL,17,0.27,0,0,14,0.47
2026_03_BAL_DAL,202609270dal,2026,REG,3,Josh Cuevas,CuevJo00,TE,BAL,DAL,16,0.25,0,0,7,0.23
2026_03_BAL_DAL,202609270dal,2026,REG,3,LaJohntay Wester,WestLa01,WR,BAL,DAL,11,0.17,0,0,9,0.3
2026_03_BAL_DAL,202609270dal,2026,REG,3,Ethan Pocic,PociEt00,C,BAL,DAL,10,0.16,0,0,0,0
2026_03_BAL_DAL,202609270dal,2026,REG,3,Andrew Vorhees,VorhAn00,G,BAL,DAL,8,0.12,0,0,6,0.2
2026_03_BAL_DAL,202609270dal,2026,REG,3,Emery Jones,JoneEm02,G,BAL,DAL,3,0.05,0,0,6,0.2
2026_03_BAL_DAL,202609270dal,2026,REG,3,Roquan Smith,SmitRo07,LB,BAL,DAL,0,0,74,1,0,0
2026_03_BAL_DAL,202609270dal,2026,REG,3,Malaki Starks,StarMa00,S,BAL,DAL,0,0,73,0.99,16,0.53
2026_03_BAL_DAL,202609270dal,2026,REG,3,Nate Wiggins,WiggNa00,CB,BAL,DAL,0,0,69,0.93,0,0
2026_03_BAL_DAL,202609270dal,2026,REG,3,Kyle Hamilton,HamiKy00,S,BAL,DAL,0,0,67,0.91,0,0
2026_03_BAL_DAL,202609270dal,2026,REG,3,Marlon Humphrey,HumpMa00,CB,BAL,DAL,0,0,64,0.86,0,0
2026_03_BAL_DAL,202609270dal,2026,REG,3,Jaylinn Hawkins,HawkJa00,S,BAL,DAL,0,0,61,0.82,3,0.1
2026_03_BAL_DAL,202609270dal,2026,REG,3,Tavius Robinson,RobiTa00,LB,BAL,DAL,0,0,58,0.78,20,0.67
2026_03_BAL_DAL,202609270dal,2026,REG,3,Nnamdi Madubuike,MaduJu00,DL,BAL,DAL,0,0,47,0.64,0,0
2026_03_BAL_DAL,202609270dal,2026,REG,3,Trenton Simpson,SimpTr00,LB,BAL,DAL,0,0,46,0.62,15,0.5
2026_03_BAL_DAL,202609270dal,2026,REG,3,Trey Hendrickson,HendTr00,LB,BAL,DAL,0,0,45,0.61,0,0
2026_03_BAL_DAL,202609270dal,2026,REG,3,Travis Jones,JoneTr00,DL,BAL,DAL,0,0,42,0.57,10,0.33
2026_03_BAL_DAL,202609270dal,2026,REG,3,Chandler Rivers,RiveCh00,CB,BAL,DAL,0,0,32,0.43,14,0.47
2026_03_BAL_DAL,202609270dal,2026,REG,3,Calais Campbell,CampCa99,DL,BAL,DAL,0,0,32,0.43,12,0.4
2026_03_BAL_DAL,202609270dal,2026,REG,3,Broderick Washington Jr.,WashBr01,DL,BAL,DAL,0,0,26,0.35,10,0.33
2026_03_BAL_DAL,202609270dal,2026,REG,3,Zion Young,YounZi00,LB,BAL,DAL,0,0,26,0.35,1,0.03
2026_03_BAL_DAL,202609270dal,2026,REG,3,Mike Green,GreeMi02,LB,BAL,DAL,0,0,22,0.3,0,0
2026_03_BAL_DAL,202609270dal,2026,REG,3,Chidobe Awuzie,AwuzCh00,CB,BAL,DAL,0,0,15,0.2,0,0
2026_03_BAL_DAL,202609270dal,2026,REG,3,John Jenkins,JenkJo00,NT,BAL,DAL,0,0,12,0.16,0,0
2026_03_BAL_DAL,202609270dal,2026,REG,3,Teddye Buchanan,BuchTe00,LB,BAL,DAL,0,0,3,0.04,18,0.6
2026_03_BAL_DAL,202609270dal,2026,REG,3,Keondre Jackson,JackKe03,S,BAL,DAL,0,0,0,0,24,0.8
2026_03_BAL_DAL,202609270dal,2026,REG,3,Jay Higgins,HiggJa01,LB,BAL,DAL,0,0,0,0,24,0.8
2026_03_BAL_DAL,202609270dal,2026,REG,3,Ethan Burke,BurkEt00,LB,BAL,DAL,0,0,0,0,21,0.7
2026_03_BAL_DAL,202609270dal,2026,REG,3,Rasheen Ali,AlixRa00,RB,BAL,DAL,0,0,0,0,14,0.47
2026_03_BAL_DAL,202609270dal,2026,REG,3,Tyler Loop,LoopTy00,K,BAL,DAL,0,0,0,0,12,0.4
2026_03_BAL_DAL,202609270dal,2026,REG,3,Keyon Martin,MartKe03,CB,BAL,DAL,0,0,0,0,11,0.37
2026_03_BAL_DAL,202609270dal,2026,REG,3,Nick Moore,MoorNi00,LS,BAL,DAL,0,0,0,0,9,0.3
2026_03_BAL_DAL,202609270dal,2026,REG,3,Ryan Eckley,EcklRy00,P,BAL,DAL,0,0,0,0,9,0.3
2026_03_CAR_CLE,202609270cle,2026,REG,3,Austin Barber,BarbAu00,T,CLE,CAR,70,1,0,0,3,0.11
2026_03_CAR_CLE,202609270cle,2026,REG,3,Zion Johnson,JohnZi00,G,CLE,CAR,70,1,0,0,3,0.11
2026_03_CAR_CLE,202609270cle,2026,REG,3,Tytus Howard,HowaTy00,T,CLE,CAR,70,1,0,0,3,0.11
2026_03_CAR_CLE,202609270cle,2026,REG,3,Spencer Fano,FanoSp00,T,CLE,CAR,70,1,0,0,3,0.11
2026_03_CAR_CLE,202609270cle,2026,REG,3,Elgton Jenkins,JenkEl00,C,CLE,CAR,70,1,0,0,0,0
2026_03_CAR_CLE,202609270cle,2026,REG,3,Deshaun Watson,WatsDe00,QB,CLE,CAR,69,0.99,0,0,0,0
2026_03_CAR_CLE,202609270cle,2026,REG,3,Denzel Boston,BostDe00,WR,CLE,CAR,62,0.89,0,0,0,0
2026_03_CAR_CLE,202609270cle,2026,REG,3,KC Concepcion,ConcKC00,WR,CLE,CAR,60,0.86,0,0,3,0.11
2026_03_CAR_CLE,202609270cle,2026,REG,3,Harold Fannin,FannHa00,TE,CLE,CAR,60,0.86,0,0,0,0
2026_03_CAR_CLE,202609270cle,2026,REG,3,Quinshon Judkins,JudkQu00,RB,CLE,CAR,36,0.51,0,0,0,0
2026_03_CAR_CLE,202609270cle,2026,REG,3,Jerry Jeudy,JeudJe00,WR,CLE,CAR,36,0.51,0,0,0,0
2026_03_CAR_CLE,202609270cle,2026,REG,3,Raheim Sanders,SandRa00,RB,CLE,CAR,30,0.43,0,0,7,0.26
2026_03_CAR_CLE,202609270cle,2026,REG,3,Blake Whiteheart,WhitBl01,TE,CLE,CAR,27,0.39,0,0,15,0.56
2026_03_CAR_CLE,202609270cle,2026,REG,3,Michael Burton,BurtMi00,FB,CLE,CAR,15,0.21,0,0,12,0.44
2026_03_CAR_CLE,202609270cle,2026,REG,3,Tylan Wallace,WallTy00,WR,CLE,CAR,14,0.2,0,0,14,0.52
2026_03_CAR_CLE,202609270cle,2026,REG,3,Isaiah Bond,BondIs00,WR,CLE,CAR,5,0.07,0,0,0,0
2026_03_CAR_CLE,202609270cle,2026,REG,3,Jaleel McLaughlin,McLaJa00,RB,CLE,CAR,4,0.06,0,0,0,0
2026_03_CAR_CLE,202609270cle,2026,REG,3,Malachi Corley,CorlMa00,WR,CLE,CAR,1,0.01,0,0,17,0.63
2026_03_CAR_CLE,202609270cle,2026,REG,3,Shedeur Sanders,SandSh00,QB,CLE,CAR,1,0.01,0,0,0,0
2026_03_CAR_CLE,202609270cle,2026,REG,3,Grant Delpit,DelpGr00,S,CLE,CAR,0,0,77,1,4,0.15
2026_03_CAR_CLE,202609270cle,2026,REG,3,Ronnie Hickman,HickRo00,S,CLE,CAR,0,0,77,1,4,0.15
2026_03_CAR_CLE,202609270cle,2026,REG,3,Carson Schwesinger,SchwCa00,LB,CLE,CAR,0,0,77,1,4,0.15
2026_03_CAR_CLE,202609270cle,2026,REG,3,Denzel Ward,WardDe02,CB,CLE,CAR,0,0,76,0.99,4,0.15
2026_03_CAR_CLE,202609270cle,2026,REG,3,Mekhi Blackmon,BlacMe00,CB,CLE,CAR,0,0,76,0.99,4,0.15
2026_03_CAR_CLE,202609270cle,2026,REG,3,Quincy Williams,WillQu01,LB,CLE,CAR,0,0,74,0.96,0,0
2026_03_CAR_CLE,202609270cle,2026,REG,3,Myles Harden,HardMy00,CB,CLE,CAR,0,0,60,0.78,8,0.3
2026_03_CAR_CLE,202609270cle,2026,REG,3,Mason Graham,GrahMa00,DT,CLE,CAR,0,0,56,0.73,2,0.07
2026_03_CAR_CLE,202609270cle,2026,REG,3,Maliek Collins,CollMa00,DT,CLE,CAR,0,0,53,0.69,0,0
2026_03_CAR_CLE,202609270cle,2026,REG,3,Jared Verse,VersJa00,DE,CLE,CAR,0,0,52,0.68,4,0.15
2026_03_CAR_CLE,202609270cle,2026,REG,3,Isaiah McGuire,McGuIs00,DE,CLE,CAR,0,0,43,0.56,0,0
2026_03_CAR_CLE,202609270cle,2026,REG,3,Michael Hall,HallMi00,DT,CLE,CAR,0,0,38,0.49,1,0.04
2026_03_CAR_CLE,202609270cle,2026,REG,3,Derek Barnett,BarnDe01,DE,CLE,CAR,0,0,27,0.35,4,0.15
2026_03_CAR_CLE,202609270cle,2026,REG,3,Sam Williams,WillSa00,DE,CLE,CAR,0,0,22,0.29,8,0.3
2026_03_CAR_CLE,202609270cle,2026,REG,3,Emmanuel McNeil-Warren,McNeEm00,S,CLE,CAR,0,0,20,0.26,15,0.56
2026_03_CAR_CLE,202609270cle,2026,REG,3,Adin Huntington,HuntAd00,DE,CLE,CAR,0,0,17,0.22,17,0.63
2026_03_CAR_CLE,202609270cle,2026,REG,3,Noah Igbinoghene,IgbiNo00,CB,CLE,CAR,0,0,2,0.03,0,0
2026_03_CAR_CLE,202609270cle,2026,REG,3,Winston Reid,ReidWi01,LB,CLE,CAR,0,0,0,0,24,0.89
2026_03_CAR_CLE,202609270cle,2026,REG,3,Daniel Thomas,ThomDa07,S,CLE,CAR,0,0,0,0,20,0.74
2026_03_CAR_CLE,202609270cle,2026,REG,3,Donovan McMillon,McMiDo00,S,CLE,CAR,0,0,0,0,20,0.74
2026_03_CAR_CLE,202609270cle,2026,REG,3,Easton Mascarenas-Arnold,MascEa00,LB,CLE,CAR,0,0,0,0,20,0.74
2026_03_CAR_CLE,202609270cle,2026,REG,3,Carsen Ryan,RyanCa00,TE,CLE,CAR,0,0,0,0,16,0.59
2026_03_CAR_CLE,202609270cle,2026,REG,3,Rex Sunahara,SunaRe00,LS,CLE,CAR,0,0,0,0,8,0.3
2026_03_CAR_CLE,202609270cle,2026,REG,3,Andre Szmyt,SzmyAn00,K,CLE,CAR,0,0,0,0,8,0.3
2026_03_CAR_CLE,202609270cle,2026,REG,3,Corey Bojorquez,BojoCo00,P,CLE,CAR,0,0,0,0,8,0.3
2026_03_CAR_CLE,202609270cle,2026,REG,3,Toriano Pride,PridTo00,CB,CLE,CAR,0,0,0,0,4,0.15
2026_03_CAR_CLE,202609270cle,2026,REG,3,Dawand Jones,JoneDa07,T,CLE,CAR,0,0,0,0,3,0.11
2026_03_CAR_CLE,202609270cle,2026,REG,3,Luke Wypler,WyplLu00,C,CLE,CAR,0,0,0,0,3,0.11
2026_03_CAR_CLE,202609270cle,2026,REG,3,Zak Zinter,ZintZa00,G,CLE,CAR,0,0,0,0,3,0.11
2026_03_CAR_CLE,202609270cle,2026,REG,3,Robert Hunt,HuntRo01,G,CAR,CLE,77,1,0,0,4,0.15
2026_03_CAR_CLE,202609270cle,2026,REG,3,Monroe Freeling,FreeMo00,T,CAR,CLE,77,1,0,0,4,0.15
2026_03_CAR_CLE,202609270cle,2026,REG,3,Rasheed Walker,WalkRa00,T,CAR,CLE,77,1,0,0,4,0.15
2026_03_CAR_CLE,202609270cle,2026,REG,3,Bryce Young,YounBr01,QB,CAR,CLE,77,1,0,0,0,0
2026_03_CAR_CLE,202609270cle,2026,REG,3,Luke Fortner,FortLu01,C,CAR,CLE,77,1,0,0,0,0
2026_03_CAR_CLE,202609270cle,2026,REG,3,Tetairoa McMillan,McMiTe00,WR,CAR,CLE,73,0.95,0,0,0,0
2026_03_CAR_CLE,202609270cle,2026,REG,3,Chuba Hubbard,HubbCh01,RB,CAR,CLE,65,0.84,0,0,0,0
2026_03_CAR_CLE,202609270cle,2026,REG,3,Brycen Tremayne,TremBr00,WR,CAR,CLE,62,0.81,0,0,9,0.33
2026_03_CAR_CLE,202609270cle,2026,REG,3,Damien Lewis,LewiDa05,G,CAR,CLE,58,0.75,0,0,3,0.11
2026_03_CAR_CLE,202609270cle,2026,REG,3,John Metchie,MetcJo00,WR,CAR,CLE,43,0.56,0,0,0,0
2026_03_CAR_CLE,202609270cle,2026,REG,3,Darren Waller,WallDa01,TE,CAR,CLE,39,0.51,0,0,0,0
2026_03_CAR_CLE,202609270cle,2026,REG,3,Tommy Tremble,TremTo00,TE,CAR,CLE,37,0.48,0,0,8,0.3
2026_03_CAR_CLE,202609270cle,2026,REG,3,Jalen Coker,CokeJa01,WR,CAR,CLE,28,0.36,0,0,0,0
2026_03_CAR_CLE,202609270cle,2026,REG,3,Mitchell Evans,EvanMi01,TE,CAR,CLE,21,0.27,0,0,9,0.33
2026_03_CAR_CLE,202609270cle,2026,REG,3,Corey Bullock,BullCo00,T,CAR,CLE,19,0.25,0,0,4,0.15
2026_03_CAR_CLE,202609270cle,2026,REG,3,AJ Dillon,DillAJ00,RB,CAR,CLE,12,0.16,0,0,0,0
2026_03_CAR_CLE,202609270cle,2026,REG,3,David Moore,MoorDa03,WR,CAR,CLE,5,0.06,0,0,13,0.48
2026_03_CAR_CLE,202609270cle,2026,REG,3,Lathan Ransom,RansLa00,S,CAR,CLE,0,0,70,1,3,0.11
2026_03_CAR_CLE,202609270cle,2026,REG,3,Bobby Okereke,OkerBo00,LB,CAR,CLE,0,0,70,1,0,0
2026_03_CAR_CLE,202609270cle,2026,REG,3,Tre'von Moehrig,MoehTr00,S,CAR,CLE,0,0,70,1,0,0
2026_03_CAR_CLE,202609270cle,2026,REG,3,Will Lee,LeexWi00,CB,CAR,CLE,0,0,64,0.91,5,0.19
2026_03_CAR_CLE,202609270cle,2026,REG,3,Jaycee Horn,HornJa00,CB,CAR,CLE,0,0,64,0.91,0,0
2026_03_CAR_CLE,202609270cle,2026,REG,3,Jaelan Phillips,PhilJa02,LB,CAR,CLE,0,0,60,0.86,0,0
2026_03_CAR_CLE,202609270cle,2026,REG,3,Derrick Brown,BrowDe05,DT,CAR,CLE,0,0,53,0.76,4,0.15
2026_03_CAR_CLE,202609270cle,2026,REG,3,Zakee Wheatley,WheaZa00,S,CAR,CLE,0,0,50,0.71,10,0.37
2026_03_CAR_CLE,202609270cle,2026,REG,3,Patrick Jones II,JonePa00,LB,CAR,CLE,0,0,42,0.6,0,0
2026_03_CAR_CLE,202609270cle,2026,REG,3,Tyrel Dodson,DodsTy01,LB,CAR,CLE,0,0,38,0.54,0,0
2026_03_CAR_CLE,202609270cle,2026,REG,3,Bobby Brown,BrowBo04,DT,CAR,CLE,0,0,31,0.44,3,0.11
2026_03_CAR_CLE,202609270cle,2026,REG,3,Akayleb Evans,EvanAk00,CB,CAR,CLE,0,0,30,0.43,17,0.63
2026_03_CAR_CLE,202609270cle,2026,REG,3,Lee Hunter,HuntLe00,DT,CAR,CLE,0,0,30,0.43,1,0.04
2026_03_CAR_CLE,202609270cle,2026,REG,3,Princely Umanmielen,UmanPr00,LB,CAR,CLE,0,0,26,0.37,7,0.26
2026_03_CAR_CLE,202609270cle,2026,REG,3,Trevis Gipson,GipsTr00,LB,CAR,CLE,0,0,23,0.33,9,0.33
2026_03_CAR_CLE,202609270cle,2026,REG,3,Aaron Hall,HallAa00,DT,CAR,CLE,0,0,17,0.24,5,0.19
2026_03_CAR_CLE,202609270cle,2026,REG,3,TeRah Edwards,EdwaTe01,DT,CAR,CLE,0,0,16,0.23,6,0.22
2026_03_CAR_CLE,202609270cle,2026,REG,3,Michael Jackson,JackMi01,CB,CAR,CLE,0,0,15,0.21,0,0
2026_03_CAR_CLE,202609270cle,2026,REG,3,Thomas Incoom,IncoTh00,LB,CAR,CLE,0,0,2,0.03,23,0.85
2026_03_CAR_CLE,202609270cle,2026,REG,3,Jackson Kuwatch,KuwaJa00,LB,CAR,CLE,0,0,0,0,23,0.85
2026_03_CAR_CLE,202609270cle,2026,REG,3,Isaiah Simmons,SimmIs00,S,CAR,CLE,0,0,0,0,23,0.85
2026_03_CAR_CLE,202609270cle,2026,REG,3,Feleipe Franks,FranFe00,TE,CAR,CLE,0,0,0,0,19,0.7
2026_03_CAR_CLE,202609270cle,2026,REG,3,Maema Njongmeta,NjonMa00,LB,CAR,CLE,0,0,0,0,19,0.7
2026_03_CAR_CLE,202609270cle,2026,REG,3,Chau Smith-Wade,SmitCh05,CB,CAR,CLE,0,0,0,0,15,0.56
2026_03_CAR_CLE,202609270cle,2026,REG,3,Anthony Tyus,TyusAn00,RB,CAR,CLE,0,0,0,0,14,0.52
2026_03_CAR_CLE,202609270cle,2026,REG,3,Ryan Fitzgerald,FitzRy01,K,CAR,CLE,0,0,0,0,11,0.41
2026_03_CAR_CLE,202609270cle,2026,REG,3,Sam Martin,MartSa01,P,CAR,CLE,0,0,0,0,7,0.26
2026_03_CAR_CLE,202609270cle,2026,REG,3,J.J. Jansen,JansJ.00,LS,CAR,CLE,0,0,0,0,7,0.26
2026_03_CAR_CLE,202609270cle,2026,REG,3,Stone Forsythe,ForsSt00,T,CAR,CLE,0,0,0,0,4,0.15
2026_03_CAR_CLE,202609270cle,2026,REG,3,Sam Hecht,HechSa00,C,CAR,CLE,0,0,0,0,4,0.15
2026_03_CIN_PIT,202609270pit,2026,REG,3,Mason McCormick,McCoMa00,G,PIT,CIN,62,1,0,0,6,0.21
2026_03_CIN_PIT,202609270pit,2026,REG,3,Brock Hoffman,HoffBr00,G,PIT,CIN,62,1,0,0,6,0.21
2026_03_CIN_PIT,202609270pit,2026,REG,3,Aaron Rodgers,RodgAa00,QB,PIT,CIN,62,1,0,0,0,0
2026_03_CIN_PIT,202609270pit,2026,REG,3,Max Iheanachor,IheaMa00,T,PIT,CIN,62,1,0,0,0,0
2026_03_CIN_PIT,202609270pit,2026,REG,3,Troy Fautanu,FautTr00,T,PIT,CIN,62,1,0,0,0,0
2026_03_CIN_PIT,202609270pit,2026,REG,3,Zach Frazier,FrazZa00,C,PIT,CIN,62,1,0,0,0,0
2026_03_CIN_PIT,202609270pit,2026,REG,3,D.K. Metcalf,MetcDK00,WR,PIT,CIN,59,0.95,0,0,0,0
2026_03_CIN_PIT,202609270pit,2026,REG,3,Jaylen Warren,WarrJa01,RB,PIT,CIN,56,0.9,0,0,0,0
2026_03_CIN_PIT,202609270pit,2026,REG,3,Darnell Washington,WashDa03,TE,PIT,CIN,47,0.76,0,0,6,0.21
2026_03_CIN_PIT,202609270pit,2026,REG,3,Michael Pittman Jr.,PittMi01,WR,PIT,CIN,45,0.73,0,0,0,0
2026_03_CIN_PIT,202609270pit,2026,REG,3,Pat Freiermuth,FreiPa00,TE,PIT,CIN,37,0.6,0,0,3,0.11
2026_03_CIN_PIT,202609270pit,2026,REG,3,Roman Wilson,WilsRo02,WR,PIT,CIN,24,0.39,0,0,0,0
2026_03_CIN_PIT,202609270pit,2026,REG,3,Germie Bernard,BernGe00,WR,PIT,CIN,17,0.27,0,0,0,0
2026_03_CIN_PIT,202609270pit,2026,REG,3,Ben Skowronek,SkowBe00,WR,PIT,CIN,11,0.18,0,0,15,0.54
2026_03_CIN_PIT,202609270pit,2026,REG,3,Riley Nowakowski,NowaRi00,FB,PIT,CIN,4,0.06,0,0,15,0.54
2026_03_CIN_PIT,202609270pit,2026,REG,3,Robert Tonyan,TonyRo00,TE,PIT,CIN,4,0.06,0,0,6,0.21
2026_03_CIN_PIT,202609270pit,2026,REG,3,Travis Homer,HomeTr00,RB,PIT,CIN,3,0.05,0,0,13,0.46
2026_03_CIN_PIT,202609270pit,2026,REG,3,Lew Nichols,NichLe00,RB,PIT,CIN,3,0.05,0,0,7,0.25
2026_03_CIN_PIT,202609270pit,2026,REG,3,Jaquan Brisker,BrisJa01,S,PIT,CIN,0,0,57,1,0,0
2026_03_CIN_PIT,202609270pit,2026,REG,3,Jalen Ramsey,RamsJa00,CB,PIT,CIN,0,0,57,1,0,0
2026_03_CIN_PIT,202609270pit,2026,REG,3,Patrick Queen,QueePa00,LB,PIT,CIN,0,0,57,1,0,0
2026_03_CIN_PIT,202609270pit,2026,REG,3,Rayshawn Jenkins,JenkRa00,S,PIT,CIN,0,0,48,0.84,11,0.39
2026_03_CIN_PIT,202609270pit,2026,REG,3,Jamel Dean,DeanJa00,CB,PIT,CIN,0,0,47,0.82,0,0
2026_03_CIN_PIT,202609270pit,2026,REG,3,T.J. Watt,WattT.00,LB,PIT,CIN,0,0,44,0.77,0,0
2026_03_CIN_PIT,202609270pit,2026,REG,3,Asante Samuel Jr.,SamuAs00,CB,PIT,CIN,0,0,41,0.72,1,0.04
2026_03_CIN_PIT,202609270pit,2026,REG,3,Alex Highsmith,HighAl02,LB,PIT,CIN,0,0,41,0.72,0,0
2026_03_CIN_PIT,202609270pit,2026,REG,3,Payton Wilson,WilsPa00,LB,PIT,CIN,0,0,40,0.7,5,0.18
2026_03_CIN_PIT,202609270pit,2026,REG,3,Cameron Heyward,HeywCa01,DT,PIT,CIN,0,0,37,0.65,11,0.39
2026_03_CIN_PIT,202609270pit,2026,REG,3,Keeanu Benton,BentKe00,DT,PIT,CIN,0,0,32,0.56,0,0
2026_03_CIN_PIT,202609270pit,2026,REG,3,Nick Herbig,HerbNi00,LB,PIT,CIN,0,0,27,0.47,9,0.32
2026_03_CIN_PIT,202609270pit,2026,REG,3,Daylen Everette,EverDa00,CB,PIT,CIN,0,0,26,0.46,12,0.43
2026_03_CIN_PIT,202609270pit,2026,REG,3,Derrick Harmon,HarmDe01,DT,PIT,CIN,0,0,24,0.42,13,0.46
2026_03_CIN_PIT,202609270pit,2026,REG,3,Yahya Black,BlacYa00,DL,PIT,CIN,0,0,16,0.28,13,0.46
2026_03_CIN_PIT,202609270pit,2026,REG,3,Sebastian Joseph-Day,JoseSe00,DT,PIT,CIN,0,0,12,0.21,7,0.25
2026_03_CIN_PIT,202609270pit,2026,REG,3,Jack Sawyer,SawyJa00,LB,PIT,CIN,0,0,9,0.16,22,0.79
2026_03_CIN_PIT,202609270pit,2026,REG,3,Brandin Echols,EchoBr00,CB,PIT,CIN,0,0,8,0.14,13,0.46
2026_03_CIN_PIT,202609270pit,2026,REG,3,Cole Holcomb,HolcCo00,LB,PIT,CIN,0,0,4,0.07,15,0.54
2026_03_CIN_PIT,202609270pit,2026,REG,3,Carson Bruener,BrueCa00,LB,PIT,CIN,0,0,0,0,22,0.79
2026_03_CIN_PIT,202609270pit,2026,REG,3,Robert Spears-Jennings,SpeaRo01,S,PIT,CIN,0,0,0,0,22,0.79
2026_03_CIN_PIT,202609270pit,2026,REG,3,Chris Boswell,BoswCh00,K,PIT,CIN,0,0,0,0,13,0.46
2026_03_CIN_PIT,202609270pit,2026,REG,3,Cameron Johnston,JohnCa02,P,PIT,CIN,0,0,0,0,8,0.29
2026_03_CIN_PIT,202609270pit,2026,REG,3,Christian Kuntz,KuntCh02,LS,PIT,CIN,0,0,0,0,8,0.29
2026_03_CIN_PIT,202609270pit,2026,REG,3,Kaden Wetjen,WetjKa00,WR,PIT,CIN,0,0,0,0,8,0.29
2026_03_CIN_PIT,202609270pit,2026,REG,3,Doneiko Slaughter,SlauDo00,DB,PIT,CIN,0,0,0,0,6,0.21
2026_03_CIN_PIT,202609270pit,2026,REG,3,Ryan McCollum,McCoRy00,C,PIT,CIN,0,0,0,0,6,0.21
2026_03_CIN_PIT,202609270pit,2026,REG,3,Dylan Cook,CookDy00,T,PIT,CIN,0,0,0,0,6,0.21
2026_03_CIN_PIT,202609270pit,2026,REG,3,Dalton Risner,RisnDa00,G,CIN,PIT,57,1,0,0,5,0.18
2026_03_CIN_PIT,202609270pit,2026,REG,3,Amarius Mims,MimsAm00,T,CIN,PIT,57,1,0,0,5,0.18
2026_03_CIN_PIT,202609270pit,2026,REG,3,Orlando Brown Jr.,BrowOr00,T,CIN,PIT,57,1,0,0,5,0.18
2026_03_CIN_PIT,202609270pit,2026,REG,3,Ted Karras,KarrTe00,C,CIN,PIT,57,1,0,0,5,0.18
2026_03_CIN_PIT,202609270pit,2026,REG,3,Dylan Fairchild,FairDy00,G,CIN,PIT,57,1,0,0,5,0.18
2026_03_CIN_PIT,202609270pit,2026,REG,3,Joe Burrow,BurrJo01,QB,CIN,PIT,57,1,0,0,0,0
2026_03_CIN_PIT,202609270pit,2026,REG,3,Ja'Marr Chase,ChasJa00,WR,CIN,PIT,57,1,0,0,0,0
2026_03_CIN_PIT,202609270pit,2026,REG,3,Tee Higgins,HiggTe00,WR,CIN,PIT,53,0.93,0,0,0,0
2026_03_CIN_PIT,202609270pit,2026,REG,3,Chase Brown,BrowCh10,HB,CIN,PIT,40,0.7,0,0,0,0
2026_03_CIN_PIT,202609270pit,2026,REG,3,Dohnte Meyers,MeyeDo00,WR,CIN,PIT,32,0.56,0,0,0,0
2026_03_CIN_PIT,202609270pit,2026,REG,3,Drew Sample,SampDr00,TE,CIN,PIT,29,0.51,0,0,13,0.46
2026_03_CIN_PIT,202609270pit,2026,REG,3,Mike Gesicki,GesiMi00,TE,CIN,PIT,29,0.51,0,0,0,0
2026_03_CIN_PIT,202609270pit,2026,REG,3,Samaje Perine,PeriSa00,HB,CIN,PIT,18,0.32,0,0,13,0.46
2026_03_CIN_PIT,202609270pit,2026,REG,3,Tanner Hudson,HudsTa00,TE,CIN,PIT,13,0.23,0,0,14,0.5
2026_03_CIN_PIT,202609270pit,2026,REG,3,Erick All,AllxEr00,TE,CIN,PIT,12,0.21,0,0,5,0.18
2026_03_CIN_PIT,202609270pit,2026,REG,3,Colbie Young,YounCo01,WR,CIN,PIT,1,0.02,0,0,1,0.04
2026_03_CIN_PIT,202609270pit,2026,REG,3,Jacob Bayer,BayeJa00,C,CIN,PIT,1,0.02,0,0,0,0
2026_03_CIN_PIT,202609270pit,2026,REG,3,Jordan Battle,BattJo00,S,CIN,PIT,0,0,62,1,11,0.39
2026_03_CIN_PIT,202609270pit,2026,REG,3,Daxton Hill,HillDa04,CB,CIN,PIT,0,0,62,1,6,0.21
2026_03_CIN_PIT,202609270pit,2026,REG,3,Barrett Carter,CartBa00,LB,CIN,PIT,0,0,62,1,6,0.21
2026_03_CIN_PIT,202609270pit,2026,REG,3,DJ Turner,TurnDJ01,CB,CIN,PIT,0,0,62,1,0,0
2026_03_CIN_PIT,202609270pit,2026,REG,3,Demetrius Knight,KnigDe00,LB,CIN,PIT,0,0,56,0.9,0,0
2026_03_CIN_PIT,202609270pit,2026,REG,3,Dexter Lawrence,LawrDe03,DT,CIN,PIT,0,0,49,0.79,6,0.21
2026_03_CIN_PIT,202609270pit,2026,REG,3,Jonathan Allen,AlleJo01,DT,CIN,PIT,0,0,47,0.76,0,0
2026_03_CIN_PIT,202609270pit,2026,REG,3,Boye Mafe,MafeBo00,DE,CIN,PIT,0,0,46,0.74,0,0
2026_03_CIN_PIT,202609270pit,2026,REG,3,Myles Murphy,MurpMy00,DE,CIN,PIT,0,0,45,0.73,6,0.21
2026_03_CIN_PIT,202609270pit,2026,REG,3,Kyle Dugger,DuggKy00,S,CIN,PIT,0,0,41,0.66,13,0.46
2026_03_CIN_PIT,202609270pit,2026,REG,3,Tacario Davis,DaviTa01,CB,CIN,PIT,0,0,27,0.44,9,0.32
2026_03_CIN_PIT,202609270pit,2026,REG,3,Cashius Howell,HoweCa00,DE,CIN,PIT,0,0,25,0.4,0,0
2026_03_CIN_PIT,202609270pit,2026,REG,3,Tedarrell Slaton,SlatTe00,DT,CIN,PIT,0,0,22,0.35,6,0.21
2026_03_CIN_PIT,202609270pit,2026,REG,3,Bryan Cook,CookBr02,S,CIN,PIT,0,0,21,0.34,0,0
2026_03_CIN_PIT,202609270pit,2026,REG,3,Jalen Davis,DaviJa06,CB,CIN,PIT,0,0,19,0.31,0,0
2026_03_CIN_PIT,202609270pit,2026,REG,3,Kris Jenkins,JenkKr01,DT,CIN,PIT,0,0,17,0.27,6,0.21
2026_03_CIN_PIT,202609270pit,2026,REG,3,Cedric Johnson,JohnCe01,DE,CIN,PIT,0,0,12,0.19,22,0.79
2026_03_CIN_PIT,202609270pit,2026,REG,3,DJ Ivey,IveyDJ00,CB,CIN,PIT,0,0,4,0.06,22,0.79
2026_03_CIN_PIT,202609270pit,2026,REG,3,Oren Burks,BurkOr00,LB,CIN,PIT,0,0,3,0.05,23,0.82
2026_03_CIN_PIT,202609270pit,2026,REG,3,PJ Jules,JulePJ00,S,CIN,PIT,0,0,0,0,23,0.82
2026_03_CIN_PIT,202609270pit,2026,REG,3,Swayze Bozeman,BozeSw00,LB,CIN,PIT,0,0,0,0,17,0.61
2026_03_CIN_PIT,202609270pit,2026,REG,3,Joe Giles-Harris,GileJo01,LB,CIN,PIT,0,0,0,0,17,0.61
2026_03_CIN_PIT,202609270pit,2026,REG,3,Evan McPherson,McPhEv00,K,CIN,PIT,0,0,0,0,11,0.39
2026_03_CIN_PIT,202609270pit,2026,REG,3,Ke'Shawn Williams,WillKe08,WR,CIN,PIT,0,0,0,0,9,0.32
2026_03_CIN_PIT,202609270pit,2026,REG,3,Ryan Rehkow,RehkRy00,P,CIN,PIT,0,0,0,0,7,0.25
2026_03_CIN_PIT,202609270pit,2026,REG,3,William Wagner,WagnWi00,LS,CIN,PIT,0,0,0,0,7,0.25
2026_03_CIN_PIT,202609270pit,2026,REG,3,Jalen Rivers,RiveJa00,G,CIN,PIT,0,0,0,0,5,0.18
2026_03_CIN_PIT,202609270pit,2026,REG,3,Tahj Brooks,BrooTa00,HB,CIN,PIT,0,0,0,0,4,0.14
2026_03_HOU_IND,202609270clt,2026,REG,3,Matt Goncalves,GoncMa00,G,IND,HOU,71,1,0,0,5,0.21
2026_03_HOU_IND,202609270clt,2026,REG,3,Jalen Travis,TravJa00,T,IND,HOU,71,1,0,0,5,0.21
2026_03_HOU_IND,202609270clt,2026,REG,3,Bernhard Raimann,RaimBe00,T,IND,HOU,71,1,0,0,3,0.12
2026_03_HOU_IND,202609270clt,2026,REG,3,Daniel Jones,JoneDa05,QB,IND,HOU,71,1,0,0,0,0
2026_03_HOU_IND,202609270clt,2026,REG,3,Tanor Bortolini,BortTa00,C,IND,HOU,71,1,0,0,0,0
2026_03_HOU_IND,202609270clt,2026,REG,3,Quenton Nelson,NelsQu00,G,IND,HOU,71,1,0,0,0,0
2026_03_HOU_IND,202609270clt,2026,REG,3,Tyler Warren,WarrTy00,TE,IND,HOU,67,0.94,1,0.02,0,0
2026_03_HOU_IND,202609270clt,2026,REG,3,Jonathan Taylor,TaylJo02,RB,IND,HOU,60,0.85,0,0,0,0
2026_03_HOU_IND,202609270clt,2026,REG,3,Laquon Treadwell,TreaLa00,WR,IND,HOU,56,0.79,0,0,5,0.21
2026_03_HOU_IND,202609270clt,2026,REG,3,Keenan Allen,AlleKe00,WR,IND,HOU,52,0.73,0,0,0,0
2026_03_HOU_IND,202609270clt,2026,REG,3,Josh Downs,DownJo00,WR,IND,HOU,48,0.68,0,0,0,0
2026_03_HOU_IND,202609270clt,2026,REG,3,Mo Alie-Cox,AlieMo00,TE,IND,HOU,27,0.38,0,0,9,0.38
2026_03_HOU_IND,202609270clt,2026,REG,3,Andrew Ogletree,OgleAn00,TE,IND,HOU,21,0.3,0,0,16,0.67
2026_03_HOU_IND,202609270clt,2026,REG,3,Seth McGowan,McGoSe01,RB,IND,HOU,11,0.15,0,0,4,0.17
2026_03_HOU_IND,202609270clt,2026,REG,3,Deion Burks,BurkDe02,WR,IND,HOU,10,0.14,0,0,1,0.04
2026_03_HOU_IND,202609270clt,2026,REG,3,Luke Tenuta,TenuLu00,T,IND,HOU,2,0.03,0,0,5,0.21
2026_03_HOU_IND,202609270clt,2026,REG,3,Nick Westbrook-Ikhine,WestNi00,WR,IND,HOU,1,0.01,0,0,15,0.62
2026_03_HOU_IND,202609270clt,2026,REG,3,Akeem Davis-Gaither,DaviAk01,LB,IND,HOU,0,0,54,1,3,0.12
2026_03_HOU_IND,202609270clt,2026,REG,3,Camryn Bynum,BynuCa00,S,IND,HOU,0,0,54,1,3,0.12
2026_03_HOU_IND,202609270clt,2026,REG,3,Charvarius Ward,WardCh01,CB,IND,HOU,0,0,52,0.96,0,0
2026_03_HOU_IND,202609270clt,2026,REG,3,Sauce Gardner,GardSa00,CB,IND,HOU,0,0,49,0.91,0,0
2026_03_HOU_IND,202609270clt,2026,REG,3,DeForest Buckner,BuckDe00,DT,IND,HOU,0,0,48,0.89,0,0
2026_03_HOU_IND,202609270clt,2026,REG,3,Arden Key,KeyxAr00,DE,IND,HOU,0,0,44,0.81,3,0.12
2026_03_HOU_IND,202609270clt,2026,REG,3,Jaylon Carlies,CarlJa01,LB,IND,HOU,0,0,37,0.69,1,0.04
2026_03_HOU_IND,202609270clt,2026,REG,3,Grover Stewart,StewGr00,DT,IND,HOU,0,0,36,0.67,5,0.21
2026_03_HOU_IND,202609270clt,2026,REG,3,A.J. Haulcy,HaulAJ00,S,IND,HOU,0,0,34,0.63,0,0
2026_03_HOU_IND,202609270clt,2026,REG,3,Justin Walley,WallJu00,CB,IND,HOU,0,0,32,0.59,3,0.12
2026_03_HOU_IND,202609270clt,2026,REG,3,Laiatu Latu,LatuLa00,DE,IND,HOU,0,0,27,0.5,0,0
2026_03_HOU_IND,202609270clt,2026,REG,3,JT Tuimoloau,TuimJT00,DE,IND,HOU,0,0,26,0.48,8,0.33
2026_03_HOU_IND,202609270clt,2026,REG,3,Jerry Tillery,TillJe00,DT,IND,HOU,0,0,26,0.48,3,0.12
2026_03_HOU_IND,202609270clt,2026,REG,3,Hunter Wohler,WohlHu00,S,IND,HOU,0,0,17,0.31,6,0.25
2026_03_HOU_IND,202609270clt,2026,REG,3,Bryce Boettcher,BoetBr00,LB,IND,HOU,0,0,16,0.3,15,0.62
2026_03_HOU_IND,202609270clt,2026,REG,3,Adetomiwa Adebawore,AdebAd00,DT,IND,HOU,0,0,15,0.28,19,0.79
2026_03_HOU_IND,202609270clt,2026,REG,3,Tim Smith,SmitTi02,DT,IND,HOU,0,0,10,0.19,0,0
2026_03_HOU_IND,202609270clt,2026,REG,3,Caden Curry,CurrCa00,DE,IND,HOU,0,0,9,0.17,16,0.67
2026_03_HOU_IND,202609270clt,2026,REG,3,CJ Allen,AlleCJ00,LB,IND,HOU,0,0,5,0.09,0,0
2026_03_HOU_IND,202609270clt,2026,REG,3,Cam Taylor-Britt,TaylCa01,CB,IND,HOU,0,0,2,0.04,9,0.38
2026_03_HOU_IND,202609270clt,2026,REG,3,Tahj Chambers,ChamTa00,LB,IND,HOU,0,0,0,0,19,0.79
2026_03_HOU_IND,202609270clt,2026,REG,3,Jonathan Owens,OwenJo01,S,IND,HOU,0,0,0,0,15,0.62
2026_03_HOU_IND,202609270clt,2026,REG,3,Kapena Gushiken,GushKa00,CB,IND,HOU,0,0,0,0,15,0.62
2026_03_HOU_IND,202609270clt,2026,REG,3,Rigoberto Sanchez,SancRi00,P,IND,HOU,0,0,0,0,12,0.5
2026_03_HOU_IND,202609270clt,2026,REG,3,Austin Ajiake,AjiaAu00,LB,IND,HOU,0,0,0,0,11,0.46
2026_03_HOU_IND,202609270clt,2026,REG,3,Anthony Gould,GoulAn00,WR,IND,HOU,0,0,0,0,9,0.38
2026_03_HOU_IND,202609270clt,2026,REG,3,Luke Rhodes,RhodLu00,LS,IND,HOU,0,0,0,0,6,0.25
2026_03_HOU_IND,202609270clt,2026,REG,3,Spencer Shrader,ShraSp00,K,IND,HOU,0,0,0,0,5,0.21
2026_03_HOU_IND,202609270clt,2026,REG,3,Jalen Farmer,FarmJa00,G,IND,HOU,0,0,0,0,5,0.21
2026_03_HOU_IND,202609270clt,2026,REG,3,Sedrick Van Pran-Granger,VanPSe00,C,IND,HOU,0,0,0,0,5,0.21
2026_03_HOU_IND,202609270clt,2026,REG,3,Wyatt Teller,TellWy00,G,HOU,IND,54,1,0,0,3,0.12
2026_03_HOU_IND,202609270clt,2026,REG,3,Trent Brown,BrowTr02,T,HOU,IND,54,1,0,0,3,0.12
2026_03_HOU_IND,202609270clt,2026,REG,3,Keylan Rutledge,RutlKe01,C,HOU,IND,54,1,0,0,3,0.12
2026_03_HOU_IND,202609270clt,2026,REG,3,Aireontae Ersery,ErseAi00,T,HOU,IND,54,1,0,0,3,0.12
2026_03_HOU_IND,202609270clt,2026,REG,3,C.J. Stroud,StroCJ00,QB,HOU,IND,54,1,0,0,0,0
2026_03_HOU_IND,202609270clt,2026,REG,3,Evan Brown,BrowEv00,C,HOU,IND,54,1,0,0,0,0
2026_03_HOU_IND,202609270clt,2026,REG,3,Kayshon Boutte,BoutKa00,WR,HOU,IND,37,0.69,0,0,0,0
2026_03_HOU_IND,202609270clt,2026,REG,3,David Montgomery,MontDa01,RB,HOU,IND,34,0.63,0,0,0,0
2026_03_HOU_IND,202609270clt,2026,REG,3,Jared Wayne,WaynJa01,WR,HOU,IND,33,0.61,0,0,4,0.17
2026_03_HOU_IND,202609270clt,2026,REG,3,Foster Moreau,MoreFo00,TE,HOU,IND,31,0.57,0,0,8,0.33
2026_03_HOU_IND,202609270clt,2026,REG,3,Dalton Schultz,SchuDa00,TE,HOU,IND,29,0.54,0,0,0,0
2026_03_HOU_IND,202609270clt,2026,REG,3,Xavier Hutchinson,HutcXa00,WR,HOU,IND,29,0.54,0,0,0,0
2026_03_HOU_IND,202609270clt,2026,REG,3,Cade Stover,StovCa00,TE,HOU,IND,24,0.44,0,0,15,0.62
2026_03_HOU_IND,202609270clt,2026,REG,3,Woody Marks,MarkWo00,RB,HOU,IND,20,0.37,0,0,3,0.12
2026_03_HOU_IND,202609270clt,2026,REG,3,Jaylin Noel,NoelJa00,WR,HOU,IND,14,0.26,0,0,5,0.21
2026_03_HOU_IND,202609270clt,2026,REG,3,Lewis Bond,BondLe00,WR,HOU,IND,9,0.17,0,0,0,0
2026_03_HOU_IND,202609270clt,2026,REG,3,Blake Fisher,FishBl00,T,HOU,IND,6,0.11,0,0,3,0.12
2026_03_HOU_IND,202609270clt,2026,REG,3,Marlin Klein,KleiMa00,TE,HOU,IND,4,0.07,0,0,7,0.29
2026_03_HOU_IND,202609270clt,2026,REG,3,Jake Hansen,HansJa01,LB,HOU,IND,0,0,71,1,10,0.42
2026_03_HOU_IND,202609270clt,2026,REG,3,Calen Bullock,BullCa00,S,HOU,IND,0,0,71,1,4,0.17
2026_03_HOU_IND,202609270clt,2026,REG,3,Jalen Pitre,PitrJa00,S,HOU,IND,0,0,71,1,4,0.17
2026_03_HOU_IND,202609270clt,2026,REG,3,Kamari Lassiter,LassKa00,CB,HOU,IND,0,0,71,1,4,0.17
2026_03_HOU_IND,202609270clt,2026,REG,3,Derek Stingley Jr.,StinDe00,CB,HOU,IND,0,0,71,1,3,0.12
2026_03_HOU_IND,202609270clt,2026,REG,3,Reed Blankenship,BlanRe00,S,HOU,IND,0,0,62,0.87,8,0.33
2026_03_HOU_IND,202609270clt,2026,REG,3,Will Anderson,AndeWi01,DE,HOU,IND,0,0,57,0.8,4,0.17
2026_03_HOU_IND,202609270clt,2026,REG,3,Danielle Hunter,HuntDa01,DE,HOU,IND,0,0,56,0.79,4,0.17
2026_03_HOU_IND,202609270clt,2026,REG,3,Azeez Al-Shaair,AlShAz00,LB,HOU,IND,0,0,54,0.76,3,0.12
2026_03_HOU_IND,202609270clt,2026,REG,3,Tommy Togiai,TogiTo00,DT,HOU,IND,0,0,47,0.66,5,0.21
2026_03_HOU_IND,202609270clt,2026,REG,3,Sheldon Rankins,RankSh00,DT,HOU,IND,0,0,44,0.62,1,0.04
2026_03_HOU_IND,202609270clt,2026,REG,3,Logan Hall,HallLo00,DE,HOU,IND,0,0,27,0.38,2,0.08
2026_03_HOU_IND,202609270clt,2026,REG,3,Mario Edwards,EdwaMa01,DT,HOU,IND,0,0,21,0.3,4,0.17
2026_03_HOU_IND,202609270clt,2026,REG,3,Dominique Robinson,RobiDo00,DE,HOU,IND,0,0,19,0.27,8,0.33
2026_03_HOU_IND,202609270clt,2026,REG,3,Wade Woodaz,WoodWa00,LB,HOU,IND,0,0,17,0.24,17,0.71
2026_03_HOU_IND,202609270clt,2026,REG,3,Jaden Crumedy,CrumJa00,DT,HOU,IND,0,0,14,0.2,0,0
2026_03_HOU_IND,202609270clt,2026,REG,3,Sabastian Harsh,HarsSa00,DE,HOU,IND,0,0,8,0.11,11,0.46
2026_03_HOU_IND,202609270clt,2026,REG,3,Jaylin Smith,SmitJa11,CB,HOU,IND,0,0,0,0,18,0.75
2026_03_HOU_IND,202609270clt,2026,REG,3,Jamal Hill,HillJa02,LB,HOU,IND,0,0,0,0,17,0.71
2026_03_HOU_IND,202609270clt,2026,REG,3,Tremon Smith,SmitTr04,CB,HOU,IND,0,0,0,0,13,0.54
2026_03_HOU_IND,202609270clt,2026,REG,3,British Brooks,BrooBr01,RB,HOU,IND,0,0,0,0,12,0.5
2026_03_HOU_IND,202609270clt,2026,REG,3,Aiden Fisher,FishAi00,LB,HOU,IND,0,0,0,0,11,0.46
2026_03_HOU_IND,202609270clt,2026,REG,3,George Odum,OdumGe00,S,HOU,IND,0,0,0,0,9,0.38
2026_03_HOU_IND,202609270clt,2026,REG,3,Austin Brinkman,BrinAu00,LS,HOU,IND,0,0,0,0,8,0.33
2026_03_HOU_IND,202609270clt,2026,REG,3,Kai Kroeger,KroeKa00,P,HOU,IND,0,0,0,0,8,0.33
2026_03_HOU_IND,202609270clt,2026,REG,3,Ka'imi Fairbairn,FairKa01,K,HOU,IND,0,0,0,0,7,0.29
2026_03_HOU_IND,202609270clt,2026,REG,3,Kamari Ramsey,RamsKa01,S,HOU,IND,0,0,0,0,6,0.25
2026_03_HOU_IND,202609270clt,2026,REG,3,Febechi Nwaiwu,NwaiFe00,G,HOU,IND,0,0,0,0,3,0.12
2026_03_HOU_IND,202609270clt,2026,REG,3,Jake Andrews,AndrJa00,C,HOU,IND,0,0,0,0,3,0.12
2026_03_KC_MIA,202609270mia,2026,REG,3,Kadyn Proctor,ProcKa00,G,MIA,KC,73,1,0,0,2,0.11
2026_03_KC_MIA,202609270mia,2026,REG,3,Jonah Savaiinaea,SavaJo00,G,MIA,KC,73,1,0,0,2,0.11
2026_03_KC_MIA,202609270mia,2026,REG,3,Austin Jackson,JackAu00,T,MIA,KC,73,1,0,0,2,0.11
2026_03_KC_MIA,202609270mia,2026,REG,3,Patrick Paul,PaulPa01,T,MIA,KC,73,1,0,0,2,0.11
2026_03_KC_MIA,202609270mia,2026,REG,3,Malik Willis,WillMa12,QB,MIA,KC,73,1,0,0,0,0
2026_03_KC_MIA,202609270mia,2026,REG,3,Aaron Brewer,BrewAa01,C,MIA,KC,73,1,0,0,0,0
2026_03_KC_MIA,202609270mia,2026,REG,3,Malik Washington,WashMa00,WR,MIA,KC,63,0.86,0,0,4,0.22
2026_03_KC_MIA,202609270mia,2026,REG,3,Ollie Gordon,GordOl00,RB,MIA,KC,61,0.84,0,0,1,0.06
2026_03_KC_MIA,202609270mia,2026,REG,3,Chris Bell,BellCh00,WR,MIA,KC,52,0.71,0,0,0,0
2026_03_KC_MIA,202609270mia,2026,REG,3,Greg Dulcich,DulcGr00,TE,MIA,KC,51,0.7,0,0,1,0.06
2026_03_KC_MIA,202609270mia,2026,REG,3,Kevin Coleman,ColeKe03,WR,MIA,KC,45,0.62,0,0,2,0.11
2026_03_KC_MIA,202609270mia,2026,REG,3,Will Kacmarek,KacmWi00,TE,MIA,KC,30,0.41,0,0,10,0.56
2026_03_KC_MIA,202609270mia,2026,REG,3,DJ Herman,HermDJ00,FB,MIA,KC,27,0.37,0,0,4,0.22
2026_03_KC_MIA,202609270mia,2026,REG,3,Ryan Miller,MillRy01,WR,MIA,KC,16,0.22,0,0,11,0.61
2026_03_KC_MIA,202609270mia,2026,REG,3,Jalen Tolbert,TolbJa00,WR,MIA,KC,12,0.16,0,0,0,0
2026_03_KC_MIA,202609270mia,2026,REG,3,Caedan Wallace,WallCa00,G,MIA,KC,4,0.05,0,0,2,0.11
2026_03_KC_MIA,202609270mia,2026,REG,3,De'Von Achane,AchaDe00,RB,MIA,KC,4,0.05,0,0,0,0
2026_03_KC_MIA,202609270mia,2026,REG,3,Michael Taaffe,TaafMi00,S,MIA,KC,0,0,52,1,8,0.44
2026_03_KC_MIA,202609270mia,2026,REG,3,Jordyn Brooks,BrooJo01,LB,MIA,KC,0,0,52,1,5,0.28
2026_03_KC_MIA,202609270mia,2026,REG,3,Jacob Rodriguez,RodrJa00,LB,MIA,KC,0,0,52,1,5,0.28
2026_03_KC_MIA,202609270mia,2026,REG,3,Dante Trader,TradDa00,S,MIA,KC,0,0,52,1,2,0.11
2026_03_KC_MIA,202609270mia,2026,REG,3,Chris Johnson,JohnCh09,CB,MIA,KC,0,0,52,1,0,0
2026_03_KC_MIA,202609270mia,2026,REG,3,Zach Sieler,SielZa00,DL,MIA,KC,0,0,44,0.85,7,0.39
2026_03_KC_MIA,202609270mia,2026,REG,3,Chop Robinson,RobiCh00,DE,MIA,KC,0,0,37,0.71,0,0
2026_03_KC_MIA,202609270mia,2026,REG,3,Joshua Uche,UcheJo00,DE,MIA,KC,0,0,36,0.69,0,0
2026_03_KC_MIA,202609270mia,2026,REG,3,Julius Brents,BrenJu00,CB,MIA,KC,0,0,36,0.69,0,0
2026_03_KC_MIA,202609270mia,2026,REG,3,Jason Marshall,MarsJa00,CB,MIA,KC,0,0,35,0.67,6,0.33
2026_03_KC_MIA,202609270mia,2026,REG,3,Jordan Phillips,PhilJo02,DL,MIA,KC,0,0,35,0.67,5,0.28
2026_03_KC_MIA,202609270mia,2026,REG,3,Zeek Biggers,BiggZe01,DL,MIA,KC,0,0,25,0.48,6,0.33
2026_03_KC_MIA,202609270mia,2026,REG,3,Willie Gay Jr.,GayJWi00,LB,MIA,KC,0,0,23,0.44,4,0.22
2026_03_KC_MIA,202609270mia,2026,REG,3,Malik Herring,HerrMa02,DE,MIA,KC,0,0,19,0.37,0,0
2026_03_KC_MIA,202609270mia,2026,REG,3,Julius Wood,WoodJu00,S,MIA,KC,0,0,9,0.17,11,0.61
2026_03_KC_MIA,202609270mia,2026,REG,3,Clelin Ferrell,FerrCl00,DE,MIA,KC,0,0,8,0.15,0,0
2026_03_KC_MIA,202609270mia,2026,REG,3,Keith Cooper Jr.,CoopKe00,DL,MIA,KC,0,0,4,0.08,5,0.28
2026_03_KC_MIA,202609270mia,2026,REG,3,Seydou Traore,TraoSe00,TE,MIA,KC,0,0,0,0,16,0.89
2026_03_KC_MIA,202609270mia,2026,REG,3,Andre Jones,JoneAn02,DE,MIA,KC,0,0,0,0,14,0.78
2026_03_KC_MIA,202609270mia,2026,REG,3,Jaylin Simpson,SimpJa00,CB,MIA,KC,0,0,0,0,11,0.61
2026_03_KC_MIA,202609270mia,2026,REG,3,Liam Anderson,AndeLi00,LB,MIA,KC,0,0,0,0,11,0.61
2026_03_KC_MIA,202609270mia,2026,REG,3,Jackson Woodard,WoodJa02,LB,MIA,KC,0,0,0,0,11,0.61
2026_03_KC_MIA,202609270mia,2026,REG,3,Riley Patterson,PattRi01,K,MIA,KC,0,0,0,0,5,0.28
2026_03_KC_MIA,202609270mia,2026,REG,3,Justin Joly,JolyJu00,TE,MIA,KC,0,0,0,0,5,0.28
2026_03_KC_MIA,202609270mia,2026,REG,3,Bradley Pinion,PiniBr00,P,MIA,KC,0,0,0,0,4,0.22
2026_03_KC_MIA,202609270mia,2026,REG,3,Tucker Addington,AddiTu00,LS,MIA,KC,0,0,0,0,4,0.22
2026_03_KC_MIA,202609270mia,2026,REG,3,Jarrett Kingston,KingJa02,T,MIA,KC,0,0,0,0,3,0.17
2026_03_KC_MIA,202609270mia,2026,REG,3,Reese Taylor,TaylRe01,CB,MIA,KC,0,0,0,0,3,0.17
2026_03_KC_MIA,202609270mia,2026,REG,3,Zayne Anderson,AndeZa02,S,MIA,KC,0,0,0,0,3,0.17
2026_03_KC_MIA,202609270mia,2026,REG,3,Andrew Meyer,MeyeAn00,C,MIA,KC,0,0,0,0,1,0.06
2026_03_KC_MIA,202609270mia,2026,REG,3,Kingsley Suamataia,SuamKi00,OL,KC,MIA,52,1,0,0,5,0.28
2026_03_KC_MIA,202609270mia,2026,REG,3,Trey Smith,SmitTr05,G,KC,MIA,52,1,0,0,5,0.28
2026_03_KC_MIA,202609270mia,2026,REG,3,Kahlil Benson,BensKa00,T,KC,MIA,52,1,0,0,5,0.28
2026_03_KC_MIA,202609270mia,2026,REG,3,Creed Humphrey,HumpCr00,C,KC,MIA,52,1,0,0,5,0.28
2026_03_KC_MIA,202609270mia,2026,REG,3,Patrick Mahomes,MahoPa00,QB,KC,MIA,52,1,0,0,0,0
2026_03_KC_MIA,202609270mia,2026,REG,3,Jaylon Moore,MoorJa04,OL,KC,MIA,51,0.98,0,0,5,0.28
2026_03_KC_MIA,202609270mia,2026,REG,3,Xavier Worthy,WortXa00,WR,KC,MIA,43,0.83,0,0,0,0
2026_03_KC_MIA,202609270mia,2026,REG,3,Travis Kelce,KelcTr00,TE,KC,MIA,41,0.79,0,0,0,0
2026_03_KC_MIA,202609270mia,2026,REG,3,Rashee Rice,RiceRa01,WR,KC,MIA,40,0.77,0,0,0,0
2026_03_KC_MIA,202609270mia,2026,REG,3,Kenneth Walker III,WalkKe00,RB,KC,MIA,38,0.73,0,0,0,0
2026_03_KC_MIA,202609270mia,2026,REG,3,Noah Gray,GrayNo00,TE,KC,MIA,33,0.63,0,0,6,0.33
2026_03_KC_MIA,202609270mia,2026,REG,3,Tyquan Thornton,ThorTy00,WR,KC,MIA,24,0.46,0,0,0,0
2026_03_KC_MIA,202609270mia,2026,REG,3,Emmett Johnson,JohnEm01,RB,KC,MIA,14,0.27,0,0,9,0.5
2026_03_KC_MIA,202609270mia,2026,REG,3,Jalen Royals,RoyaJa00,WR,KC,MIA,10,0.19,0,0,6,0.33
2026_03_KC_MIA,202609270mia,2026,REG,3,Jake Briningstool,BrinJa00,TE,KC,MIA,6,0.12,0,0,9,0.5
2026_03_KC_MIA,202609270mia,2026,REG,3,Brashard Smith,SmitBr09,RB,KC,MIA,4,0.08,0,0,0,0
2026_03_KC_MIA,202609270mia,2026,REG,3,Mike Caliendo,CaliMi00,OL,KC,MIA,3,0.06,0,0,5,0.28
2026_03_KC_MIA,202609270mia,2026,REG,3,Hunter Nourzad,NourHu00,OL,KC,MIA,3,0.06,0,0,5,0.28
2026_03_KC_MIA,202609270mia,2026,REG,3,Cyrus Allen,AlleCy00,WR,KC,MIA,1,0.02,0,0,1,0.06
2026_03_KC_MIA,202609270mia,2026,REG,3,Joshua Ezeudu,EzeuJo00,OL,KC,MIA,1,0.02,0,0,0,0
2026_03_KC_MIA,202609270mia,2026,REG,3,Jaden Hicks,HickJa01,DB,KC,MIA,0,0,73,1,3,0.17
2026_03_KC_MIA,202609270mia,2026,REG,3,Nick Bolton,BoltNi00,LB,KC,MIA,0,0,73,1,3,0.17
2026_03_KC_MIA,202609270mia,2026,REG,3,Alohi Gilman,GilmAl00,S,KC,MIA,0,0,73,1,1,0.06
2026_03_KC_MIA,202609270mia,2026,REG,3,Mansoor Delane,DelaMa00,CB,KC,MIA,0,0,72,0.99,1,0.06
2026_03_KC_MIA,202609270mia,2026,REG,3,Nohl Williams,WillNo01,DB,KC,MIA,0,0,68,0.93,6,0.33
2026_03_KC_MIA,202609270mia,2026,REG,3,Drue Tranquill,TranDr00,LB,KC,MIA,0,0,62,0.85,3,0.17
2026_03_KC_MIA,202609270mia,2026,REG,3,George Karlaftis III,KarlGe00,DE,KC,MIA,0,0,58,0.79,3,0.17
2026_03_KC_MIA,202609270mia,2026,REG,3,Chris Jones,JoneCh09,DT,KC,MIA,0,0,53,0.73,0,0
2026_03_KC_MIA,202609270mia,2026,REG,3,L'Jarius Sneed,SneeLJ00,CB,KC,MIA,0,0,53,0.73,0,0
2026_03_KC_MIA,202609270mia,2026,REG,3,R Mason Thomas,MasoR01,DE,KC,MIA,0,0,41,0.56,0,0
2026_03_KC_MIA,202609270mia,2026,REG,3,Ashton Gillotte,GillAs00,DE,KC,MIA,0,0,35,0.48,3,0.17
2026_03_KC_MIA,202609270mia,2026,REG,3,Peter Woods,WoodPe00,DL,KC,MIA,0,0,35,0.48,3,0.17
2026_03_KC_MIA,202609270mia,2026,REG,3,Felix Anudike-Uzomah,AnudFe00,DE,KC,MIA,0,0,31,0.42,0,0
2026_03_KC_MIA,202609270mia,2026,REG,3,Khyiris Tonga,TongKh00,NT,KC,MIA,0,0,30,0.41,3,0.17
2026_03_KC_MIA,202609270mia,2026,REG,3,Jack Cochrane,CochJa00,LB,KC,MIA,0,0,18,0.25,13,0.72
2026_03_KC_MIA,202609270mia,2026,REG,3,Christian Roland-Wallace,RolaCh00,CB,KC,MIA,0,0,12,0.16,10,0.56
2026_03_KC_MIA,202609270mia,2026,REG,3,Jeffrey Bassa,BassJe00,LB,KC,MIA,0,0,7,0.1,12,0.67
2026_03_KC_MIA,202609270mia,2026,REG,3,Bryson Eason,EasoBr00,DT,KC,MIA,0,0,7,0.1,0,0
2026_03_KC_MIA,202609270mia,2026,REG,3,Jadon Canady,CanaJa00,DB,KC,MIA,0,0,1,0.01,12,0.67
2026_03_KC_MIA,202609270mia,2026,REG,3,Xavier Nwankpa,NwanXa00,S,KC,MIA,0,0,1,0.01,9,0.5
2026_03_KC_MIA,202609270mia,2026,REG,3,Harrison Butker,ButkHa00,K,KC,MIA,0,0,0,0,10,0.56
2026_03_KC_MIA,202609270mia,2026,REG,3,Ben VanSumeren,VanSBe00,FB,KC,MIA,0,0,0,0,10,0.56
2026_03_KC_MIA,202609270mia,2026,REG,3,Cole Christiansen,ChriCo00,LB,KC,MIA,0,0,0,0,10,0.56
2026_03_KC_MIA,202609270mia,2026,REG,3,Matt Araiza,AraiMa00,P,KC,MIA,0,0,0,0,6,0.33
2026_03_KC_MIA,202609270mia,2026,REG,3,James Winchester,WincJa00,LS,KC,MIA,0,0,0,0,6,0.33
2026_03_KC_MIA,202609270mia,2026,REG,3,Nikko Remigio,RemiNi00,WR,KC,MIA,0,0,0,0,5,0.28
2026_03_LAC_BUF,202609270buf,2026,REG,3,Alec Anderson,AndeAl01,C,BUF,LAC,66,1,0,0,4,0.17
2026_03_LAC_BUF,202609270buf,2026,REG,3,O'Cyrus Torrence,TorrOC00,G,BUF,LAC,66,1,0,0,4,0.17
2026_03_LAC_BUF,202609270buf,2026,REG,3,Dion Dawkins,DawkDi00,T,BUF,LAC,66,1,0,0,4,0.17
2026_03_LAC_BUF,202609270buf,2026,REG,3,Spencer Brown,BrowSp00,T,BUF,LAC,66,1,0,0,4,0.17
2026_03_LAC_BUF,202609270buf,2026,REG,3,Josh Allen,AlleJo02,QB,BUF,LAC,66,1,0,0,0,0
2026_03_LAC_BUF,202609270buf,2026,REG,3,Connor McGovern,McGoCo01,C,BUF,LAC,66,1,0,0,0,0
2026_03_LAC_BUF,202609270buf,2026,REG,3,Khalil Shakir,ShakKh00,WR,BUF,LAC,48,0.73,0,0,1,0.04
2026_03_LAC_BUF,202609270buf,2026,REG,3,Dawson Knox,KnoxDa00,TE,BUF,LAC,46,0.7,0,0,1,0.04
2026_03_LAC_BUF,202609270buf,2026,REG,3,James Cook,CookJa01,RB,BUF,LAC,44,0.67,0,0,0,0
2026_03_LAC_BUF,202609270buf,2026,REG,3,Dalton Kincaid,KincDa00,TE,BUF,LAC,44,0.67,0,0,0,0
2026_03_LAC_BUF,202609270buf,2026,REG,3,D.J. Moore,MoorD.00,WR,BUF,LAC,42,0.64,0,0,0,0
2026_03_LAC_BUF,202609270buf,2026,REG,3,Keon Coleman,ColeKe02,WR,BUF,LAC,32,0.48,0,0,1,0.04
2026_03_LAC_BUF,202609270buf,2026,REG,3,Jackson Hawes,HaweJa00,TE,BUF,LAC,25,0.38,0,0,6,0.26
2026_03_LAC_BUF,202609270buf,2026,REG,3,Josh Palmer,PalmJo00,WR,BUF,LAC,21,0.32,0,0,0,0
2026_03_LAC_BUF,202609270buf,2026,REG,3,Ty Johnson,JohnTy02,RB,BUF,LAC,15,0.23,0,0,1,0.04
2026_03_LAC_BUF,202609270buf,2026,REG,3,Greg Dortch,DortGr01,WR,BUF,LAC,5,0.08,0,0,7,0.3
2026_03_LAC_BUF,202609270buf,2026,REG,3,Ray Davis,DaviRa04,RB,BUF,LAC,5,0.08,0,0,5,0.22
2026_03_LAC_BUF,202609270buf,2026,REG,3,Keleki Latu,LatuKe00,TE,BUF,LAC,3,0.05,0,0,13,0.57
2026_03_LAC_BUF,202609270buf,2026,REG,3,Cole Bishop,BishCo00,S,BUF,LAC,0,0,69,1,5,0.22
2026_03_LAC_BUF,202609270buf,2026,REG,3,C.J. Gardner-Johnson,GardCh00,S,BUF,LAC,0,0,68,0.99,0,0
2026_03_LAC_BUF,202609270buf,2026,REG,3,Terrel Bernard,BernTe00,LB,BUF,LAC,0,0,64,0.93,0,0
2026_03_LAC_BUF,202609270buf,2026,REG,3,Maxwell Hairston,HairMa00,CB,BUF,LAC,0,0,56,0.81,6,0.26
2026_03_LAC_BUF,202609270buf,2026,REG,3,Gregory Rousseau,RousGr00,LB,BUF,LAC,0,0,56,0.81,5,0.22
2026_03_LAC_BUF,202609270buf,2026,REG,3,Bradley Chubb,ChubBr00,LB,BUF,LAC,0,0,56,0.81,0,0
2026_03_LAC_BUF,202609270buf,2026,REG,3,Dorian Williams,WillDo04,LB,BUF,LAC,0,0,52,0.75,7,0.3
2026_03_LAC_BUF,202609270buf,2026,REG,3,Christian Benford,BenfCh00,CB,BUF,LAC,0,0,52,0.75,0,0
2026_03_LAC_BUF,202609270buf,2026,REG,3,Deone Walker,WalkDe04,DL,BUF,LAC,0,0,48,0.7,8,0.35
2026_03_LAC_BUF,202609270buf,2026,REG,3,Dee Alford,AlfoDe00,CB,BUF,LAC,0,0,36,0.52,8,0.35
2026_03_LAC_BUF,202609270buf,2026,REG,3,DeWayne Carter,CartDe03,DL,BUF,LAC,0,0,33,0.48,1,0.04
2026_03_LAC_BUF,202609270buf,2026,REG,3,Davison Igbinosun,IgbiDa01,CB,BUF,LAC,0,0,30,0.43,8,0.35
2026_03_LAC_BUF,202609270buf,2026,REG,3,Ed Oliver,OlivEd00,DL,BUF,LAC,0,0,28,0.41,0,0
2026_03_LAC_BUF,202609270buf,2026,REG,3,Landon Jackson,JackLa03,DL,BUF,LAC,0,0,26,0.38,9,0.39
2026_03_LAC_BUF,202609270buf,2026,REG,3,Michael Hoecht,HoecMi00,LB,BUF,LAC,0,0,24,0.35,15,0.65
2026_03_LAC_BUF,202609270buf,2026,REG,3,Greg Gaines,GainGr00,DL,BUF,LAC,0,0,22,0.32,5,0.22
2026_03_LAC_BUF,202609270buf,2026,REG,3,Damar Hamlin,HamlDa00,S,BUF,LAC,0,0,14,0.2,11,0.48
2026_03_LAC_BUF,202609270buf,2026,REG,3,T.J. Parker,ParkTJ00,LB,BUF,LAC,0,0,9,0.13,12,0.52
2026_03_LAC_BUF,202609270buf,2026,REG,3,Kaleb Elarms-Orr,ElarKa00,LB,BUF,LAC,0,0,9,0.13,12,0.52
2026_03_LAC_BUF,202609270buf,2026,REG,3,Javon Solomon,SoloJa00,LB,BUF,LAC,0,0,6,0.09,13,0.57
2026_03_LAC_BUF,202609270buf,2026,REG,3,Joe Andreessen,AndrJo02,LB,BUF,LAC,0,0,0,0,19,0.83
2026_03_LAC_BUF,202609270buf,2026,REG,3,Sam Franklin,FranSa00,DB,BUF,LAC,0,0,0,0,18,0.78
2026_03_LAC_BUF,202609270buf,2026,REG,3,Te'Cory Couch,CoucTe00,DB,BUF,LAC,0,0,0,0,13,0.57
2026_03_LAC_BUF,202609270buf,2026,REG,3,Tyler Bass,BassTy00,K,BUF,LAC,0,0,0,0,9,0.39
2026_03_LAC_BUF,202609270buf,2026,REG,3,Tommy Doman,DomaTo00,P,BUF,LAC,0,0,0,0,5,0.22
2026_03_LAC_BUF,202609270buf,2026,REG,3,Reid Ferguson,FergRe00,LS,BUF,LAC,0,0,0,0,5,0.22
2026_03_LAC_BUF,202609270buf,2026,REG,3,Austin Corbett,CorbAu00,G,BUF,LAC,0,0,0,0,4,0.17
2026_03_LAC_BUF,202609270buf,2026,REG,3,Lloyd Cushenberry III,CushLl00,C,BUF,LAC,0,0,0,0,4,0.17
2026_03_LAC_BUF,202609270buf,2026,REG,3,Joe Alt,AltxJo01,T,LAC,BUF,69,1,0,0,5,0.22
2026_03_LAC_BUF,202609270buf,2026,REG,3,Rashawn Slater,SlatRa00,T,LAC,BUF,69,1,0,0,5,0.22
2026_03_LAC_BUF,202609270buf,2026,REG,3,Jake Slaughter,SlauJa02,OL,LAC,BUF,69,1,0,0,5,0.22
2026_03_LAC_BUF,202609270buf,2026,REG,3,Trevor Penning,PennTr00,OL,LAC,BUF,69,1,0,0,5,0.22
2026_03_LAC_BUF,202609270buf,2026,REG,3,Cole Strange,StraCo01,G,LAC,BUF,69,1,0,0,5,0.22
2026_03_LAC_BUF,202609270buf,2026,REG,3,Justin Herbert,HerbJu00,QB,LAC,BUF,69,1,0,0,0,0
2026_03_LAC_BUF,202609270buf,2026,REG,3,Ladd McConkey,McCoLa00,WR,LAC,BUF,61,0.88,0,0,0,0
2026_03_LAC_BUF,202609270buf,2026,REG,3,Quentin Johnston,JohnQu02,WR,LAC,BUF,60,0.87,0,0,0,0
2026_03_LAC_BUF,202609270buf,2026,REG,3,Tre Harris,HarrTr03,WR,LAC,BUF,40,0.58,0,0,0,0
2026_03_LAC_BUF,202609270buf,2026,REG,3,Oronde Gadsden II,GadsOr01,TE,LAC,BUF,39,0.57,0,0,1,0.04
2026_03_LAC_BUF,202609270buf,2026,REG,3,Alec Ingold,IngoAl01,FB,LAC,BUF,31,0.45,0,0,8,0.35
2026_03_LAC_BUF,202609270buf,2026,REG,3,Omarion Hampton,HampOm00,RB,LAC,BUF,29,0.42,0,0,0,0
2026_03_LAC_BUF,202609270buf,2026,REG,3,Hayden Rucci,RuccHa00,TE,LAC,BUF,28,0.41,0,0,5,0.22
2026_03_LAC_BUF,202609270buf,2026,REG,3,Keaton Mitchell,MitcKe01,RB,LAC,BUF,26,0.38,0,0,4,0.17
2026_03_LAC_BUF,202609270buf,2026,REG,3,Kimani Vidal,VidaKi00,RB,LAC,BUF,17,0.25,0,0,6,0.26
2026_03_LAC_BUF,202609270buf,2026,REG,3,Travis Burke,BurkTr01,T,LAC,BUF,9,0.13,0,0,5,0.22
2026_03_LAC_BUF,202609270buf,2026,REG,3,Marquez Valdes-Scantling,ValdMa00,WR,LAC,BUF,3,0.04,0,0,0,0
2026_03_LAC_BUF,202609270buf,2026,REG,3,Patrick Herbert,HerbPa00,TE,LAC,BUF,1,0.01,0,0,6,0.26
2026_03_LAC_BUF,202609270buf,2026,REG,3,Derius Davis,DaviDe02,WR,LAC,BUF,1,0.01,0,0,4,0.17
2026_03_LAC_BUF,202609270buf,2026,REG,3,Derwin James,JameDe00,S,LAC,BUF,0,0,66,1,0,0
2026_03_LAC_BUF,202609270buf,2026,REG,3,Tarheeb Still,StilTa00,CB,LAC,BUF,0,0,63,0.95,4,0.17
2026_03_LAC_BUF,202609270buf,2026,REG,3,Daiyan Henley,HenlDa00,LB,LAC,BUF,0,0,58,0.88,0,0
2026_03_LAC_BUF,202609270buf,2026,REG,3,Cam Hart,HartCa00,CB,LAC,BUF,0,0,56,0.85,6,0.26
2026_03_LAC_BUF,202609270buf,2026,REG,3,Tuli Tuipulotu,TuipTu00,LB,LAC,BUF,0,0,54,0.82,4,0.17
2026_03_LAC_BUF,202609270buf,2026,REG,3,Khalil Mack,MackKh00,LB,LAC,BUF,0,0,49,0.74,0,0
2026_03_LAC_BUF,202609270buf,2026,REG,3,Genesis Smith,SmitGe01,S,LAC,BUF,0,0,42,0.64,17,0.74
2026_03_LAC_BUF,202609270buf,2026,REG,3,Justin Eboigbe,EboiJu00,DL,LAC,BUF,0,0,41,0.62,9,0.39
2026_03_LAC_BUF,202609270buf,2026,REG,3,Jamaree Caldwell,CaldJa00,DL,LAC,BUF,0,0,38,0.58,4,0.17
2026_03_LAC_BUF,202609270buf,2026,REG,3,Tony Jefferson,JeffTo00,S,LAC,BUF,0,0,37,0.56,8,0.35
2026_03_LAC_BUF,202609270buf,2026,REG,3,Teair Tart,TartTe00,DL,LAC,BUF,0,0,36,0.55,0,0
2026_03_LAC_BUF,202609270buf,2026,REG,3,Akheem Mesidor,MesiAk01,LB,LAC,BUF,0,0,35,0.53,6,0.26
2026_03_LAC_BUF,202609270buf,2026,REG,3,R.J. Mickens,MickRJ00,S,LAC,BUF,0,0,33,0.5,4,0.17
2026_03_LAC_BUF,202609270buf,2026,REG,3,Del'Shawn Phillips,PhilDe00,LB,LAC,BUF,0,0,31,0.47,8,0.35
2026_03_LAC_BUF,202609270buf,2026,REG,3,Troy Dye,DyexTr00,LB,LAC,BUF,0,0,24,0.36,18,0.78
2026_03_LAC_BUF,202609270buf,2026,REG,3,Nick Barrett,BarrNi00,DL,LAC,BUF,0,0,18,0.27,4,0.17
2026_03_LAC_BUF,202609270buf,2026,REG,3,Donte Jackson,JackDo02,CB,LAC,BUF,0,0,18,0.27,0,0
2026_03_LAC_BUF,202609270buf,2026,REG,3,Bud Dupree,DuprAl00,LB,LAC,BUF,0,0,16,0.24,8,0.35
2026_03_LAC_BUF,202609270buf,2026,REG,3,Rodney Shelley,ShelRo00,CB,LAC,BUF,0,0,11,0.17,0,0
2026_03_LAC_BUF,202609270buf,2026,REG,3,Caleb Murphy,MurpCa00,LB,LAC,BUF,0,0,0,0,16,0.7
2026_03_LAC_BUF,202609270buf,2026,REG,3,Marlowe Wax,WaxxMa00,LB,LAC,BUF,0,0,0,0,14,0.61
2026_03_LAC_BUF,202609270buf,2026,REG,3,Kendall Williamson,WillKe07,S,LAC,BUF,0,0,0,0,14,0.61
2026_03_LAC_BUF,202609270buf,2026,REG,3,Deane Leonard,LeonDe00,DB,LAC,BUF,0,0,0,0,13,0.57
2026_03_LAC_BUF,202609270buf,2026,REG,3,Cameron Dicker,DickCa00,K,LAC,BUF,0,0,0,0,10,0.43
2026_03_LAC_BUF,202609270buf,2026,REG,3,JK Scott,ScotJK00,P,LAC,BUF,0,0,0,0,8,0.35
2026_03_LAC_BUF,202609270buf,2026,REG,3,Josh Harris,HarrJo02,LS,LAC,BUF,0,0,0,0,8,0.35
2026_03_LAC_BUF,202609270buf,2026,REG,3,Logan Taylor,TaylLo00,G,LAC,BUF,0,0,0,0,5,0.22
2026_03_LA_DEN,202609270den,2026,REG,3,Ben Powers,PoweBe00,G,DEN,LA,67,1,0,0,3,0.1
2026_03_LA_DEN,202609270den,2026,REG,3,Garett Bolles,BollGa00,T,DEN,LA,67,1,0,0,3,0.1
2026_03_LA_DEN,202609270den,2026,REG,3,Quinn Meinerz,MeinQu02,G,DEN,LA,67,1,0,0,3,0.1
2026_03_LA_DEN,202609270den,2026,REG,3,Mike McGlinchey,McGlMi00,T,DEN,LA,67,1,0,0,3,0.1
2026_03_LA_DEN,202609270den,2026,REG,3,Luke Wattenberg,WattLu00,C,DEN,LA,67,1,0,0,0,0
2026_03_LA_DEN,202609270den,2026,REG,3,Bo Nix,NixxBo00,QB,DEN,LA,67,1,0,0,0,0
2026_03_LA_DEN,202609270den,2026,REG,3,Courtland Sutton,SuttCo00,WR,DEN,LA,58,0.87,0,0,0,0
2026_03_LA_DEN,202609270den,2026,REG,3,Jaylen Waddle,WaddJa00,WR,DEN,LA,49,0.73,0,0,0,0
2026_03_LA_DEN,202609270den,2026,REG,3,Pat Bryant,BryaPa00,WR,DEN,LA,47,0.7,0,0,0,0
2026_03_LA_DEN,202609270den,2026,REG,3,Evan Engram,EngrEv00,TE,DEN,LA,40,0.6,0,0,0,0
2026_03_LA_DEN,202609270den,2026,REG,3,J.K. Dobbins,DobbJK00,RB,DEN,LA,33,0.49,0,0,0,0
2026_03_LA_DEN,202609270den,2026,REG,3,Adam Trautman,TrauAd00,TE,DEN,LA,27,0.4,0,0,3,0.1
2026_03_LA_DEN,202609270den,2026,REG,3,RJ Harvey,HarvRJ00,RB,DEN,LA,24,0.36,0,0,0,0
2026_03_LA_DEN,202609270den,2026,REG,3,Nate Adkins,AdkiNa00,TE,DEN,LA,23,0.34,0,0,11,0.37
2026_03_LA_DEN,202609270den,2026,REG,3,Tyler Badie,BadiTy00,RB,DEN,LA,12,0.18,0,0,14,0.47
2026_03_LA_DEN,202609270den,2026,REG,3,Troy Franklin,FranTr00,WR,DEN,LA,12,0.18,0,0,0,0
2026_03_LA_DEN,202609270den,2026,REG,3,Alex Palczewski,PalcAl00,T,DEN,LA,6,0.09,0,0,3,0.1
2026_03_LA_DEN,202609270den,2026,REG,3,Adam Prentice,PrenAd00,FB,DEN,LA,4,0.06,0,0,20,0.67
2026_03_LA_DEN,202609270den,2026,REG,3,Riley Moss,MossRi00,CB,DEN,LA,0,0,86,1,2,0.07
2026_03_LA_DEN,202609270den,2026,REG,3,Patrick Surtain II,SurtPa01,CB,DEN,LA,0,0,86,1,0,0
2026_03_LA_DEN,202609270den,2026,REG,3,Alex Singleton,SingAl00,LB,DEN,LA,0,0,86,1,0,0
2026_03_LA_DEN,202609270den,2026,REG,3,Brandon Jones,JoneBr06,S,DEN,LA,0,0,85,0.99,0,0
2026_03_LA_DEN,202609270den,2026,REG,3,Talanoa Hufanga,HufaTa00,S,DEN,LA,0,0,83,0.97,6,0.2
2026_03_LA_DEN,202609270den,2026,REG,3,Zach Allen,AlleZa01,DL,DEN,LA,0,0,61,0.71,6,0.2
2026_03_LA_DEN,202609270den,2026,REG,3,Nik Bonitto,BoniNi00,LB,DEN,LA,0,0,58,0.67,0,0
2026_03_LA_DEN,202609270den,2026,REG,3,Justin Strnad,StrnJu00,LB,DEN,LA,0,0,57,0.66,1,0.03
2026_03_LA_DEN,202609270den,2026,REG,3,Ja'Quan McMillian,McMiJa00,CB,DEN,LA,0,0,54,0.63,0,0
2026_03_LA_DEN,202609270den,2026,REG,3,Jonah Elliss,ElliJo03,LB,DEN,LA,0,0,53,0.62,8,0.27
2026_03_LA_DEN,202609270den,2026,REG,3,Malcolm Roach,RoacMa01,DT,DEN,LA,0,0,53,0.62,7,0.23
2026_03_LA_DEN,202609270den,2026,REG,3,D.J. Jones,JoneD.01,DT,DEN,LA,0,0,38,0.44,0,0
2026_03_LA_DEN,202609270den,2026,REG,3,Quandarrius Robinson,RobiQu00,LB,DEN,LA,0,0,35,0.41,26,0.87
2026_03_LA_DEN,202609270den,2026,REG,3,Eyioma Uwazurike,UwazEy00,DL,DEN,LA,0,0,35,0.41,6,0.2
2026_03_LA_DEN,202609270den,2026,REG,3,Dondrea Tillman,TillDo00,LB,DEN,LA,0,0,27,0.31,19,0.63
2026_03_LA_DEN,202609270den,2026,REG,3,Jahdae Barron,BarrJa01,CB,DEN,LA,0,0,24,0.28,13,0.43
2026_03_LA_DEN,202609270den,2026,REG,3,Jordan Jackson,JackJo06,DL,DEN,LA,0,0,17,0.2,7,0.23
2026_03_LA_DEN,202609270den,2026,REG,3,Devon Key,KeyxDe00,DB,DEN,LA,0,0,7,0.08,27,0.9
2026_03_LA_DEN,202609270den,2026,REG,3,Jordan Turner,TurnJo00,LB,DEN,LA,0,0,1,0.01,21,0.7
2026_03_LA_DEN,202609270den,2026,REG,3,Tycen Anderson,AndeTy00,S,DEN,LA,0,0,0,0,27,0.9
2026_03_LA_DEN,202609270den,2026,REG,3,JL Skinner,SkinJL00,S,DEN,LA,0,0,0,0,20,0.67
2026_03_LA_DEN,202609270den,2026,REG,3,Kris Abrams-Draine,AbraKr00,CB,DEN,LA,0,0,0,0,16,0.53
2026_03_LA_DEN,202609270den,2026,REG,3,Karene Reid,ReidKa00,LB,DEN,LA,0,0,0,0,15,0.5
2026_03_LA_DEN,202609270den,2026,REG,3,Kolbe Katsis,KatsKo00,WR,DEN,LA,0,0,0,0,10,0.33
2026_03_LA_DEN,202609270den,2026,REG,3,Jeremy Crawshaw,CrawJe00,P,DEN,LA,0,0,0,0,8,0.27
2026_03_LA_DEN,202609270den,2026,REG,3,Wil Lutz,LutzWi00,K,DEN,LA,0,0,0,0,8,0.27
2026_03_LA_DEN,202609270den,2026,REG,3,Mitchell Fraboni,FrabMi00,LS,DEN,LA,0,0,0,0,8,0.27
2026_03_LA_DEN,202609270den,2026,REG,3,Matt Peart,PearMa00,T,DEN,LA,0,0,0,0,3,0.1
2026_03_LA_DEN,202609270den,2026,REG,3,Alex Forsyth,ForsAl00,C,DEN,LA,0,0,0,0,3,0.1
2026_03_LA_DEN,202609270den,2026,REG,3,Steve Avila,AvilSt00,OL,LA,DEN,86,1,0,0,6,0.2
2026_03_LA_DEN,202609270den,2026,REG,3,Alaric Jackson,JackAl01,OL,LA,DEN,86,1,0,0,6,0.2
2026_03_LA_DEN,202609270den,2026,REG,3,Coleman Shelton,ShelCo00,OL,LA,DEN,86,1,0,0,6,0.2
2026_03_LA_DEN,202609270den,2026,REG,3,Warren McClendon,McClWa00,OL,LA,DEN,86,1,0,0,6,0.2
2026_03_LA_DEN,202609270den,2026,REG,3,Matthew Stafford,StafMa00,QB,LA,DEN,86,1,0,0,0,0
2026_03_LA_DEN,202609270den,2026,REG,3,Kevin Dotson,DotsKe00,OL,LA,DEN,85,0.99,0,0,6,0.2
2026_03_LA_DEN,202609270den,2026,REG,3,Davante Adams,AdamDa01,WR,LA,DEN,71,0.83,0,0,0,0
2026_03_LA_DEN,202609270den,2026,REG,3,Konata Mumpfield,MumpKo00,WR,LA,DEN,63,0.73,0,0,0,0
2026_03_LA_DEN,202609270den,2026,REG,3,Tyler Higbee,HigbTy00,TE,LA,DEN,61,0.71,0,0,16,0.53
2026_03_LA_DEN,202609270den,2026,REG,3,Kyren Williams,WillKy02,RB,LA,DEN,61,0.71,0,0,0,0
2026_03_LA_DEN,202609270den,2026,REG,3,Xavier Smith,SmitXa00,WR,LA,DEN,38,0.44,0,0,13,0.43
2026_03_LA_DEN,202609270den,2026,REG,3,Colby Parkinson,ParkCo02,TE,LA,DEN,37,0.43,0,0,0,0
2026_03_LA_DEN,202609270den,2026,REG,3,Davis Allen,AlleDa02,TE,LA,DEN,31,0.36,0,0,10,0.33
2026_03_LA_DEN,202609270den,2026,REG,3,Blake Corum,CoruBl00,RB,LA,DEN,25,0.29,0,0,0,0
2026_03_LA_DEN,202609270den,2026,REG,3,Terrance Ferguson,FergTe00,TE,LA,DEN,22,0.26,0,0,1,0.03
2026_03_LA_DEN,202609270den,2026,REG,3,Jordan Whittington,WhitJo04,WR,LA,DEN,21,0.24,0,0,6,0.2
2026_03_LA_DEN,202609270den,2026,REG,3,Beaux Limmer,LimmBe00,OL,LA,DEN,1,0.01,0,0,6,0.2
2026_03_LA_DEN,202609270den,2026,REG,3,Quentin Lake,LakeQu00,S,LA,DEN,0,0,67,1,10,0.33
2026_03_LA_DEN,202609270den,2026,REG,3,Trent McDuffie,McDuTr00,CB,LA,DEN,0,0,66,0.99,3,0.1
2026_03_LA_DEN,202609270den,2026,REG,3,Kamren Curl,CurlKa00,S,LA,DEN,0,0,66,0.99,0,0
2026_03_LA_DEN,202609270den,2026,REG,3,Nathan Landman,LandNa01,LB,LA,DEN,0,0,59,0.88,3,0.1
2026_03_LA_DEN,202609270den,2026,REG,3,Byron Young,YounBy01,LB,LA,DEN,0,0,59,0.88,0,0
2026_03_LA_DEN,202609270den,2026,REG,3,Josh Wallace,WallJo00,CB,LA,DEN,0,0,58,0.87,19,0.63
2026_03_LA_DEN,202609270den,2026,REG,3,Josaiah Stewart,StewJo03,LB,LA,DEN,0,0,52,0.78,0,0
2026_03_LA_DEN,202609270den,2026,REG,3,Kobie Turner,TurnKo00,DE,LA,DEN,0,0,41,0.61,3,0.1
2026_03_LA_DEN,202609270den,2026,REG,3,Omar Speights,SpeiOm00,LB,LA,DEN,0,0,40,0.6,16,0.53
2026_03_LA_DEN,202609270den,2026,REG,3,Emmanuel Forbes,ForbEm00,CB,LA,DEN,0,0,39,0.58,8,0.27
2026_03_LA_DEN,202609270den,2026,REG,3,Braden Fiske,FiskBr00,DE,LA,DEN,0,0,35,0.52,8,0.27
2026_03_LA_DEN,202609270den,2026,REG,3,Aaron Donald,DonaAa00,DE,LA,DEN,0,0,35,0.52,0,0
2026_03_LA_DEN,202609270den,2026,REG,3,Jaylen McCollough,McCoJa02,S,LA,DEN,0,0,25,0.37,19,0.63
2026_03_LA_DEN,202609270den,2026,REG,3,Poona Ford,FordPo00,NT,LA,DEN,0,0,21,0.31,4,0.13
2026_03_LA_DEN,202609270den,2026,REG,3,Tyler Davis,DaviTy05,DE,LA,DEN,0,0,20,0.3,4,0.13
2026_03_LA_DEN,202609270den,2026,REG,3,Jaylen Watson,WatsJa02,CB,LA,DEN,0,0,20,0.3,0,0
2026_03_LA_DEN,202609270den,2026,REG,3,Wesley Bailey,BailWe00,LB,LA,DEN,0,0,13,0.19,10,0.33
2026_03_LA_DEN,202609270den,2026,REG,3,Desjuan Johnson,JohnDe08,LB,LA,DEN,0,0,12,0.18,10,0.33
2026_03_LA_DEN,202609270den,2026,REG,3,Ty Hamilton,HamiTy00,NT,LA,DEN,0,0,9,0.13,0,0
2026_03_LA_DEN,202609270den,2026,REG,3,Shaun Dolac,DolaSh00,LB,LA,DEN,0,0,0,0,24,0.8
2026_03_LA_DEN,202609270den,2026,REG,3,Grant Stuard,StuaGr00,LB,LA,DEN,0,0,0,0,21,0.7
2026_03_LA_DEN,202609270den,2026,REG,3,Tanner Ingle,InglTa00,S,LA,DEN,0,0,0,0,18,0.6
2026_03_LA_DEN,202609270den,2026,REG,3,Elias Neal,NealEl00,LB,LA,DEN,0,0,0,0,15,0.5
2026_03_LA_DEN,202609270den,2026,REG,3,Harrison Mevis,MeviHa00,K,LA,DEN,0,0,0,0,12,0.4
2026_03_LA_DEN,202609270den,2026,REG,3,Ethan Evans,EvanEt00,P,LA,DEN,0,0,0,0,11,0.37
2026_03_LA_DEN,202609270den,2026,REG,3,Joe Cardona,CardJo00,LS,LA,DEN,0,0,0,0,11,0.37
2026_03_LA_DEN,202609270den,2026,REG,3,Dean Connors,ConnDe00,RB,LA,DEN,0,0,0,0,9,0.3
2026_03_LA_DEN,202609270den,2026,REG,3,David Quessenberry,QuesDa00,OL,LA,DEN,0,0,0,0,6,0.2
2026_03_LA_DEN,202609270den,2026,REG,3,Max Klare,KlarMa00,TE,LA,DEN,0,0,0,0,4,0.13
2026_03_LV_NO,202609270nor,2026,REG,3,Cesar Ruiz,RuizCe00,C,NO,LV,74,1,0,0,4,0.15
2026_03_LV_NO,202609270nor,2026,REG,3,Asim Richards,RichAs00,OL,NO,LV,74,1,0,0,4,0.15
2026_03_LV_NO,202609270nor,2026,REG,3,Taliese Fuaga,FuagTa00,T,NO,LV,74,1,0,0,4,0.15
2026_03_LV_NO,202609270nor,2026,REG,3,David Edwards,EdwaDa01,G,NO,LV,74,1,0,0,4,0.15
2026_03_LV_NO,202609270nor,2026,REG,3,Erik McCoy,McCoEr01,C,NO,LV,74,1,0,0,0,0
2026_03_LV_NO,202609270nor,2026,REG,3,Tyler Shough,ShouTy00,QB,NO,LV,74,1,0,0,0,0
2026_03_LV_NO,202609270nor,2026,REG,3,Devaughn Vele,VeleDe00,WR,NO,LV,65,0.88,0,0,0,0
2026_03_LV_NO,202609270nor,2026,REG,3,Chris Olave,OlavCh00,WR,NO,LV,62,0.84,0,0,0,0
2026_03_LV_NO,202609270nor,2026,REG,3,Bryce Lance,LancBr00,WR,NO,LV,53,0.72,0,0,0,0
2026_03_LV_NO,202609270nor,2026,REG,3,Juwan Johnson,JohnJu02,TE,NO,LV,46,0.62,0,0,4,0.15
2026_03_LV_NO,202609270nor,2026,REG,3,Noah Fant,FantNo00,TE,NO,LV,42,0.57,0,0,2,0.07
2026_03_LV_NO,202609270nor,2026,REG,3,Travis Etienne,EtieTr00,RB,NO,LV,28,0.38,0,0,0,0
2026_03_LV_NO,202609270nor,2026,REG,3,Alvin Kamara,KamaAl00,RB,NO,LV,24,0.32,0,0,0,0
2026_03_LV_NO,202609270nor,2026,REG,3,Oscar Delp,DelpOs01,TE,NO,LV,14,0.19,0,0,12,0.44
2026_03_LV_NO,202609270nor,2026,REG,3,Kendre Miller,MillKe01,RB,NO,LV,14,0.19,0,0,3,0.11
2026_03_LV_NO,202609270nor,2026,REG,3,CJ Donaldson,DonaCJ00,RB,NO,LV,12,0.16,0,0,18,0.67
2026_03_LV_NO,202609270nor,2026,REG,3,Kevin Austin,AustKe00,WR,NO,LV,10,0.14,0,0,8,0.3
2026_03_LV_NO,202609270nor,2026,REG,3,Justin Reid,ReidJu00,S,NO,LV,0,0,70,1,6,0.22
2026_03_LV_NO,202609270nor,2026,REG,3,Julian Blackmon,BlacJu01,S,NO,LV,0,0,70,1,3,0.11
2026_03_LV_NO,202609270nor,2026,REG,3,Quincy Riley,RileQu00,CB,NO,LV,0,0,70,1,0,0
2026_03_LV_NO,202609270nor,2026,REG,3,Kaden Elliss,ElliKa00,LB,NO,LV,0,0,70,1,0,0
2026_03_LV_NO,202609270nor,2026,REG,3,Kool-Aid McKinstry,McKiKo00,CB,NO,LV,0,0,70,1,0,0
2026_03_LV_NO,202609270nor,2026,REG,3,Chase Young,YounCh04,DE,NO,LV,0,0,53,0.76,0,0
2026_03_LV_NO,202609270nor,2026,REG,3,Nathan Shepherd,ShepNa00,DL,NO,LV,0,0,48,0.69,5,0.19
2026_03_LV_NO,202609270nor,2026,REG,3,Jonas Sanker,SankJo00,S,NO,LV,0,0,46,0.66,2,0.07
2026_03_LV_NO,202609270nor,2026,REG,3,Danny Stutsman,StutDa00,LB,NO,LV,0,0,45,0.64,23,0.85
2026_03_LV_NO,202609270nor,2026,REG,3,Vernon Broughton,BrouVe00,DL,NO,LV,0,0,40,0.57,5,0.19
2026_03_LV_NO,202609270nor,2026,REG,3,Cameron Jordan,JordCa00,DE,NO,LV,0,0,39,0.56,0,0
2026_03_LV_NO,202609270nor,2026,REG,3,Carl Granderson,GranCa01,DE,NO,LV,0,0,36,0.51,4,0.15
2026_03_LV_NO,202609270nor,2026,REG,3,Davon Godchaux,GodcDa00,DL,NO,LV,0,0,27,0.39,0,0
2026_03_LV_NO,202609270nor,2026,REG,3,Khristian Boyd,BoydKh00,DL,NO,LV,0,0,26,0.37,5,0.19
2026_03_LV_NO,202609270nor,2026,REG,3,Colby Wooden,WoodCo01,DL,NO,LV,0,0,21,0.3,5,0.19
2026_03_LV_NO,202609270nor,2026,REG,3,Pete Werner,WernPe00,LB,NO,LV,0,0,19,0.27,1,0.04
2026_03_LV_NO,202609270nor,2026,REG,3,Anfernee Jennings,JennAn00,DE,NO,LV,0,0,18,0.26,16,0.59
2026_03_LV_NO,202609270nor,2026,REG,3,Jordan Howden,HowdJo00,DB,NO,LV,0,0,2,0.03,23,0.85
2026_03_LV_NO,202609270nor,2026,REG,3,Chris Rumph,RumpCh00,LB,NO,LV,0,0,0,0,23,0.85
2026_03_LV_NO,202609270nor,2026,REG,3,Isaiah Stalbird,StalIs00,LB,NO,LV,0,0,0,0,23,0.85
2026_03_LV_NO,202609270nor,2026,REG,3,Jayden Price,PricJa01,CB,NO,LV,0,0,0,0,23,0.85
2026_03_LV_NO,202609270nor,2026,REG,3,Michael Reid,ReidMi01,S,NO,LV,0,0,0,0,15,0.56
2026_03_LV_NO,202609270nor,2026,REG,3,Decamerion Richardson,RichDe01,CB,NO,LV,0,0,0,0,11,0.41
2026_03_LV_NO,202609270nor,2026,REG,3,Daniel Carlson,CarlDa00,K,NO,LV,0,0,0,0,8,0.3
2026_03_LV_NO,202609270nor,2026,REG,3,Cal Adomitis,AdomCa00,LS,NO,LV,0,0,0,0,7,0.26
2026_03_LV_NO,202609270nor,2026,REG,3,Ryan Wright,WrigRy00,P,NO,LV,0,0,0,0,7,0.26
2026_03_LV_NO,202609270nor,2026,REG,3,Jalen Moreno-Cropper,MoreJa01,WR,NO,LV,0,0,0,0,7,0.26
2026_03_LV_NO,202609270nor,2026,REG,3,William Sherman,SherWi01,G,NO,LV,0,0,0,0,4,0.15
2026_03_LV_NO,202609270nor,2026,REG,3,Mason Murphy,MurpMa05,T,NO,LV,0,0,0,0,4,0.15
2026_03_LV_NO,202609270nor,2026,REG,3,Jeremiah Wright,WrigJe00,G,NO,LV,0,0,0,0,4,0.15
2026_03_LV_NO,202609270nor,2026,REG,3,Spencer Burford,BurfSp00,G,LV,NO,70,1,0,0,5,0.19
2026_03_LV_NO,202609270nor,2026,REG,3,Delmar Glaze,GlazDe00,T,LV,NO,70,1,0,0,5,0.19
2026_03_LV_NO,202609270nor,2026,REG,3,Kolton Miller,MillKo00,T,LV,NO,70,1,0,0,5,0.19
2026_03_LV_NO,202609270nor,2026,REG,3,Tyler Linderbaum,LindTy00,C,LV,NO,70,1,0,0,1,0.04
2026_03_LV_NO,202609270nor,2026,REG,3,Kirk Cousins,CousKi00,QB,LV,NO,70,1,0,0,0,0
2026_03_LV_NO,202609270nor,2026,REG,3,Jackson Powers-Johnson,PoweJa00,G,LV,NO,65,0.93,0,0,4,0.15
2026_03_LV_NO,202609270nor,2026,REG,3,Michael Mayer,MayeMi00,TE,LV,NO,61,0.87,0,0,5,0.19
2026_03_LV_NO,202609270nor,2026,REG,3,Ashton Jeanty,JeanAs00,RB,LV,NO,59,0.84,0,0,0,0
2026_03_LV_NO,202609270nor,2026,REG,3,Brock Bowers,BoweBr01,TE,LV,NO,55,0.79,0,0,0,0
2026_03_LV_NO,202609270nor,2026,REG,3,Tre Tucker,TuckTr00,WR,LV,NO,40,0.57,0,0,0,0
2026_03_LV_NO,202609270nor,2026,REG,3,Jalen Nailor,NailJa00,WR,LV,NO,40,0.57,0,0,0,0
2026_03_LV_NO,202609270nor,2026,REG,3,Connor Heyward,HeywCo00,FB,LV,NO,19,0.27,0,0,10,0.37
2026_03_LV_NO,202609270nor,2026,REG,3,Cody White,WhitCo05,WR,LV,NO,15,0.21,0,0,15,0.56
2026_03_LV_NO,202609270nor,2026,REG,3,Ian Thomas,ThomIa00,TE,LV,NO,14,0.2,0,0,0,0
2026_03_LV_NO,202609270nor,2026,REG,3,Dareke Young,YounDa02,WR,LV,NO,12,0.17,0,0,17,0.63
2026_03_LV_NO,202609270nor,2026,REG,3,Jack Bech,BechJa00,WR,LV,NO,11,0.16,0,0,2,0.07
2026_03_LV_NO,202609270nor,2026,REG,3,Mike Washington Jr.,WashMi00,RB,LV,NO,11,0.16,0,0,0,0
2026_03_LV_NO,202609270nor,2026,REG,3,Caleb Rogers,RogeCa01,G,LV,NO,5,0.07,0,0,5,0.19
2026_03_LV_NO,202609270nor,2026,REG,3,Trey Zuhn,ZuhnTr01,G,LV,NO,5,0.07,0,0,5,0.19
2026_03_LV_NO,202609270nor,2026,REG,3,Dylan Laube,LaubDy00,RB,LV,NO,4,0.06,0,0,22,0.81
2026_03_LV_NO,202609270nor,2026,REG,3,Malik Benson,BensMa00,WR,LV,NO,4,0.06,0,0,2,0.07
2026_03_LV_NO,202609270nor,2026,REG,3,Isaiah Pola-Mao,PolaIs00,S,LV,NO,0,0,74,1,3,0.11
2026_03_LV_NO,202609270nor,2026,REG,3,Jeremy Chinn,ChinJe00,S,LV,NO,0,0,74,1,0,0
2026_03_LV_NO,202609270nor,2026,REG,3,Quay Walker,WalkQu00,LB,LV,NO,0,0,74,1,0,0
2026_03_LV_NO,202609270nor,2026,REG,3,Nakobe Dean,DeanNa00,LB,LV,NO,0,0,74,1,0,0
2026_03_LV_NO,202609270nor,2026,REG,3,Eric Stokes,StokEr00,CB,LV,NO,0,0,74,1,0,0
2026_03_LV_NO,202609270nor,2026,REG,3,Hezekiah Masses,MassHe00,CB,LV,NO,0,0,74,1,0,0
2026_03_LV_NO,202609270nor,2026,REG,3,Taron Johnson,JohnTa01,CB,LV,NO,0,0,71,0.96,0,0
2026_03_LV_NO,202609270nor,2026,REG,3,Maxx Crosby,CrosMa00,DE,LV,NO,0,0,64,0.86,5,0.19
2026_03_LV_NO,202609270nor,2026,REG,3,Kwity Paye,PayeKw00,DE,LV,NO,0,0,43,0.58,0,0
2026_03_LV_NO,202609270nor,2026,REG,3,Tonka Hemingway,HemiTo00,DT,LV,NO,0,0,39,0.53,10,0.37
2026_03_LV_NO,202609270nor,2026,REG,3,Adam Butler,ButlAd00,DT,LV,NO,0,0,36,0.49,0,0
2026_03_LV_NO,202609270nor,2026,REG,3,Malcolm Koonce,KoonMa00,DE,LV,NO,0,0,35,0.47,0,0
2026_03_LV_NO,202609270nor,2026,REG,3,Folorunso Fatukasi,FatuFo00,DT,LV,NO,0,0,34,0.46,0,0
2026_03_LV_NO,202609270nor,2026,REG,3,Thomas Booker,BookTh00,DT,LV,NO,0,0,24,0.32,5,0.19
2026_03_LV_NO,202609270nor,2026,REG,3,Jonah Laulu,LaulJo00,DT,LV,NO,0,0,15,0.2,5,0.19
2026_03_LV_NO,202609270nor,2026,REG,3,Patrick Johnson,JohnPa02,DE,LV,NO,0,0,6,0.08,22,0.81
2026_03_LV_NO,202609270nor,2026,REG,3,Tommy Eichenberg,EichTo00,LB,LV,NO,0,0,3,0.04,22,0.81
2026_03_LV_NO,202609270nor,2026,REG,3,Segun Olubi,OlubSe00,LB,LV,NO,0,0,0,0,22,0.81
2026_03_LV_NO,202609270nor,2026,REG,3,Darien Porter,PortDa00,CB,LV,NO,0,0,0,0,19,0.7
2026_03_LV_NO,202609270nor,2026,REG,3,Tristin McCollum,McCoTr00,S,LV,NO,0,0,0,0,19,0.7
2026_03_LV_NO,202609270nor,2026,REG,3,Cody Lindenberg,LindCo00,LB,LV,NO,0,0,0,0,17,0.63
2026_03_LV_NO,202609270nor,2026,REG,3,Jermod McCoy,McCoJe00,CB,LV,NO,0,0,0,0,12,0.44
2026_03_LV_NO,202609270nor,2026,REG,3,Matt Gay,GayxMa00,K,LV,NO,0,0,0,0,12,0.44
2026_03_LV_NO,202609270nor,2026,REG,3,Alex Ward,WardAl00,LS,LV,NO,0,0,0,0,8,0.3
2026_03_LV_NO,202609270nor,2026,REG,3,AJ Cole III,ColeAJ01,P,LV,NO,0,0,0,0,8,0.3
2026_03_LV_NO,202609270nor,2026,REG,3,Charles Grant,GranCh00,T,LV,NO,0,0,0,0,5,0.19
2026_03_MIN_TB,202609270tam,2026,REG,3,Tristan Wirfs,WirfTr00,T,TB,MIN,69,1,0,0,4,0.11
2026_03_MIN_TB,202609270tam,2026,REG,3,Ben Bredeson,BredBe00,G,TB,MIN,69,1,0,0,4,0.11
2026_03_MIN_TB,202609270tam,2026,REG,3,Cody Mauch,MaucCo00,G,TB,MIN,69,1,0,0,4,0.11
2026_03_MIN_TB,202609270tam,2026,REG,3,Luke Goedeke,GoedLu00,T,TB,MIN,69,1,0,0,4,0.11
2026_03_MIN_TB,202609270tam,2026,REG,3,Graham Barton,BartGr00,C,TB,MIN,69,1,0,0,0,0
2026_03_MIN_TB,202609270tam,2026,REG,3,Cade Otton,OttoCa00,TE,TB,MIN,65,0.94,0,0,1,0.03
2026_03_MIN_TB,202609270tam,2026,REG,3,Baker Mayfield,MayfBa00,QB,TB,MIN,65,0.94,0,0,0,0
2026_03_MIN_TB,202609270tam,2026,REG,3,Ted Hurst,HursTe00,WR,TB,MIN,52,0.75,0,0,0,0
2026_03_MIN_TB,202609270tam,2026,REG,3,Emeka Egbuka,EgbuEm01,WR,TB,MIN,51,0.74,0,0,0,0
2026_03_MIN_TB,202609270tam,2026,REG,3,Chris Godwin,GodwCh00,WR,TB,MIN,43,0.62,0,0,0,0
2026_03_MIN_TB,202609270tam,2026,REG,3,Payne Durham,DurhPa00,TE,TB,MIN,38,0.55,0,0,18,0.49
2026_03_MIN_TB,202609270tam,2026,REG,3,Bucky Irving,IrviBu00,RB,TB,MIN,36,0.52,0,0,0,0
2026_03_MIN_TB,202609270tam,2026,REG,3,Kenneth Gainwell,GainKe00,RB,TB,MIN,32,0.46,0,0,11,0.3
2026_03_MIN_TB,202609270tam,2026,REG,3,Tez Johnson,JohnTe03,WR,TB,MIN,16,0.23,0,0,8,0.22
2026_03_MIN_TB,202609270tam,2026,REG,3,Bauer Sharp,SharBa00,TE,TB,MIN,6,0.09,0,0,28,0.76
2026_03_MIN_TB,202609270tam,2026,REG,3,Jalon Daniels,DaniJa03,QB,TB,MIN,4,0.06,0,0,0,0
2026_03_MIN_TB,202609270tam,2026,REG,3,Ko Kieft,KiefKo00,TE,TB,MIN,2,0.03,0,0,32,0.86
2026_03_MIN_TB,202609270tam,2026,REG,3,Jalen McMillan,McMiJa01,WR,TB,MIN,2,0.03,0,0,0,0
2026_03_MIN_TB,202609270tam,2026,REG,3,Kameron Johnson,JohnKa01,WR,TB,MIN,1,0.01,0,0,19,0.51
2026_03_MIN_TB,202609270tam,2026,REG,3,Sean Tucker,TuckSe00,RB,TB,MIN,1,0.01,0,0,7,0.19
2026_03_MIN_TB,202609270tam,2026,REG,3,Jacob Parrish,ParrJa01,CB,TB,MIN,0,0,59,1,5,0.14
2026_03_MIN_TB,202609270tam,2026,REG,3,Zyon McCollum,McCoZy02,CB,TB,MIN,0,0,59,1,5,0.14
2026_03_MIN_TB,202609270tam,2026,REG,3,Antoine Winfield Jr.,WinfAn00,S,TB,MIN,0,0,59,1,5,0.14
2026_03_MIN_TB,202609270tam,2026,REG,3,Alex Anzalone,AnzaAl00,LB,TB,MIN,0,0,59,1,5,0.14
2026_03_MIN_TB,202609270tam,2026,REG,3,Tykee Smith,SmitTy05,S,TB,MIN,0,0,57,0.97,5,0.14
2026_03_MIN_TB,202609270tam,2026,REG,3,Vita Vea,VeaxVi00,NT,TB,MIN,0,0,48,0.81,5,0.14
2026_03_MIN_TB,202609270tam,2026,REG,3,Al-Quadin Muhammad,MuhaAl00,LB,TB,MIN,0,0,42,0.71,0,0
2026_03_MIN_TB,202609270tam,2026,REG,3,Calijah Kancey,KancCa00,DL,TB,MIN,0,0,40,0.68,5,0.14
2026_03_MIN_TB,202609270tam,2026,REG,3,YaYa Diaby,DiabYa00,LB,TB,MIN,0,0,40,0.68,5,0.14
2026_03_MIN_TB,202609270tam,2026,REG,3,Keionte Scott,ScotKe01,DB,TB,MIN,0,0,34,0.58,5,0.14
2026_03_MIN_TB,202609270tam,2026,REG,3,Christian Rozeboom,RozeCh00,LB,TB,MIN,0,0,30,0.51,24,0.65
2026_03_MIN_TB,202609270tam,2026,REG,3,A'Shawn Robinson,RobiAS00,DL,TB,MIN,0,0,30,0.51,5,0.14
2026_03_MIN_TB,202609270tam,2026,REG,3,SirVocea Dennis,DennSi00,LB,TB,MIN,0,0,27,0.46,32,0.86
2026_03_MIN_TB,202609270tam,2026,REG,3,Anthony Nelson,NelsAn01,LB,TB,MIN,0,0,19,0.32,20,0.54
2026_03_MIN_TB,202609270tam,2026,REG,3,David Walker,WalkDa03,LB,TB,MIN,0,0,19,0.32,13,0.35
2026_03_MIN_TB,202609270tam,2026,REG,3,Elijah Roberts,RobeEl01,DL,TB,MIN,0,0,17,0.29,0,0
2026_03_MIN_TB,202609270tam,2026,REG,3,Elijah Simmons,SimmEl00,DL,TB,MIN,0,0,9,0.15,0,0
2026_03_MIN_TB,202609270tam,2026,REG,3,Benjamin Morrison,MorrBe00,CB,TB,MIN,0,0,1,0.02,10,0.27
2026_03_MIN_TB,202609270tam,2026,REG,3,Kevin Knowles,KnowKe00,CB,TB,MIN,0,0,0,0,28,0.76
2026_03_MIN_TB,202609270tam,2026,REG,3,Miles Killebrew,KillMi00,S,TB,MIN,0,0,0,0,28,0.76
2026_03_MIN_TB,202609270tam,2026,REG,3,Ifeatu Melifonwu,MeliIf00,S,TB,MIN,0,0,0,0,19,0.51
2026_03_MIN_TB,202609270tam,2026,REG,3,Riley Dixon,DixoRi00,P,TB,MIN,0,0,0,0,13,0.35
2026_03_MIN_TB,202609270tam,2026,REG,3,Evan Deckers,DeckEv00,LS,TB,MIN,0,0,0,0,13,0.35
2026_03_MIN_TB,202609270tam,2026,REG,3,Chase McLaughlin,McLaCh00,K,TB,MIN,0,0,0,0,9,0.24
2026_03_MIN_TB,202609270tam,2026,REG,3,Justin Skule,SkulJu00,T,TB,MIN,0,0,0,0,4,0.11
2026_03_MIN_TB,202609270tam,2026,REG,3,Benjamin Chukwuma,ChukBe00,T,TB,MIN,0,0,0,0,4,0.11
2026_03_MIN_TB,202609270tam,2026,REG,3,Blake Brandel,BranBl00,C,MIN,TB,59,1,0,0,5,0.14
2026_03_MIN_TB,202609270tam,2026,REG,3,Donovan Jackson,JackDo03,G,MIN,TB,59,1,0,0,5,0.14
2026_03_MIN_TB,202609270tam,2026,REG,3,Will Fries,FrieWi00,G,MIN,TB,59,1,0,0,5,0.14
2026_03_MIN_TB,202609270tam,2026,REG,3,Kyler Murray,MurrKy00,QB,MIN,TB,59,1,0,0,0,0
2026_03_MIN_TB,202609270tam,2026,REG,3,Christian Darrisaw,DarrCh00,T,MIN,TB,59,1,0,0,0,0
2026_03_MIN_TB,202609270tam,2026,REG,3,Brian O'Neill,ONeiBr00,T,MIN,TB,59,1,0,0,0,0
2026_03_MIN_TB,202609270tam,2026,REG,3,Jordan Addison,AddiJo00,WR,MIN,TB,58,0.98,0,0,0,0
2026_03_MIN_TB,202609270tam,2026,REG,3,T.J. Hockenson,HockTJ00,TE,MIN,TB,50,0.85,0,0,0,0
2026_03_MIN_TB,202609270tam,2026,REG,3,Jauan Jennings,JennJa00,WR,MIN,TB,47,0.8,0,0,0,0
2026_03_MIN_TB,202609270tam,2026,REG,3,Aaron Jones,JoneAa00,RB,MIN,TB,47,0.8,0,0,0,0
2026_03_MIN_TB,202609270tam,2026,REG,3,Tai Felton,FeltTa00,WR,MIN,TB,32,0.54,0,0,14,0.38
2026_03_MIN_TB,202609270tam,2026,REG,3,Josh Oliver,OlivJo00,TE,MIN,TB,24,0.41,0,0,9,0.24
2026_03_MIN_TB,202609270tam,2026,REG,3,Max Bredeson,BredMa00,FB,MIN,TB,10,0.17,0,0,15,0.41
2026_03_MIN_TB,202609270tam,2026,REG,3,DeeJay Dallas,DallDe00,RB,MIN,TB,9,0.15,0,0,25,0.68
2026_03_MIN_TB,202609270tam,2026,REG,3,Justin Jefferson,JeffJu00,WR,MIN,TB,7,0.12,0,0,0,0
2026_03_MIN_TB,202609270tam,2026,REG,3,Gavin Bartholomew,BartGa00,TE,MIN,TB,4,0.07,0,0,21,0.57
2026_03_MIN_TB,202609270tam,2026,REG,3,Myles Price,PricMy00,WR,MIN,TB,4,0.07,0,0,14,0.38
2026_03_MIN_TB,202609270tam,2026,REG,3,Demond Claiborne,ClaiDe00,RB,MIN,TB,3,0.05,0,0,2,0.05
2026_03_MIN_TB,202609270tam,2026,REG,3,Josh Metellus,MeteJo00,S,MIN,TB,0,0,69,1,2,0.05
2026_03_MIN_TB,202609270tam,2026,REG,3,Blake Cashman,CashBl00,LB,MIN,TB,0,0,67,0.97,2,0.05
2026_03_MIN_TB,202609270tam,2026,REG,3,Byron Murphy,MurpBy00,CB,MIN,TB,0,0,67,0.97,0,0
2026_03_MIN_TB,202609270tam,2026,REG,3,Eric Wilson,WilsEr00,LB,MIN,TB,0,0,66,0.96,6,0.16
2026_03_MIN_TB,202609270tam,2026,REG,3,Isaiah Rodgers,RodgIs00,CB,MIN,TB,0,0,65,0.94,4,0.11
2026_03_MIN_TB,202609270tam,2026,REG,3,Dallas Turner,TurnDa01,LB,MIN,TB,0,0,63,0.91,0,0
2026_03_MIN_TB,202609270tam,2026,REG,3,Jalen Redmond,RedmJa01,DL,MIN,TB,0,0,56,0.81,6,0.16
2026_03_MIN_TB,202609270tam,2026,REG,3,Andrew Van Ginkel,VanGAn00,LB,MIN,TB,0,0,54,0.78,0,0
2026_03_MIN_TB,202609270tam,2026,REG,3,Tyrion Ingram-Dawkins,IngrTy00,DL,MIN,TB,0,0,51,0.74,9,0.24
2026_03_MIN_TB,202609270tam,2026,REG,3,Theo Jackson,JackTh00,S,MIN,TB,0,0,49,0.71,6,0.16
2026_03_MIN_TB,202609270tam,2026,REG,3,Harrison Smith,SmitHa00,S,MIN,TB,0,0,31,0.45,0,0
2026_03_MIN_TB,202609270tam,2026,REG,3,James Pierre,PierJa01,CB,MIN,TB,0,0,28,0.41,16,0.43
2026_03_MIN_TB,202609270tam,2026,REG,3,Levi Drake Rodriguez,RodrLe00,DL,MIN,TB,0,0,28,0.41,4,0.11
2026_03_MIN_TB,202609270tam,2026,REG,3,Kyle Van Noy,VanNKy00,LB,MIN,TB,0,0,17,0.25,0,0
2026_03_MIN_TB,202609270tam,2026,REG,3,Ivan Pace,PaceIv00,LB,MIN,TB,0,0,16,0.23,32,0.86
2026_03_MIN_TB,202609270tam,2026,REG,3,Domonique Orange,OranDo00,DL,MIN,TB,0,0,13,0.19,5,0.14
2026_03_MIN_TB,202609270tam,2026,REG,3,Caleb Banks,BankCa01,DL,MIN,TB,0,0,12,0.17,6,0.16
2026_03_MIN_TB,202609270tam,2026,REG,3,Jay Ward,WardJa00,S,MIN,TB,0,0,2,0.03,30,0.81
2026_03_MIN_TB,202609270tam,2026,REG,3,Jake Golday,GoldJa01,LB,MIN,TB,0,0,2,0.03,26,0.7
2026_03_MIN_TB,202609270tam,2026,REG,3,Charles Demmings,DemmCh00,CB,MIN,TB,0,0,2,0.03,10,0.27
2026_03_MIN_TB,202609270tam,2026,REG,3,Jacob Thomas,ThomJa08,S,MIN,TB,0,0,1,0.01,19,0.51
2026_03_MIN_TB,202609270tam,2026,REG,3,Bo Richter,RichBo01,LB,MIN,TB,0,0,0,0,30,0.81
2026_03_MIN_TB,202609270tam,2026,REG,3,Chaz Chambliss,ChamCh01,LB,MIN,TB,0,0,0,0,26,0.7
2026_03_MIN_TB,202609270tam,2026,REG,3,Andrew DePaola,DePaAn00,LS,MIN,TB,0,0,0,0,13,0.35
2026_03_MIN_TB,202609270tam,2026,REG,3,Johnny Hekker,HekkJo00,P,MIN,TB,0,0,0,0,13,0.35
2026_03_MIN_TB,202609270tam,2026,REG,3,Will Reichard,ReicWi00,K,MIN,TB,0,0,0,0,11,0.3
2026_03_MIN_TB,202609270tam,2026,REG,3,Ryan Van Demark,VanDRy00,T,MIN,TB,0,0,0,0,5,0.14
2026_03_MIN_TB,202609270tam,2026,REG,3,Trevor Keegan,KeegTr00,G,MIN,TB,0,0,0,0,5,0.14
2026_03_MIN_TB,202609270tam,2026,REG,3,Joe Huber,HubeJo00,G,MIN,TB,0,0,0,0,5,0.14
2026_03_NE_JAX,202609270jax,2026,REG,3,Anton Harrison,HarrAn00,OL,JAX,NE,62,1,0,0,6,0.26
2026_03_NE_JAX,202609270jax,2026,REG,3,Emmanuel Pregnon,PregEm00,OL,JAX,NE,62,1,0,0,6,0.26
2026_03_NE_JAX,202609270jax,2026,REG,3,Robert Hainsey,HainRo00,OL,JAX,NE,59,0.95,0,0,0,0
2026_03_NE_JAX,202609270jax,2026,REG,3,Trevor Lawrence,LawrTr00,QB,JAX,NE,59,0.95,0,0,0,0
2026_03_NE_JAX,202609270jax,2026,REG,3,Cole Van Lanen,VanxCo00,OL,JAX,NE,59,0.95,0,0,0,0
2026_03_NE_JAX,202609270jax,2026,REG,3,Ezra Cleveland,ClevEz00,OL,JAX,NE,57,0.92,0,0,6,0.26
2026_03_NE_JAX,202609270jax,2026,REG,3,Parker Washington,WashPa01,WR,JAX,NE,50,0.81,0,0,2,0.09
2026_03_NE_JAX,202609270jax,2026,REG,3,Jakobi Meyers,MeyeJa01,WR,JAX,NE,50,0.81,0,0,0,0
2026_03_NE_JAX,202609270jax,2026,REG,3,Brenton Strange,StraBr00,TE,JAX,NE,48,0.77,0,0,0,0
2026_03_NE_JAX,202609270jax,2026,REG,3,Bhayshul Tuten,TuteBh00,RB,JAX,NE,30,0.48,0,0,0,0
2026_03_NE_JAX,202609270jax,2026,REG,3,Nate Boerkircher,BoerNa00,TE,JAX,NE,28,0.45,0,0,1,0.04
2026_03_NE_JAX,202609270jax,2026,REG,3,Josh Cameron,CameJo01,WR,JAX,NE,23,0.37,0,0,13,0.57
2026_03_NE_JAX,202609270jax,2026,REG,3,Brian Thomas,ThomBr06,WR,JAX,NE,23,0.37,0,0,0,0
2026_03_NE_JAX,202609270jax,2026,REG,3,Quintin Morris,MorrQu00,TE,JAX,NE,18,0.29,0,0,18,0.78
2026_03_NE_JAX,202609270jax,2026,REG,3,Chris Rodriguez,RodrCh00,RB,JAX,NE,13,0.21,0,0,3,0.13
2026_03_NE_JAX,202609270jax,2026,REG,3,LeQuint Allen,AlleLe01,RB,JAX,NE,11,0.18,0,0,4,0.17
2026_03_NE_JAX,202609270jax,2026,REG,3,Ameer Abdullah,AbduAm00,RB,JAX,NE,7,0.11,0,0,3,0.13
2026_03_NE_JAX,202609270jax,2026,REG,3,Wyatt Milum,MiluWy00,OL,JAX,NE,6,0.1,0,0,6,0.26
2026_03_NE_JAX,202609270jax,2026,REG,3,Travis Hunter,HuntTr00,WR,JAX,NE,5,0.08,45,0.71,0,0
2026_03_NE_JAX,202609270jax,2026,REG,3,Walker Little,LittWa00,OL,JAX,NE,3,0.05,0,0,6,0.26
2026_03_NE_JAX,202609270jax,2026,REG,3,Jonah Monheim,MonhJo00,OL,JAX,NE,3,0.05,0,0,6,0.26
2026_03_NE_JAX,202609270jax,2026,REG,3,Tanner Koziol,KoziTa00,TE,JAX,NE,3,0.05,0,0,0,0
2026_03_NE_JAX,202609270jax,2026,REG,3,Quinn Ewers,EwerQu00,QB,JAX,NE,3,0.05,0,0,0,0
2026_03_NE_JAX,202609270jax,2026,REG,3,Antonio Johnson,JohnAn07,S,JAX,NE,0,0,54,0.86,2,0.09
2026_03_NE_JAX,202609270jax,2026,REG,3,Eric Murray,MurrEr00,S,JAX,NE,0,0,53,0.84,6,0.26
2026_03_NE_JAX,202609270jax,2026,REG,3,Foyesade Oluokun,OluoFo00,LB,JAX,NE,0,0,53,0.84,4,0.17
2026_03_NE_JAX,202609270jax,2026,REG,3,Ventrell Miller,MillVe00,LB,JAX,NE,0,0,46,0.73,4,0.17
2026_03_NE_JAX,202609270jax,2026,REG,3,Jarrian Jones,JoneJa14,CB,JAX,NE,0,0,46,0.73,3,0.13
2026_03_NE_JAX,202609270jax,2026,REG,3,Travon Walker,WalkTr03,DE,JAX,NE,0,0,42,0.67,4,0.17
2026_03_NE_JAX,202609270jax,2026,REG,3,Jourdan Lewis,LewiJo01,CB,JAX,NE,0,0,40,0.63,1,0.04
2026_03_NE_JAX,202609270jax,2026,REG,3,Josh Hines-Allen,AlleJo03,DE,JAX,NE,0,0,38,0.6,4,0.17
2026_03_NE_JAX,202609270jax,2026,REG,3,Ruke Orhorhoro,OrhoRu00,DT,JAX,NE,0,0,36,0.57,4,0.17
2026_03_NE_JAX,202609270jax,2026,REG,3,Arik Armstead,ArmsAr01,DT,JAX,NE,0,0,36,0.57,1,0.04
2026_03_NE_JAX,202609270jax,2026,REG,3,Montaric Brown,BrowMo00,CB,JAX,NE,0,0,30,0.48,8,0.35
2026_03_NE_JAX,202609270jax,2026,REG,3,DaVon Hamilton,HamiDa02,DT,JAX,NE,0,0,27,0.43,3,0.13
2026_03_NE_JAX,202609270jax,2026,REG,3,Matt Dickerson,DickMa00,DT,JAX,NE,0,0,22,0.35,6,0.26
2026_03_NE_JAX,202609270jax,2026,REG,3,Bryan Thomas Jr.,ThomBr08,DE,JAX,NE,0,0,22,0.35,3,0.13
2026_03_NE_JAX,202609270jax,2026,REG,3,Dennis Gardeck,GardDe01,LB,JAX,NE,0,0,21,0.33,12,0.52
2026_03_NE_JAX,202609270jax,2026,REG,3,Caleb Ransaw,RansCa00,S,JAX,NE,0,0,19,0.3,16,0.7
2026_03_NE_JAX,202609270jax,2026,REG,3,Danny Striggow,StriDa01,DE,JAX,NE,0,0,19,0.3,3,0.13
2026_03_NE_JAX,202609270jax,2026,REG,3,Branson Combs,CombBr00,LB,JAX,NE,0,0,10,0.16,16,0.7
2026_03_NE_JAX,202609270jax,2026,REG,3,Jahlani Tavai,TavaJa00,LB,JAX,NE,0,0,10,0.16,13,0.57
2026_03_NE_JAX,202609270jax,2026,REG,3,Rayuan Lane,LaneRa00,S,JAX,NE,0,0,9,0.14,16,0.7
2026_03_NE_JAX,202609270jax,2026,REG,3,Christian Braswell,BrasCh00,CB,JAX,NE,0,0,9,0.14,4,0.17
2026_03_NE_JAX,202609270jax,2026,REG,3,Cam Little,LittCa00,K,JAX,NE,0,0,0,0,12,0.52
2026_03_NE_JAX,202609270jax,2026,REG,3,Jalen McLeod,McLeJa00,LB,JAX,NE,0,0,0,0,10,0.1
2026_03_NE_JAX,202609270jax,2026,REG,3,Logan Cooke,CookLo00,P,JAX,NE,0,0,0,0,9,0.39
2026_03_NE_JAX,202609270jax,2026,REG,3,Ross Matiscik,MatiRo00,LS,JAX,NE,0,0,0,0,9,0.39
2026_03_NE_JAX,202609270jax,2026,REG,3,Alijah Vera-Tucker,VeraAl00,G,NE,JAX,63,1,0,0,3,0.13
2026_03_NE_JAX,202609270jax,2026,REG,3,Will Campbell,CampWi01,T,NE,JAX,63,1,0,0,3,0.13
2026_03_NE_JAX,202609270jax,2026,REG,3,Jared Wilson,WilsJa02,OL,NE,JAX,51,0.81,0,0,0,0
2026_03_NE_JAX,202609270jax,2026,REG,3,Drake Maye,MayeDr00,QB,NE,JAX,51,0.81,0,0,0,0
2026_03_NE_JAX,202609270jax,2026,REG,3,Mack Hollins,HollMa00,WR,NE,JAX,48,0.76,0,0,7,0.3
2026_03_NE_JAX,202609270jax,2026,REG,3,Romeo Doubs,DoubRo00,WR,NE,JAX,46,0.73,0,0,0,0
2026_03_NE_JAX,202609270jax,2026,REG,3,Hunter Henry,HenrHu00,TE,NE,JAX,44,0.7,0,0,0,0
2026_03_NE_JAX,202609270jax,2026,REG,3,Morgan Moses,MoseMo00,T,NE,JAX,43,0.68,0,0,0,0
2026_03_NE_JAX,202609270jax,2026,REG,3,Walter Rouse,RousWa00,OL,NE,JAX,41,0.65,0,0,3,0.13
2026_03_NE_JAX,202609270jax,2026,REG,3,DeMario Douglas,DougDe00,WR,NE,JAX,37,0.59,0,0,0,0
2026_03_NE_JAX,202609270jax,2026,REG,3,Rhamondre Stevenson,StevRh00,RB,NE,JAX,33,0.52,0,0,0,0
2026_03_NE_JAX,202609270jax,2026,REG,3,Caleb Lomu,LomuCa00,T,NE,JAX,26,0.41,0,0,3,0.13
2026_03_NE_JAX,202609270jax,2026,REG,3,TreVeyon Henderson,HendTr02,RB,NE,JAX,23,0.37,0,0,0,0
2026_03_NE_JAX,202609270jax,2026,REG,3,Kyle Williams,WillKy03,WR,NE,JAX,22,0.35,0,0,6,0.26
2026_03_NE_JAX,202609270jax,2026,REG,3,Greg Van Roten,VanRGr00,OL,NE,JAX,22,0.35,0,0,0,0
2026_03_NE_JAX,202609270jax,2026,REG,3,Efton Chism,ChisEf00,WR,NE,JAX,16,0.25,0,0,4,0.17
2026_03_NE_JAX,202609270jax,2026,REG,3,Tanner Arkin,ArkiTa00,TE,NE,JAX,15,0.24,0,0,9,0.39
2026_03_NE_JAX,202609270jax,2026,REG,3,Ben Brown,BrowBe01,C,NE,JAX,12,0.19,0,0,3,0.13
2026_03_NE_JAX,202609270jax,2026,REG,3,Tommy DeVito,DeViTo00,QB,NE,JAX,12,0.19,0,0,0,0
2026_03_NE_JAX,202609270jax,2026,REG,3,Cameron Latu,LatuCa01,TE,NE,JAX,9,0.14,0,0,17,0.74
2026_03_NE_JAX,202609270jax,2026,REG,3,Reggie Gilliam,GillRe00,FB,NE,JAX,8,0.13,0,0,11,0.48
2026_03_NE_JAX,202609270jax,2026,REG,3,Corey Kiner,KineCo00,RB,NE,JAX,8,0.13,0,0,6,0.26
2026_03_NE_JAX,202609270jax,2026,REG,3,Robert Spillane,SpilRo00,LB,NE,JAX,0,0,59,0.95,6,0.26
2026_03_NE_JAX,202609270jax,2026,REG,3,Kevin Byard,ByarKe01,S,NE,JAX,0,0,59,0.95,0,0
2026_03_NE_JAX,202609270jax,2026,REG,3,Christian Elliss,ElliCh00,LB,NE,JAX,0,0,57,0.92,0,0
2026_03_NE_JAX,202609270jax,2026,REG,3,Carlton Davis,DaviCa02,CB,NE,JAX,0,0,54,0.87,0,0
2026_03_NE_JAX,202609270jax,2026,REG,3,Jaylen Reed,ReedJa04,S,NE,JAX,0,0,52,0.84,12,0.52
2026_03_NE_JAX,202609270jax,2026,REG,3,Christian Gonzalez,GonzCh00,CB,NE,JAX,0,0,52,0.84,0,0
2026_03_NE_JAX,202609270jax,2026,REG,3,Elijah Ponder,PondEl02,LB,NE,JAX,0,0,51,0.82,7,0.3
2026_03_NE_JAX,202609270jax,2026,REG,3,Gabe Jacas,JacaGa00,LB,NE,JAX,0,0,49,0.79,8,0.35
2026_03_NE_JAX,202609270jax,2026,REG,3,Milton Williams,WillMi08,DT,NE,JAX,0,0,41,0.66,6,0.26
2026_03_NE_JAX,202609270jax,2026,REG,3,Marcus Jones,JoneMa06,CB,NE,JAX,0,0,36,0.58,3,0.13
2026_03_NE_JAX,202609270jax,2026,REG,3,Cory Durden,DurdCo00,DT,NE,JAX,0,0,32,0.52,9,0.39
2026_03_NE_JAX,202609270jax,2026,REG,3,Christian Barmore,BarmCh00,DT,NE,JAX,0,0,28,0.45,0,0
2026_03_NE_JAX,202609270jax,2026,REG,3,Joshua Farmer,FarmJo00,DT,NE,JAX,0,0,24,0.39,0,0
2026_03_NE_JAX,202609270jax,2026,REG,3,DaQuan Jones,JoneDa04,DT,NE,JAX,0,0,23,0.37,6,0.26
2026_03_NE_JAX,202609270jax,2026,REG,3,Jeremiah Pharms,PharJe00,DT,NE,JAX,0,0,13,0.21,0,0
2026_03_NE_JAX,202609270jax,2026,REG,3,Mike Brown,BrowMi02,S,NE,JAX,0,0,12,0.19,19,0.83
2026_03_NE_JAX,202609270jax,2026,REG,3,Charles Woods,WoodCh01,CB,NE,JAX,0,0,12,0.19,14,0.61
2026_03_NE_JAX,202609270jax,2026,REG,3,Darius Muasau,MuasDa00,LB,NE,JAX,0,0,8,0.13,14,0.61
2026_03_NE_JAX,202609270jax,2026,REG,3,Jose Ramirez,RamiJo00,LB,NE,JAX,0,0,8,0.13,7,0.3
2026_03_NE_JAX,202609270jax,2026,REG,3,Namdi Obiazor,ObiaNa00,LB,NE,JAX,0,0,3,0.05,20,0.87
2026_03_NE_JAX,202609270jax,2026,REG,3,Karon Prunty,PrunKa00,CB,NE,JAX,0,0,3,0.05,15,0.65
2026_03_NE_JAX,202609270jax,2026,REG,3,Erick Hunter,HuntEr00,LB,NE,JAX,0,0,3,0.05,13,0.57
2026_03_NE_JAX,202609270jax,2026,REG,3,Channing Canada,CanaCh00,CB,NE,JAX,0,0,3,0.05,3,0.13
2026_03_NE_JAX,202609270jax,2026,REG,3,Andres Borregales,BorrAn00,K,NE,JAX,0,0,0,0,6,0.26
2026_03_NE_JAX,202609270jax,2026,REG,3,Mitch Wishnowsky,WishMi00,P,NE,JAX,0,0,0,0,5,0.22
2026_03_NE_JAX,202609270jax,2026,REG,3,Julian Ashby,AshbJu00,LS,NE,JAX,0,0,0,0,5,0.22
2026_03_NYJ_DET,202609270det,2026,REG,3,Tate Ratledge,RatlTa00,OL,DET,NYJ,65,1,0,0,5,0.22
2026_03_NYJ_DET,202609270det,2026,REG,3,Blake Miller,MillBl01,T,DET,NYJ,65,1,0,0,5,0.22
2026_03_NYJ_DET,202609270det,2026,REG,3,Christian Mahogany,MahoCh00,OL,DET,NYJ,65,1,0,0,5,0.22
2026_03_NYJ_DET,202609270det,2026,REG,3,Juice Scruggs,ScruJu00,OL,DET,NYJ,65,1,0,0,5,0.22
2026_03_NYJ_DET,202609270det,2026,REG,3,Penei Sewell,SewePe00,T,DET,NYJ,65,1,0,0,0,0
2026_03_NYJ_DET,202609270det,2026,REG,3,Jared Goff,GoffJa00,QB,DET,NYJ,65,1,0,0,0,0
2026_03_NYJ_DET,202609270det,2026,REG,3,Sam LaPorta,LaPoSa01,TE,DET,NYJ,60,0.92,0,0,0,0
2026_03_NYJ_DET,202609270det,2026,REG,3,Jameson Williams,WillJa11,WR,DET,NYJ,53,0.82,0,0,0,0
2026_03_NYJ_DET,202609270det,2026,REG,3,Amon-Ra St. Brown,StxxAm00,WR,DET,NYJ,48,0.74,0,0,0,0
2026_03_NYJ_DET,202609270det,2026,REG,3,Jahmyr Gibbs,GibbJa01,RB,DET,NYJ,45,0.69,0,0,0,0
2026_03_NYJ_DET,202609270det,2026,REG,3,Brock Wright,WrigBr01,TE,DET,NYJ,38,0.58,0,0,10,0.43
2026_03_NYJ_DET,202609270det,2026,REG,3,Isaac TeSlaa,TeSlIs00,WR,DET,NYJ,31,0.48,0,0,0,0
2026_03_NYJ_DET,202609270det,2026,REG,3,Sione Vaki,VakiSi00,RB,DET,NYJ,20,0.31,0,0,15,0.65
2026_03_NYJ_DET,202609270det,2026,REG,3,Larry Borom,BoroLa00,OL,DET,NYJ,15,0.23,0,0,5,0.22
2026_03_NYJ_DET,202609270det,2026,REG,3,Jackson Meeks,MeekJa00,TE,DET,NYJ,10,0.15,0,0,2,0.09
2026_03_NYJ_DET,202609270det,2026,REG,3,Jacob Saylors,SaylJa00,RB,DET,NYJ,2,0.03,0,0,15,0.65
2026_03_NYJ_DET,202609270det,2026,REG,3,Tay Martin,MartTa00,WR,DET,NYJ,2,0.03,0,0,15,0.65
2026_03_NYJ_DET,202609270det,2026,REG,3,Skyler Gill-Howard,GillSk00,DL,DET,NYJ,1,0.02,33,0.5,2,0.09
2026_03_NYJ_DET,202609270det,2026,REG,3,Jack Campbell,CampJa04,LB,DET,NYJ,0,0,66,1,3,0.13
2026_03_NYJ_DET,202609270det,2026,REG,3,Chuck Clark,ClarCh00,S,DET,NYJ,0,0,66,1,3,0.13
2026_03_NYJ_DET,202609270det,2026,REG,3,Christian Izien,IzieCh00,DB,DET,NYJ,0,0,64,0.97,7,0.3
2026_03_NYJ_DET,202609270det,2026,REG,3,Roger McCreary,McCrRo01,CB,DET,NYJ,0,0,64,0.97,3,0.13
2026_03_NYJ_DET,202609270det,2026,REG,3,Aidan Hutchinson,HutcAi00,DE,DET,NYJ,0,0,64,0.97,1,0.04
2026_03_NYJ_DET,202609270det,2026,REG,3,D.J. Reed,ReedD.00,CB,DET,NYJ,0,0,62,0.94,1,0.04
2026_03_NYJ_DET,202609270det,2026,REG,3,Derrick Barnes,BarnDe02,LB,DET,NYJ,0,0,57,0.86,1,0.04
2026_03_NYJ_DET,202609270det,2026,REG,3,Alim McNeill,McNeAl00,DL,DET,NYJ,0,0,48,0.73,3,0.13
2026_03_NYJ_DET,202609270det,2026,REG,3,D.J. Wonnum,WonnDJ00,DE,DET,NYJ,0,0,44,0.67,3,0.13
2026_03_NYJ_DET,202609270det,2026,REG,3,Trevor Nowaske,NowaTr00,LB,DET,NYJ,0,0,33,0.5,17,0.74
2026_03_NYJ_DET,202609270det,2026,REG,3,Tyleik Williams,WillTy02,DL,DET,NYJ,0,0,30,0.45,3,0.13
2026_03_NYJ_DET,202609270det,2026,REG,3,Ennis Rakestraw,RakeEn00,CB,DET,NYJ,0,0,23,0.35,2,0.09
2026_03_NYJ_DET,202609270det,2026,REG,3,Malcolm Rodriguez,RodrMa00,LB,DET,NYJ,0,0,19,0.29,7,0.3
2026_03_NYJ_DET,202609270det,2026,REG,3,Tyler Lacy,LacyTy00,DL,DET,NYJ,0,0,19,0.29,5,0.22
2026_03_NYJ_DET,202609270det,2026,REG,3,Rock Ya-Sin,Ya-SRo00,CB,DET,NYJ,0,0,13,0.2,13,0.57
2026_03_NYJ_DET,202609270det,2026,REG,3,Levi Onwuzurike,OnwuLe00,DL,DET,NYJ,0,0,11,0.17,0,0
2026_03_NYJ_DET,202609270det,2026,REG,3,Derrick Moore,MoorDe03,DE,DET,NYJ,0,0,9,0.14,0,0
2026_03_NYJ_DET,202609270det,2026,REG,3,Eric O'Neill,ONeiEr00,DE,DET,NYJ,0,0,1,0.02,13,0.57
2026_03_NYJ_DET,202609270det,2026,REG,3,Amen Ogbongbemiga,OgboAm00,LB,DET,NYJ,0,0,0,0,17,0.74
2026_03_NYJ_DET,202609270det,2026,REG,3,Jimmy Rolder,RoldJi00,LB,DET,NYJ,0,0,0,0,15,0.65
2026_03_NYJ_DET,202609270det,2026,REG,3,Khalil Dorsey,DorsKh00,CB,DET,NYJ,0,0,0,0,12,0.52
2026_03_NYJ_DET,202609270det,2026,REG,3,Jake Bates,BateJa00,K,DET,NYJ,0,0,0,0,11,0.48
2026_03_NYJ_DET,202609270det,2026,REG,3,Tom Kennedy,KennTo01,WR,DET,NYJ,0,0,0,0,8,0.35
2026_03_NYJ_DET,202609270det,2026,REG,3,Jack Fox,FoxxJa01,P,DET,NYJ,0,0,0,0,7,0.3
2026_03_NYJ_DET,202609270det,2026,REG,3,Hogan Hatten,HattHo00,LS,DET,NYJ,0,0,0,0,7,0.3
2026_03_NYJ_DET,202609270det,2026,REG,3,Miles Frazier,FrazMi00,OL,DET,NYJ,0,0,0,0,5,0.22
2026_03_NYJ_DET,202609270det,2026,REG,3,Keith Abney,AbneKe00,CB,DET,NYJ,0,0,0,0,2,0.09
2026_03_NYJ_DET,202609270det,2026,REG,3,Armand Membou,MembAr00,T,NYJ,DET,66,1,0,0,2,0.09
2026_03_NYJ_DET,202609270det,2026,REG,3,Olu Fashanu,FashOl00,OL,NYJ,DET,66,1,0,0,2,0.09
2026_03_NYJ_DET,202609270det,2026,REG,3,Joe Tippmann,TippJo00,C,NYJ,DET,66,1,0,0,2,0.09
2026_03_NYJ_DET,202609270det,2026,REG,3,Josh Myers,MyerJo00,C,NYJ,DET,66,1,0,0,1,0.04
2026_03_NYJ_DET,202609270det,2026,REG,3,Geno Smith,SmitGe00,QB,NYJ,DET,66,1,0,0,0,0
2026_03_NYJ_DET,202609270det,2026,REG,3,Garrett Wilson,WilsGa00,WR,NYJ,DET,62,0.94,0,0,0,0
2026_03_NYJ_DET,202609270det,2026,REG,3,Isaiah Williams,WillIs03,WR,NYJ,DET,59,0.89,0,0,8,0.35
2026_03_NYJ_DET,202609270det,2026,REG,3,Dylan Parham,ParhDy00,OL,NYJ,DET,38,0.58,0,0,1,0.04
2026_03_NYJ_DET,202609270det,2026,REG,3,Kenyon Sadiq,SadiKe00,TE,NYJ,DET,38,0.58,0,0,0,0
2026_03_NYJ_DET,202609270det,2026,REG,3,Braelon Allen,AlleBr05,RB,NYJ,DET,34,0.52,0,0,6,0.26
2026_03_NYJ_DET,202609270det,2026,REG,3,Breece Hall,HallBr03,RB,NYJ,DET,32,0.48,0,0,0,0
2026_03_NYJ_DET,202609270det,2026,REG,3,Sterling Shepard,ShepSt00,WR,NYJ,DET,30,0.45,0,0,0,0
2026_03_NYJ_DET,202609270det,2026,REG,3,Jeremy Ruckert,RuckJe00,TE,NYJ,DET,28,0.42,0,0,9,0.39
2026_03_NYJ_DET,202609270det,2026,REG,3,Jordan Meredith,MereJo00,OL,NYJ,DET,28,0.42,0,0,0,0
2026_03_NYJ_DET,202609270det,2026,REG,3,Jelani Woods,WoodJe01,TE,NYJ,DET,25,0.38,0,0,11,0.48
2026_03_NYJ_DET,202609270det,2026,REG,3,Malik McClain,McClMa00,WR,NYJ,DET,18,0.27,0,0,11,0.48
2026_03_NYJ_DET,202609270det,2026,REG,3,Andrew Beck,BeckAn01,FB,NYJ,DET,2,0.03,0,0,16,0.7
2026_03_NYJ_DET,202609270det,2026,REG,3,Max Mitchell,MitcMa02,OL,NYJ,DET,2,0.03,0,0,2,0.09
2026_03_NYJ_DET,202609270det,2026,REG,3,Dane Belton,BeltDa00,S,NYJ,DET,0,0,65,1,10,0.43
2026_03_NYJ_DET,202609270det,2026,REG,3,Andre Cisco,CiscAn00,S,NYJ,DET,0,0,65,1,3,0.13
2026_03_NYJ_DET,202609270det,2026,REG,3,Azareye'h Thomas,ThomAz00,CB,NYJ,DET,0,0,65,1,1,0.04
2026_03_NYJ_DET,202609270det,2026,REG,3,Demario Davis,DaviDe00,LB,NYJ,DET,0,0,65,1,0,0
2026_03_NYJ_DET,202609270det,2026,REG,3,Brandon Stephens,StepBr01,CB,NYJ,DET,0,0,63,0.97,0,0
2026_03_NYJ_DET,202609270det,2026,REG,3,Jamien Sherwood,SherJa00,LB,NYJ,DET,0,0,61,0.94,5,0.22
2026_03_NYJ_DET,202609270det,2026,REG,3,Jowon Briggs,BrigJo00,DL,NYJ,DET,0,0,45,0.69,7,0.3
2026_03_NYJ_DET,202609270det,2026,REG,3,Harrison Phillips,PhilHa00,DL,NYJ,DET,0,0,44,0.68,0,0
2026_03_NYJ_DET,202609270det,2026,REG,3,David Bailey,BailDa02,DE,NYJ,DET,0,0,44,0.68,0,0
2026_03_NYJ_DET,202609270det,2026,REG,3,Kingsley Enagbare,EnagKi00,DE,NYJ,DET,0,0,38,0.58,1,0.04
2026_03_NYJ_DET,202609270det,2026,REG,3,T'Vondre Sweat,SweaTV01,DL,NYJ,DET,0,0,37,0.57,5,0.22
2026_03_NYJ_DET,202609270det,2026,REG,3,Jarvis Brownlee,BrowJa09,DB,NYJ,DET,0,0,34,0.52,1,0.04
2026_03_NYJ_DET,202609270det,2026,REG,3,Joseph Ossai,OssaJo00,DE,NYJ,DET,0,0,28,0.43,0,0
2026_03_NYJ_DET,202609270det,2026,REG,3,Darrell Jackson Jr.,JackDa06,DL,NYJ,DET,0,0,23,0.35,5,0.22
2026_03_NYJ_DET,202609270det,2026,REG,3,Will McDonald,McDoWi00,DE,NYJ,DET,0,0,22,0.34,7,0.3
2026_03_NYJ_DET,202609270det,2026,REG,3,Jack Heflin,HeflJa00,DT,NYJ,DET,0,0,8,0.12,0,0
2026_03_NYJ_DET,202609270det,2026,REG,3,Braiden McGregor,McGrBr00,DE,NYJ,DET,0,0,6,0.09,13,0.57
2026_03_NYJ_DET,202609270det,2026,REG,3,D'Angelo Ponds,PondDA00,CB,NYJ,DET,0,0,2,0.03,2,0.09
2026_03_NYJ_DET,202609270det,2026,REG,3,Malachi Moore,MoorMa04,DB,NYJ,DET,0,0,0,0,21,0.91
2026_03_NYJ_DET,202609270det,2026,REG,3,Troy Reeder,ReedTr01,LB,NYJ,DET,0,0,0,0,21,0.91
2026_03_NYJ_DET,202609270det,2026,REG,3,Qwan'tez Stiggers,StigQw00,CB,NYJ,DET,0,0,0,0,16,0.7
2026_03_NYJ_DET,202609270det,2026,REG,3,Trevin Wallace,WallTr00,LB,NYJ,DET,0,0,0,0,16,0.7
2026_03_NYJ_DET,202609270det,2026,REG,3,Isaiah Davis,DaviIs00,RB,NYJ,DET,0,0,0,0,16,0.7
2026_03_NYJ_DET,202609270det,2026,REG,3,Jordan Clark,ClarJo00,CB,NYJ,DET,0,0,0,0,10,0.43
2026_03_NYJ_DET,202609270det,2026,REG,3,Jason Sanders,SandJa00,K,NYJ,DET,0,0,0,0,7,0.3
2026_03_NYJ_DET,202609270det,2026,REG,3,Austin McNamara,McNaAu00,P,NYJ,DET,0,0,0,0,5,0.22
2026_03_NYJ_DET,202609270det,2026,REG,3,Thomas Hennessy,HennTh00,LS,NYJ,DET,0,0,0,0,5,0.22
2026_03_NYJ_DET,202609270det,2026,REG,3,Jamaal Pritchett,PritJa00,WR,NYJ,DET,0,0,0,0,3,0.13
2026_03_NYJ_DET,202609270det,2026,REG,3,Chukwuma Okorafor,OkorCh00,OL,NYJ,DET,0,0,0,0,2,0.09
2026_03_PHI_CHI,202609280chi,2026,REG,3,Darnell Wright,WrigDa00,OL,CHI,PHI,72,1,0,0,5,0.26
2026_03_PHI_CHI,202609280chi,2026,REG,3,Jonah Jackson,JackJo03,OL,CHI,PHI,72,1,0,0,5,0.26
2026_03_PHI_CHI,202609280chi,2026,REG,3,Joe Thuney,ThunJo00,OL,CHI,PHI,72,1,0,0,5,0.26
2026_03_PHI_CHI,202609280chi,2026,REG,3,Garrett Bradbury,BradGa00,OL,CHI,PHI,72,1,0,0,3,0.16
2026_03_PHI_CHI,202609280chi,2026,REG,3,Case Keenum,KeenCa00,QB,CHI,PHI,72,1,0,0,0,0
2026_03_PHI_CHI,202609280chi,2026,REG,3,Rome Odunze,OdunRo00,WR,CHI,PHI,61,0.85,0,0,0,0
2026_03_PHI_CHI,202609280chi,2026,REG,3,Colston Loveland,LoveCo00,TE,CHI,PHI,57,0.79,0,0,0,0
2026_03_PHI_CHI,202609280chi,2026,REG,3,Kalif Raymond,RaymKa00,WR,CHI,PHI,54,0.75,0,0,4,0.21
2026_03_PHI_CHI,202609280chi,2026,REG,3,D'Andre Swift,SwifDA00,RB,CHI,PHI,50,0.69,0,0,0,0
2026_03_PHI_CHI,202609280chi,2026,REG,3,Luther Burden,BurdLu00,WR,CHI,PHI,44,0.61,0,0,0,0
2026_03_PHI_CHI,202609280chi,2026,REG,3,Cole Kmet,KmetCo00,TE,CHI,PHI,43,0.6,0,0,5,0.26
2026_03_PHI_CHI,202609280chi,2026,REG,3,Theo Benedet,BeneTh00,OL,CHI,PHI,39,0.54,0,0,5,0.26
2026_03_PHI_CHI,202609280chi,2026,REG,3,Braxton Jones,JoneBr08,OL,CHI,PHI,33,0.46,0,0,2,0.11
2026_03_PHI_CHI,202609280chi,2026,REG,3,Kyle Monangai,MonaKy00,RB,CHI,PHI,22,0.31,0,0,0,0
2026_03_PHI_CHI,202609280chi,2026,REG,3,Sam Roush,RousSa00,TE,CHI,PHI,16,0.22,0,0,3,0.16
2026_03_PHI_CHI,202609280chi,2026,REG,3,Zavion Thomas,ThomZa05,WR,CHI,PHI,8,0.11,0,0,1,0.05
2026_03_PHI_CHI,202609280chi,2026,REG,3,Jahdae Walker,WalkJa03,WR,CHI,PHI,4,0.06,0,0,13,0.68
2026_03_PHI_CHI,202609280chi,2026,REG,3,Luke Newman,NewmLu00,OL,CHI,PHI,1,0.01,0,0,5,0.26
2026_03_PHI_CHI,202609280chi,2026,REG,3,Dillon Thieneman,ThieDi00,DB,CHI,PHI,0,0,50,1,7,0.37
2026_03_PHI_CHI,202609280chi,2026,REG,3,Malik Muhammad,MuhaMa00,DB,CHI,PHI,0,0,50,1,1,0.05
2026_03_PHI_CHI,202609280chi,2026,REG,3,T.J. Edwards,EdwaTJ02,LB,CHI,PHI,0,0,50,1,0,0
2026_03_PHI_CHI,202609280chi,2026,REG,3,Jaylon Johnson,JohnJa13,DB,CHI,PHI,0,0,50,1,0,0
2026_03_PHI_CHI,202609280chi,2026,REG,3,Devin Bush Jr.,BushDe01,LB,CHI,PHI,0,0,44,0.88,0,0
2026_03_PHI_CHI,202609280chi,2026,REG,3,Grady Jarrett,JarrGr00,DL,CHI,PHI,0,0,40,0.8,0,0
2026_03_PHI_CHI,202609280chi,2026,REG,3,Montez Sweat,SweaMo00,DL,CHI,PHI,0,0,38,0.76,0,0
2026_03_PHI_CHI,202609280chi,2026,REG,3,Cameron Lewis,LewiCa00,DB,CHI,PHI,0,0,38,0.76,0,0
2026_03_PHI_CHI,202609280chi,2026,REG,3,Xavier Woods,WoodXa00,DB,CHI,PHI,0,0,35,0.7,0,0
2026_03_PHI_CHI,202609280chi,2026,REG,3,Dayo Odeyingbo,OdeyDa00,DL,CHI,PHI,0,0,32,0.64,1,0.05
2026_03_PHI_CHI,202609280chi,2026,REG,3,Austin Booker,BookAu00,DL,CHI,PHI,0,0,30,0.6,5,0.26
2026_03_PHI_CHI,202609280chi,2026,REG,3,D'Marco Jackson,JackDM00,LB,CHI,PHI,0,0,20,0.4,9,0.47
2026_03_PHI_CHI,202609280chi,2026,REG,3,Kentavius Street,StreKe00,DL,CHI,PHI,0,0,18,0.36,1,0.05
2026_03_PHI_CHI,202609280chi,2026,REG,3,James Lynch,LyncJa00,DL,CHI,PHI,0,0,18,0.36,0,0
2026_03_PHI_CHI,202609280chi,2026,REG,3,Neville Gallimore,GallNe00,DL,CHI,PHI,0,0,12,0.24,1,0.05
2026_03_PHI_CHI,202609280chi,2026,REG,3,Elijah Hicks,HickEl00,DB,CHI,PHI,0,0,11,0.22,14,0.74
2026_03_PHI_CHI,202609280chi,2026,REG,3,Jordan van den Berg,vandJo00,DL,CHI,PHI,0,0,10,0.2,1,0.05
2026_03_PHI_CHI,202609280chi,2026,REG,3,Tyrique Stevenson,StevTy01,DB,CHI,PHI,0,0,4,0.08,2,0.11
2026_03_PHI_CHI,202609280chi,2026,REG,3,Jack Sanborn,SanbJa00,LB,CHI,PHI,0,0,0,0,14,0.74
2026_03_PHI_CHI,202609280chi,2026,REG,3,Daniel Hardy,HardDa01,DL,CHI,PHI,0,0,0,0,14,0.74
2026_03_PHI_CHI,202609280chi,2026,REG,3,Josh Blackwell,BlacJo00,DB,CHI,PHI,0,0,0,0,14,0.74
2026_03_PHI_CHI,202609280chi,2026,REG,3,Roschon Johnson,JohnRo07,RB,CHI,PHI,0,0,0,0,13,0.68
2026_03_PHI_CHI,202609280chi,2026,REG,3,Skyler Thomas,ThomSk01,DB,CHI,PHI,0,0,0,0,13,0.68
2026_03_PHI_CHI,202609280chi,2026,REG,3,Cairo Santos,SantCa01,K,CHI,PHI,0,0,0,0,11,0.58
2026_03_PHI_CHI,202609280chi,2026,REG,3,Keyshaun Elliott,ElliKe03,LB,CHI,PHI,0,0,0,0,11,0.58
2026_03_PHI_CHI,202609280chi,2026,REG,3,Tory Taylor,TaylTo01,P,CHI,PHI,0,0,0,0,7,0.37
2026_03_PHI_CHI,202609280chi,2026,REG,3,Scott Daly,DalySc01,LS,CHI,PHI,0,0,0,0,7,0.37
2026_03_PHI_CHI,202609280chi,2026,REG,3,Logan Jones,JoneLo01,OL,CHI,PHI,0,0,0,0,5,0.26
2026_03_PHI_CHI,202609280chi,2026,REG,3,Clark Phillips,PhilCl00,DB,CHI,PHI,0,0,0,0,2,0.11
2026_03_PHI_CHI,202609280chi,2026,REG,3,Drew Kendall,KendDr00,C,PHI,CHI,50,1,0,0,1,0.05
2026_03_PHI_CHI,202609280chi,2026,REG,3,Jordan Mailata,MailJo00,T,PHI,CHI,50,1,0,0,1,0.05
2026_03_PHI_CHI,202609280chi,2026,REG,3,Tyler Steen,SteeTy00,G,PHI,CHI,50,1,0,0,1,0.05
2026_03_PHI_CHI,202609280chi,2026,REG,3,Cam Jurgens,JurgCa01,C,PHI,CHI,50,1,0,0,0,0
2026_03_PHI_CHI,202609280chi,2026,REG,3,Lane Johnson,JohnLa01,T,PHI,CHI,50,1,0,0,0,0
2026_03_PHI_CHI,202609280chi,2026,REG,3,DeVonta Smith,SmitDe07,WR,PHI,CHI,50,1,0,0,0,0
2026_03_PHI_CHI,202609280chi,2026,REG,3,Jalen Hurts,HurtJa00,QB,PHI,CHI,46,0.92,0,0,0,0
2026_03_PHI_CHI,202609280chi,2026,REG,3,Dontayvion Wicks,WickDo00,WR,PHI,CHI,44,0.88,0,0,0,0
2026_03_PHI_CHI,202609280chi,2026,REG,3,Saquon Barkley,BarkSa00,RB,PHI,CHI,36,0.72,0,0,0,0
2026_03_PHI_CHI,202609280chi,2026,REG,3,Makai Lemon,LemoMa00,WR,PHI,CHI,35,0.7,0,0,0,0
2026_03_PHI_CHI,202609280chi,2026,REG,3,Johnny Mundt,MundJo00,TE,PHI,CHI,26,0.52,0,0,10,0.53
2026_03_PHI_CHI,202609280chi,2026,REG,3,Zach Ertz,ErtzZa00,TE,PHI,CHI,19,0.38,0,0,0,0
2026_03_PHI_CHI,202609280chi,2026,REG,3,E.J. Jenkins,JenkEJ00,TE,PHI,CHI,13,0.26,0,0,14,0.74
2026_03_PHI_CHI,202609280chi,2026,REG,3,Will Shipley,ShipWi00,RB,PHI,CHI,13,0.26,0,0,13,0.68
2026_03_PHI_CHI,202609280chi,2026,REG,3,Elijah Moore,MoorEl00,WR,PHI,CHI,6,0.12,0,0,0,0
2026_03_PHI_CHI,202609280chi,2026,REG,3,Darius Cooper,CoopDa01,WR,PHI,CHI,5,0.1,0,0,13,0.68
2026_03_PHI_CHI,202609280chi,2026,REG,3,Andy Dalton,DaltAn00,QB,PHI,CHI,4,0.08,0,0,0,0
2026_03_PHI_CHI,202609280chi,2026,REG,3,Tank Bigsby,BigsTa00,RB,PHI,CHI,2,0.04,0,0,4,0.21
2026_03_PHI_CHI,202609280chi,2026,REG,3,Markel Bell,BellMa02,T,PHI,CHI,1,0.02,0,0,1,0.05
2026_03_PHI_CHI,202609280chi,2026,REG,3,Cooper DeJean,DeJeCo00,DB,PHI,CHI,0,0,72,1,0,0
2026_03_PHI_CHI,202609280chi,2026,REG,3,Andrew Mukuba,MukuAn00,S,PHI,CHI,0,0,72,1,0,0
2026_03_PHI_CHI,202609280chi,2026,REG,3,Quinyon Mitchell,MitcQu00,CB,PHI,CHI,0,0,72,1,0,0
2026_03_PHI_CHI,202609280chi,2026,REG,3,Riq Woolen,WoolTa00,CB,PHI,CHI,0,0,71,0.99,5,0.26
2026_03_PHI_CHI,202609280chi,2026,REG,3,Jihaad Campbell,CampJi00,LB,PHI,CHI,0,0,70,0.97,0,0
2026_03_PHI_CHI,202609280chi,2026,REG,3,Zack Baun,BaunZa00,LB,PHI,CHI,0,0,66,0.92,0,0
2026_03_PHI_CHI,202609280chi,2026,REG,3,Jalyx Hunt,HuntJa02,LB,PHI,CHI,0,0,53,0.74,5,0.26
2026_03_PHI_CHI,202609280chi,2026,REG,3,Jalen Carter,CartJa05,DT,PHI,CHI,0,0,51,0.71,5,0.26
2026_03_PHI_CHI,202609280chi,2026,REG,3,Nolan Smith,SmitNo02,LB,PHI,CHI,0,0,44,0.61,0,0
2026_03_PHI_CHI,202609280chi,2026,REG,3,Jordan Davis,DaviJo03,DT,PHI,CHI,0,0,42,0.58,6,0.32
2026_03_PHI_CHI,202609280chi,2026,REG,3,Moro Ojomo,OjomMo00,DT,PHI,CHI,0,0,39,0.54,5,0.26
2026_03_PHI_CHI,202609280chi,2026,REG,3,Arnold Ebiketie,EbikAr00,LB,PHI,CHI,0,0,29,0.4,3,0.16
2026_03_PHI_CHI,202609280chi,2026,REG,3,Byron Young,YounBy00,DT,PHI,CHI,0,0,28,0.39,5,0.26
2026_03_PHI_CHI,202609280chi,2026,REG,3,Marcus Epps,EppsMa00,S,PHI,CHI,0,0,27,0.38,5,0.26
2026_03_PHI_CHI,202609280chi,2026,REG,3,Michael Carter II,CartMi02,DB,PHI,CHI,0,0,20,0.28,14,0.74
2026_03_PHI_CHI,202609280chi,2026,REG,3,Jonathan Greenard,GreeJo04,LB,PHI,CHI,0,0,18,0.25,0,0
2026_03_PHI_CHI,202609280chi,2026,REG,3,Ty Robinson,RobiTy02,DT,PHI,CHI,0,0,12,0.17,9,0.47
2026_03_PHI_CHI,202609280chi,2026,REG,3,Jeremiah Trotter Jr.,TrotJe01,LB,PHI,CHI,0,0,6,0.08,18,0.95
2026_03_PHI_CHI,202609280chi,2026,REG,3,Kelee Ringo,RingKe00,CB,PHI,CHI,0,0,0,0,18,0.95
2026_03_PHI_CHI,202609280chi,2026,REG,3,Smael Mondon,MondSm01,LB,PHI,CHI,0,0,0,0,13,0.68
2026_03_PHI_CHI,202609280chi,2026,REG,3,Chance Campbell,CampCh02,LB,PHI,CHI,0,0,0,0,11,0.58
2026_03_PHI_CHI,202609280chi,2026,REG,3,Britain Covey,CoveBr00,WR,PHI,CHI,0,0,0,0,8,0.42
2026_03_PHI_CHI,202609280chi,2026,REG,3,Willie Lampkin,LampWi00,C,PHI,CHI,0,0,0,0,6,0.32
2026_03_PHI_CHI,202609280chi,2026,REG,3,Rocco Underwood,UndeRo00,LS,PHI,CHI,0,0,0,0,5,0.26
2026_03_PHI_CHI,202609280chi,2026,REG,3,Braden Mann,MannBr01,P,PHI,CHI,0,0,0,0,5,0.26
2026_03_PHI_CHI,202609280chi,2026,REG,3,Jake Elliott,ElliJa03,K,PHI,CHI,0,0,0,0,2,0.11
2026_03_PHI_CHI,202609280chi,2026,REG,3,Jonathan Jones,JoneJo03,CB,PHI,CHI,0,0,0,0,2,0.11
2026_03_PHI_CHI,202609280chi,2026,REG,3,Micah Morris,MorrMi02,G,PHI,CHI,0,0,0,0,1,0.05
2026_03_SEA_WAS,202609270was,2026,REG,3,Nick Allegretti,AlleNi00,C,WAS,SEA,69,1,0,0,6,0.18
2026_03_SEA_WAS,202609270was,2026,REG,3,Chris Paul,PaulCh00,G,WAS,SEA,69,1,0,0,6,0.18
2026_03_SEA_WAS,202609270was,2026,REG,3,Josh Conerly,ConeJo00,T,WAS,SEA,69,1,0,0,6,0.18
2026_03_SEA_WAS,202609270was,2026,REG,3,Brandon Coleman,ColeBr02,T,WAS,SEA,69,1,0,0,6,0.18
2026_03_SEA_WAS,202609270was,2026,REG,3,Marcus Mariota,MariMa01,QB,WAS,SEA,69,1,0,0,0,0
2026_03_SEA_WAS,202609270was,2026,REG,3,Lucas Patrick,PatrLu00,G,WAS,SEA,65,0.94,0,0,2,0.06
2026_03_SEA_WAS,202609270was,2026,REG,3,Terry McLaurin,McLaTe00,WR,WAS,SEA,52,0.75,0,0,0,0
2026_03_SEA_WAS,202609270was,2026,REG,3,Stefon Diggs,DiggSt00,WR,WAS,SEA,41,0.59,0,0,0,0
2026_03_SEA_WAS,202609270was,2026,REG,3,Jacory Croskey-Merritt,CrosJa00,RB,WAS,SEA,39,0.57,0,0,0,0
2026_03_SEA_WAS,202609270was,2026,REG,3,John Bates,BateJo00,TE,WAS,SEA,37,0.54,0,0,19,0.56
2026_03_SEA_WAS,202609270was,2026,REG,3,Ben Sinnott,SinnBe00,TE,WAS,SEA,34,0.49,0,0,12,0.35
2026_03_SEA_WAS,202609270was,2026,REG,3,Colson Yankoff,YankCo00,TE,WAS,SEA,32,0.46,0,0,29,0.85
2026_03_SEA_WAS,202609270was,2026,REG,3,Rachaad White,WhitRa01,RB,WAS,SEA,30,0.43,0,0,5,0.15
2026_03_SEA_WAS,202609270was,2026,REG,3,Antonio Williams,WillAn04,WR,WAS,SEA,28,0.41,0,0,0,0
2026_03_SEA_WAS,202609270was,2026,REG,3,Treylon Burks,BurkTr00,WR,WAS,SEA,25,0.36,0,0,9,0.26
2026_03_SEA_WAS,202609270was,2026,REG,3,Dyami Brown,BrowDy00,WR,WAS,SEA,21,0.3,0,0,5,0.15
2026_03_SEA_WAS,202609270was,2026,REG,3,Jaylin Lane,LaneJa00,WR,WAS,SEA,5,0.07,0,0,5,0.15
2026_03_SEA_WAS,202609270was,2026,REG,3,Matt Gulbin,GulbMa00,C,WAS,SEA,4,0.06,0,0,4,0.12
2026_03_SEA_WAS,202609270was,2026,REG,3,Andrew Wylie,WyliAn00,T,WAS,SEA,1,0.01,0,0,6,0.18
2026_03_SEA_WAS,202609270was,2026,REG,3,Sonny Styles,StylSo01,LB,WAS,SEA,0,0,67,1,6,0.18
2026_03_SEA_WAS,202609270was,2026,REG,3,Amik Robertson,RobeAm00,CB,WAS,SEA,0,0,65,0.97,0,0
2026_03_SEA_WAS,202609270was,2026,REG,3,Jeremy Reaves,ReavJe00,S,WAS,SEA,0,0,63,0.94,16,0.47
2026_03_SEA_WAS,202609270was,2026,REG,3,Quan Martin,MartJa04,S,WAS,SEA,0,0,58,0.87,11,0.32
2026_03_SEA_WAS,202609270was,2026,REG,3,Daron Payne,PaynDa00,DT,WAS,SEA,0,0,48,0.72,6,0.18
2026_03_SEA_WAS,202609270was,2026,REG,3,Charles Omenihu,OmenCh00,DE,WAS,SEA,0,0,47,0.7,5,0.15
2026_03_SEA_WAS,202609270was,2026,REG,3,K'Lavon Chaisson,ChaiKL00,LB,WAS,SEA,0,0,45,0.67,5,0.15
2026_03_SEA_WAS,202609270was,2026,REG,3,Rasul Douglas,DougRa00,CB,WAS,SEA,0,0,45,0.67,0,0
2026_03_SEA_WAS,202609270was,2026,REG,3,Kain Medrano,MedrKa00,LB,WAS,SEA,0,0,44,0.66,24,0.71
2026_03_SEA_WAS,202609270was,2026,REG,3,Odafe Oweh,OwehJa00,LB,WAS,SEA,0,0,43,0.64,0,0
2026_03_SEA_WAS,202609270was,2026,REG,3,Javon Kinlaw,KinlJa00,DT,WAS,SEA,0,0,40,0.6,0,0
2026_03_SEA_WAS,202609270was,2026,REG,3,Dorance Armstrong Jr.,ArmsDo00,LB,WAS,SEA,0,0,33,0.49,0,0
2026_03_SEA_WAS,202609270was,2026,REG,3,Mike Sainristil,SainMi00,CB,WAS,SEA,0,0,26,0.39,7,0.21
2026_03_SEA_WAS,202609270was,2026,REG,3,Tim Settle,SettTi00,DT,WAS,SEA,0,0,24,0.36,6,0.18
2026_03_SEA_WAS,202609270was,2026,REG,3,Shy Tuttle,TuttSh00,DT,WAS,SEA,0,0,23,0.34,0,0
2026_03_SEA_WAS,202609270was,2026,REG,3,Fabian Moreau,MoreFa00,CB,WAS,SEA,0,0,20,0.3,1,0.03
2026_03_SEA_WAS,202609270was,2026,REG,3,Leo Chenal,ChenLe00,LB,WAS,SEA,0,0,16,0.24,4,0.12
2026_03_SEA_WAS,202609270was,2026,REG,3,Joshua Josephs,JoseJo00,LB,WAS,SEA,0,0,15,0.22,8,0.24
2026_03_SEA_WAS,202609270was,2026,REG,3,Percy Butler,ButlPe00,S,WAS,SEA,0,0,13,0.19,21,0.62
2026_03_SEA_WAS,202609270was,2026,REG,3,Ale Kaho,KahoAl00,LB,WAS,SEA,0,0,2,0.03,28,0.82
2026_03_SEA_WAS,202609270was,2026,REG,3,Tyler Owens,OwenTy00,S,WAS,SEA,0,0,0,0,27,0.79
2026_03_SEA_WAS,202609270was,2026,REG,3,Tress Way,WayxTr00,P,WAS,SEA,0,0,0,0,16,0.47
2026_03_SEA_WAS,202609270was,2026,REG,3,Kaytron Allen,AlleKa01,RB,WAS,SEA,0,0,0,0,15,0.44
2026_03_SEA_WAS,202609270was,2026,REG,3,Luke McCaffrey,McCaLu00,WR,WAS,SEA,0,0,0,0,15,0.44
2026_03_SEA_WAS,202609270was,2026,REG,3,Tyler Ott,OttxTy00,LS,WAS,SEA,0,0,0,0,13,0.38
2026_03_SEA_WAS,202609270was,2026,REG,3,Drew Stevens,StevDr00,K,WAS,SEA,0,0,0,0,12,0.35
2026_03_SEA_WAS,202609270was,2026,REG,3,Isaac Yiadom,YiadIs00,CB,WAS,SEA,0,0,0,0,11,0.32
2026_03_SEA_WAS,202609270was,2026,REG,3,Grey Zabel,ZabeGr00,G,SEA,WAS,67,1,0,0,5,0.15
2026_03_SEA_WAS,202609270was,2026,REG,3,Charles Cross,CrosCh00,T,SEA,WAS,67,1,0,0,5,0.15
2026_03_SEA_WAS,202609270was,2026,REG,3,Jalen Sundell,SundJa00,C,SEA,WAS,67,1,0,0,5,0.15
2026_03_SEA_WAS,202609270was,2026,REG,3,Abraham Lucas,LucaAb00,T,SEA,WAS,67,1,0,0,5,0.15
2026_03_SEA_WAS,202609270was,2026,REG,3,Sam Darnold,DarnSa00,QB,SEA,WAS,67,1,0,0,0,0
2026_03_SEA_WAS,202609270was,2026,REG,3,AJ Barner,BarnAJ00,TE,SEA,WAS,61,0.91,0,0,0,0
2026_03_SEA_WAS,202609270was,2026,REG,3,Jaxon Smith-Njigba,SmitJa06,WR,SEA,WAS,58,0.87,0,0,0,0
2026_03_SEA_WAS,202609270was,2026,REG,3,Cooper Kupp,KuppCo00,WR,SEA,WAS,45,0.67,0,0,0,0
2026_03_SEA_WAS,202609270was,2026,REG,3,Christian Haynes,HaynCh00,G,SEA,WAS,40,0.6,0,0,5,0.15
2026_03_SEA_WAS,202609270was,2026,REG,3,Rashid Shaheed,ShahRa00,WR,SEA,WAS,31,0.46,0,0,12,0.35
2026_03_SEA_WAS,202609270was,2026,REG,3,Beau Stephens,StepBe00,G,SEA,WAS,27,0.4,0,0,5,0.15
2026_03_SEA_WAS,202609270was,2026,REG,3,George Holani,HolaGe00,RB,SEA,WAS,24,0.36,0,0,7,0.21
2026_03_SEA_WAS,202609270was,2026,REG,3,Emanuel Wilson,WilsEm00,RB,SEA,WAS,24,0.36,0,0,0,0
2026_03_SEA_WAS,202609270was,2026,REG,3,Jadarian Price,PricJa02,RB,SEA,WAS,19,0.28,0,0,0,0
2026_03_SEA_WAS,202609270was,2026,REG,3,Eric Saubert,SaubEr00,TE,SEA,WAS,18,0.27,0,0,17,0.5
2026_03_SEA_WAS,202609270was,2026,REG,3,Elijah Arroyo,ArroEl00,TE,SEA,WAS,18,0.27,0,0,12,0.35
2026_03_SEA_WAS,202609270was,2026,REG,3,Tory Horton,HortTo00,WR,SEA,WAS,15,0.22,0,0,2,0.06
2026_03_SEA_WAS,202609270was,2026,REG,3,Brady Russell,RussBr00,FB,SEA,WAS,12,0.18,0,0,28,0.82
2026_03_SEA_WAS,202609270was,2026,REG,3,Nick Kallerup,KallNi00,TE,SEA,WAS,7,0.1,0,0,5,0.15
2026_03_SEA_WAS,202609270was,2026,REG,3,Josh Jones,JoneJo07,G,SEA,WAS,2,0.03,0,0,0,0
2026_03_SEA_WAS,202609270was,2026,REG,3,Olusegun Oluwatimi,OluwOl00,C,SEA,WAS,1,0.01,0,0,0,0
2026_03_SEA_WAS,202609270was,2026,REG,3,AJ Finley,FinlAJ00,S,SEA,WAS,0,0,69,1,6,0.18
2026_03_SEA_WAS,202609270was,2026,REG,3,Rodney Thomas II,ThomRo07,S,SEA,WAS,0,0,69,1,6,0.18
2026_03_SEA_WAS,202609270was,2026,REG,3,Devon Witherspoon,WithDe00,CB,SEA,WAS,0,0,69,1,6,0.18
2026_03_SEA_WAS,202609270was,2026,REG,3,Ernest Jones,JoneEr01,LB,SEA,WAS,0,0,69,1,6,0.18
2026_03_SEA_WAS,202609270was,2026,REG,3,Josh Jobe,JobeJo00,CB,SEA,WAS,0,0,69,1,0,0
2026_03_SEA_WAS,202609270was,2026,REG,3,Drake Thomas,ThomDr00,LB,SEA,WAS,0,0,57,0.83,4,0.12
2026_03_SEA_WAS,202609270was,2026,REG,3,Leonard Williams,WillLe02,DT,SEA,WAS,0,0,56,0.81,6,0.18
2026_03_SEA_WAS,202609270was,2026,REG,3,Byron Murphy,MurpBy01,DE,SEA,WAS,0,0,48,0.7,6,0.18
2026_03_SEA_WAS,202609270was,2026,REG,3,DeMarcus Lawrence,LawrDe00,LB,SEA,WAS,0,0,45,0.65,6,0.18
2026_03_SEA_WAS,202609270was,2026,REG,3,Nehemiah Pritchett,PritNe00,CB,SEA,WAS,0,0,36,0.52,20,0.59
2026_03_SEA_WAS,202609270was,2026,REG,3,Uchenna Nwosu,NwosUc00,LB,SEA,WAS,0,0,36,0.52,0,0
2026_03_SEA_WAS,202609270was,2026,REG,3,Nick Emmanwori,EmmaNi00,S,SEA,WAS,0,0,36,0.52,0,0
2026_03_SEA_WAS,202609270was,2026,REG,3,Jarran Reed,ReedJa02,DE,SEA,WAS,0,0,35,0.51,6,0.18
2026_03_SEA_WAS,202609270was,2026,REG,3,Derick Hall,HallDe04,LB,SEA,WAS,0,0,35,0.51,6,0.18
2026_03_SEA_WAS,202609270was,2026,REG,3,Rylie Mills,MillRy02,DT,SEA,WAS,0,0,15,0.22,1,0.03
2026_03_SEA_WAS,202609270was,2026,REG,3,Dante Fowler,FowlDa00,LB,SEA,WAS,0,0,12,0.17,6,0.18
2026_03_SEA_WAS,202609270was,2026,REG,3,Mike Morris,MorrMi00,DE,SEA,WAS,0,0,2,0.03,24,0.71
2026_03_SEA_WAS,202609270was,2026,REG,3,Patrick O'Connell,OConPa01,LB,SEA,WAS,0,0,0,0,23,0.68
2026_03_SEA_WAS,202609270was,2026,REG,3,Chazz Surratt,SurrCh00,LB,SEA,WAS,0,0,0,0,23,0.68
2026_03_SEA_WAS,202609270was,2026,REG,3,Tyrice Knight,KnigTy00,LB,SEA,WAS,0,0,0,0,23,0.68
2026_03_SEA_WAS,202609270was,2026,REG,3,Velus Jones Jr.,JoneVe00,RB,SEA,WAS,0,0,0,0,22,0.65
2026_03_SEA_WAS,202609270was,2026,REG,3,Maxen Hook,HookMa01,S,SEA,WAS,0,0,0,0,18,0.53
2026_03_SEA_WAS,202609270was,2026,REG,3,Julian Neal,NealJu00,CB,SEA,WAS,0,0,0,0,14,0.41
2026_03_SEA_WAS,202609270was,2026,REG,3,Jason Myers,MyerJa00,K,SEA,WAS,0,0,0,0,11,0.32
2026_03_SEA_WAS,202609270was,2026,REG,3,Chris Stoll,StolCh00,LS,SEA,WAS,0,0,0,0,9,0.26
2026_03_SEA_WAS,202609270was,2026,REG,3,Michael Dickson,DickMi00,P,SEA,WAS,0,0,0,0,9,0.26
2026_03_TEN_NYG,202609270nyg,2026,REG,3,Francis Mauigoa,MauiFr01,OL,NYG,TEN,64,1,0,0,4,0.17
2026_03_TEN_NYG,202609270nyg,2026,REG,3,Jon Runyan Jr.,RunyJo00,G,NYG,TEN,64,1,0,0,4,0.17
2026_03_TEN_NYG,202609270nyg,2026,REG,3,Jermaine Eluemunor,ElueJe00,OL,NYG,TEN,64,1,0,0,4,0.17
2026_03_TEN_NYG,202609270nyg,2026,REG,3,John Michael Schmitz,MichJo00,C,NYG,TEN,64,1,0,0,0,0
2026_03_TEN_NYG,202609270nyg,2026,REG,3,Andrew Thomas,ThomAn02,T,NYG,TEN,64,1,0,0,0,0
2026_03_TEN_NYG,202609270nyg,2026,REG,3,Jameis Winston,WinsJa00,QB,NYG,TEN,64,1,0,0,0,0
2026_03_TEN_NYG,202609270nyg,2026,REG,3,Isaiah Likely,LikeIs00,TE,NYG,TEN,54,0.84,0,0,0,0
2026_03_TEN_NYG,202609270nyg,2026,REG,3,Malik Nabers,NabeMa00,WR,NYG,TEN,50,0.78,0,0,0,0
2026_03_TEN_NYG,202609270nyg,2026,REG,3,Cam Skattebo,SkatCa00,RB,NYG,TEN,49,0.77,0,0,0,0
2026_03_TEN_NYG,202609270nyg,2026,REG,3,Malachi Fields,FielMa00,WR,NYG,TEN,44,0.69,0,0,3,0.13
2026_03_TEN_NYG,202609270nyg,2026,REG,3,Patrick Ricard,RicaPa00,FB,NYG,TEN,30,0.47,0,0,0,0
2026_03_TEN_NYG,202609270nyg,2026,REG,3,Chris Manhertz,ManhCh00,TE,NYG,TEN,28,0.44,0,0,6,0.26
2026_03_TEN_NYG,202609270nyg,2026,REG,3,Darnell Mooney,MoonDa00,WR,NYG,TEN,28,0.44,0,0,0,0
2026_03_TEN_NYG,202609270nyg,2026,REG,3,Najee Harris,HarrNa00,RB,NYG,TEN,14,0.22,0,0,0,0
2026_03_TEN_NYG,202609270nyg,2026,REG,3,Theo Johnson,JohnTh00,TE,NYG,TEN,11,0.17,0,0,9,0.39
2026_03_TEN_NYG,202609270nyg,2026,REG,3,Odell Beckham Jr.,BeckOd00,WR,NYG,TEN,6,0.09,0,0,0,0
2026_03_TEN_NYG,202609270nyg,2026,REG,3,Braxton Berrios,BerrBr00,WR,NYG,TEN,5,0.08,0,0,7,0.3
2026_03_TEN_NYG,202609270nyg,2026,REG,3,Tyrone Tracy Jr.,TracTy00,RB,NYG,TEN,1,0.02,0,0,16,0.7
2026_03_TEN_NYG,202609270nyg,2026,REG,3,Arvell Reese,ReesAr00,LB,NYG,TEN,0,0,60,1,6,0.26
2026_03_TEN_NYG,202609270nyg,2026,REG,3,Greg Newsome II,NewsGr00,CB,NYG,TEN,0,0,60,1,2,0.09
2026_03_TEN_NYG,202609270nyg,2026,REG,3,Jevon Holland,HollJe02,S,NYG,TEN,0,0,60,1,2,0.09
2026_03_TEN_NYG,202609270nyg,2026,REG,3,Tremaine Edmunds,EdmuTr01,LB,NYG,TEN,0,0,60,1,0,0
2026_03_TEN_NYG,202609270nyg,2026,REG,3,Abdul Carter,CartAb00,LB,NYG,TEN,0,0,58,0.97,1,0.04
2026_03_TEN_NYG,202609270nyg,2026,REG,3,Colton Hood,HoodCo00,CB,NYG,TEN,0,0,57,0.95,0,0
2026_03_TEN_NYG,202609270nyg,2026,REG,3,Andru Phillips,PhilAn02,CB,NYG,TEN,0,0,49,0.82,0,0
2026_03_TEN_NYG,202609270nyg,2026,REG,3,Jason Pinnock,PinnJa01,S,NYG,TEN,0,0,45,0.75,2,0.09
2026_03_TEN_NYG,202609270nyg,2026,REG,3,Kayvon Thibodeaux,ThibKa00,LB,NYG,TEN,0,0,40,0.67,2,0.09
2026_03_TEN_NYG,202609270nyg,2026,REG,3,Chauncey Golston,GolsCh00,DL,NYG,TEN,0,0,35,0.58,13,0.57
2026_03_TEN_NYG,202609270nyg,2026,REG,3,D.J. Reader,ReadD.00,DL,NYG,TEN,0,0,30,0.5,1,0.04
2026_03_TEN_NYG,202609270nyg,2026,REG,3,Shelby Harris,HarrSh00,DL,NYG,TEN,0,0,26,0.43,3,0.13
2026_03_TEN_NYG,202609270nyg,2026,REG,3,Brian Burns,BurnBr00,LB,NYG,TEN,0,0,25,0.42,0,0
2026_03_TEN_NYG,202609270nyg,2026,REG,3,Darius Alexander,AlexDa01,DL,NYG,TEN,0,0,23,0.38,0,0
2026_03_TEN_NYG,202609270nyg,2026,REG,3,Ar'Darius Washington,WashAr00,S,NYG,TEN,0,0,16,0.27,7,0.3
2026_03_TEN_NYG,202609270nyg,2026,REG,3,CJ Okoye,OkoyCJ00,DL,NYG,TEN,0,0,13,0.22,3,0.13
2026_03_TEN_NYG,202609270nyg,2026,REG,3,Nic Jones,JoneNi00,CB,NYG,TEN,0,0,3,0.05,19,0.83
2026_03_TEN_NYG,202609270nyg,2026,REG,3,Malik Harrison,HarrMa06,LB,NYG,TEN,0,0,0,0,19,0.83
2026_03_TEN_NYG,202609270nyg,2026,REG,3,Elijah Campbell,CampEl00,DB,NYG,TEN,0,0,0,0,19,0.83
2026_03_TEN_NYG,202609270nyg,2026,REG,3,Jack Kelly,KellJa00,LB,NYG,TEN,0,0,0,0,18,0.78
2026_03_TEN_NYG,202609270nyg,2026,REG,3,Zaire Barnes,BarnZa00,LB,NYG,TEN,0,0,0,0,17,0.74
2026_03_TEN_NYG,202609270nyg,2026,REG,3,Micah McFadden,McFaMi01,LB,NYG,TEN,0,0,0,0,16,0.7
2026_03_TEN_NYG,202609270nyg,2026,REG,3,Jordan Stout,StouJo00,P,NYG,TEN,0,0,0,0,10,0.43
2026_03_TEN_NYG,202609270nyg,2026,REG,3,Ben Mann,MannBe00,LS,NYG,TEN,0,0,0,0,10,0.43
2026_03_TEN_NYG,202609270nyg,2026,REG,3,Nikko Reed,ReedNi00,CB,NYG,TEN,0,0,0,0,9,0.39
2026_03_TEN_NYG,202609270nyg,2026,REG,3,Dominic Zvada,ZvadDo00,K,NYG,TEN,0,0,0,0,8,0.35
2026_03_TEN_NYG,202609270nyg,2026,REG,3,Aaron Stinnie,StinAa00,OL,NYG,TEN,0,0,0,0,4,0.17
2026_03_TEN_NYG,202609270nyg,2026,REG,3,Marcus Mbow,MbowMa00,OL,NYG,TEN,0,0,0,0,4,0.17
2026_03_TEN_NYG,202609270nyg,2026,REG,3,Bryan Hudson,HudsBr00,C,NYG,TEN,0,0,0,0,4,0.17
2026_03_TEN_NYG,202609270nyg,2026,REG,3,Peter Skoronski,SkorPe00,G,TEN,NYG,60,1,0,0,2,0.09
2026_03_TEN_NYG,202609270nyg,2026,REG,3,Dan Moore,MoorDa05,T,TEN,NYG,60,1,0,0,2,0.09
2026_03_TEN_NYG,202609270nyg,2026,REG,3,JC Latham,LathJC00,T,TEN,NYG,60,1,0,0,2,0.09
2026_03_TEN_NYG,202609270nyg,2026,REG,3,Cam Ward,WardCa00,QB,TEN,NYG,60,1,0,0,0,0
2026_03_TEN_NYG,202609270nyg,2026,REG,3,Austin Schlottmann,SchlAu00,C,TEN,NYG,60,1,0,0,0,0
2026_03_TEN_NYG,202609270nyg,2026,REG,3,Jackson Slater,SlatJa01,G,TEN,NYG,59,0.98,0,0,2,0.09
2026_03_TEN_NYG,202609270nyg,2026,REG,3,Carnell Tate,TateCa00,WR,TEN,NYG,53,0.88,0,0,0,0
2026_03_TEN_NYG,202609270nyg,2026,REG,3,Gunnar Helm,HelmGu00,TE,TEN,NYG,49,0.82,0,0,4,0.17
2026_03_TEN_NYG,202609270nyg,2026,REG,3,Elic Ayomanor,AyomEl00,WR,TEN,NYG,48,0.8,0,0,2,0.09
2026_03_TEN_NYG,202609270nyg,2026,REG,3,Wan'Dale Robinson,RobiWa01,WR,TEN,NYG,38,0.63,0,0,0,0
2026_03_TEN_NYG,202609270nyg,2026,REG,3,Tony Pollard,PollTo00,RB,TEN,NYG,32,0.53,0,0,0,0
2026_03_TEN_NYG,202609270nyg,2026,REG,3,Tyjae Spears,SpeaTy00,RB,TEN,NYG,28,0.47,0,0,0,0
2026_03_TEN_NYG,202609270nyg,2026,REG,3,Daniel Bellinger,BellDa00,TE,TEN,NYG,24,0.4,0,0,2,0.09
2026_03_TEN_NYG,202609270nyg,2026,REG,3,Calvin Ridley,RidlCa00,WR,TEN,NYG,20,0.33,0,0,0,0
2026_03_TEN_NYG,202609270nyg,2026,REG,3,Chimere Dike,DikeCh00,WR,TEN,NYG,6,0.1,0,0,10,0.43
2026_03_TEN_NYG,202609270nyg,2026,REG,3,David Martin-Robinson,MartDa01,TE,TEN,NYG,2,0.03,0,0,18,0.78
2026_03_TEN_NYG,202609270nyg,2026,REG,3,Fernando Carmona,CarmFe00,G,TEN,NYG,1,0.02,0,0,0,0
2026_03_TEN_NYG,202609270nyg,2026,REG,3,Kevin Winston,WinsKe02,S,TEN,NYG,0,0,64,1,0,0
2026_03_TEN_NYG,202609270nyg,2026,REG,3,Amani Hooker,HookAm00,S,TEN,NYG,0,0,64,1,0,0
2026_03_TEN_NYG,202609270nyg,2026,REG,3,Anthony Hill,HillAn01,LB,TEN,NYG,0,0,64,1,0,0
2026_03_TEN_NYG,202609270nyg,2026,REG,3,Cordale Flott,FlotCo00,CB,TEN,NYG,0,0,64,1,0,0
2026_03_TEN_NYG,202609270nyg,2026,REG,3,Jeffery Simmons,SimmJe01,DT,TEN,NYG,0,0,63,0.98,5,0.22
2026_03_TEN_NYG,202609270nyg,2026,REG,3,Alontae Taylor,TaylAl01,CB,TEN,NYG,0,0,63,0.98,0,0
2026_03_TEN_NYG,202609270nyg,2026,REG,3,Cody Barton,BartCo00,LB,TEN,NYG,0,0,44,0.69,0,0
2026_03_TEN_NYG,202609270nyg,2026,REG,3,Jermaine Johnson II,JohnJe07,DE,TEN,NYG,0,0,42,0.66,5,0.22
2026_03_TEN_NYG,202609270nyg,2026,REG,3,Jacob Martin,MartJa02,DE,TEN,NYG,0,0,38,0.59,5,0.22
2026_03_TEN_NYG,202609270nyg,2026,REG,3,Marcus Harris,HarrMa10,CB,TEN,NYG,0,0,34,0.53,0,0
2026_03_TEN_NYG,202609270nyg,2026,REG,3,John Franklin-Myers,FranJo02,DL,TEN,NYG,0,0,34,0.53,0,0
2026_03_TEN_NYG,202609270nyg,2026,REG,3,Cedric Gray,GrayCe00,LB,TEN,NYG,0,0,30,0.47,14,0.61
2026_03_TEN_NYG,202609270nyg,2026,REG,3,Keldric Faulk,FaulKe01,DE,TEN,NYG,0,0,24,0.38,0,0
2026_03_TEN_NYG,202609270nyg,2026,REG,3,Jordan Elliott,ElliJo02,DL,TEN,NYG,0,0,22,0.34,4,0.17
2026_03_TEN_NYG,202609270nyg,2026,REG,3,Nazir Stackhouse,StacNa00,DT,TEN,NYG,0,0,14,0.22,1,0.04
2026_03_TEN_NYG,202609270nyg,2026,REG,3,Solomon Thomas,ThomSo00,DT,TEN,NYG,0,0,14,0.22,0,0
2026_03_TEN_NYG,202609270nyg,2026,REG,3,Tony Adams,AdamTo03,S,TEN,NYG,0,0,12,0.19,11,0.48
2026_03_TEN_NYG,202609270nyg,2026,REG,3,Oluwafemi Oladejo,OladOl00,DE,TEN,NYG,0,0,11,0.17,13,0.57
2026_03_TEN_NYG,202609270nyg,2026,REG,3,Truman Jones,JoneTr01,DE,TEN,NYG,0,0,2,0.03,21,0.91
2026_03_TEN_NYG,202609270nyg,2026,REG,3,Micah Robinson,RobiMi01,CB,TEN,NYG,0,0,1,0.02,21,0.91
2026_03_TEN_NYG,202609270nyg,2026,REG,3,Terrell Burgess,BurgTe00,S,TEN,NYG,0,0,0,0,21,0.91
2026_03_TEN_NYG,202609270nyg,2026,REG,3,James Williams,WillJa15,LB,TEN,NYG,0,0,0,0,21,0.91
2026_03_TEN_NYG,202609270nyg,2026,REG,3,Erick Hallett,HallEr00,S,TEN,NYG,0,0,0,0,19,0.83
2026_03_TEN_NYG,202609270nyg,2026,REG,3,Julius Chestnut,ChesJu00,RB,TEN,NYG,0,0,0,0,16,0.7
2026_03_TEN_NYG,202609270nyg,2026,REG,3,Nicholas Singleton,SingNi01,RB,TEN,NYG,0,0,0,0,10,0.43
2026_03_TEN_NYG,202609270nyg,2026,REG,3,Morgan Cox,CoxxMo00,LS,TEN,NYG,0,0,0,0,7,0.3
2026_03_TEN_NYG,202609270nyg,2026,REG,3,Tommy Townsend,TownTo01,P,TEN,NYG,0,0,0,0,7,0.3
2026_03_TEN_NYG,202609270nyg,2026,REG,3,Joey Slye,SlyeJo00,K,TEN,NYG,0,0,0,0,4,0.17
2026_03_TEN_NYG,202609270nyg,2026,REG,3,Pat Coogan,CoogPa01,C,TEN,NYG,0,0,0,0,2,0.09
2026_03_TEN_NYG,202609270nyg,2026,REG,3,James Hudson,HudsJa00,T,TEN,NYG,0,0,0,0,2,0.09
